Copyright 1986-2018 Xilinx, Inc. All Rights Reserved.
---------------------------------------------------------------------------------------------------------
| Tool Version              : Vivado v.2018.3 (lin64) Build 2405991 Thu Dec  6 23:36:41 MST 2018
| Date                      : Tue Jan 20 04:11:39 2026
| Host                      : christodoulos-zerdalis-IdeaPad-3-15IIL05 running 64-bit Ubuntu 24.04.3 LTS
| Command                   : report_io -file fft_top_io_placed.rpt
| Design                    : fft_top
| Device                    : xc7a200t
| Speed File                : -2
| Package                   : fbg676
| Package Version           : FINAL 2012-06-20
| Package Pin Delay Version : FINAL VERS. 2.0 2012-06-20
---------------------------------------------------------------------------------------------------------

IO Information

Table of Contents
-----------------
1. Summary
2. IO Assignments by Package Pin

1. Summary
----------

+---------------+
| Total User IO |
+---------------+
|           260 |
+---------------+


2. IO Assignments by Package Pin
--------------------------------

+------------+-------------------+------------+------------------------------+---------------+-------------+---------+------------+------+---------------------+----------------------+---------+------------+-----------+----------+------+------------------+--------------+-------------------+--------------+
| Pin Number | Signal Name       | Bank Type  | Pin Name                     | Use           | IO Standard | IO Bank | Drive (mA) | Slew | On-Chip Termination | Off-Chip Termination | Voltage | Constraint | Pull Type | DQS Bias | Vref | Signal Integrity | Pre Emphasis | Lvds Pre Emphasis | Equalization |
+------------+-------------------+------------+------------------------------+---------------+-------------+---------+------------+------+---------------------+----------------------+---------+------------+-----------+----------+------+------------------+--------------+-------------------+--------------+
| A1         |                   | High Range | VCCO_35                      | VCCO          |             |      35 |            |      |                     |                      |    1.80 |            |           |          |      |                  |              |                   |              |
| A2         | output_real_0[7]  | High Range | IO_L20N_T3_35                | OUTPUT        | LVCMOS18*   |      35 |         12 | SLOW |                     |            FP_VTT_50 |         | UNFIXED    |           |          |      | NONE             |              |                   |              |
| A3         | output_real_0[8]  | High Range | IO_L20P_T3_35                | OUTPUT        | LVCMOS18*   |      35 |         12 | SLOW |                     |            FP_VTT_50 |         | UNFIXED    |           |          |      | NONE             |              |                   |              |
| A4         | output_real_0[15] | High Range | IO_L16N_T2_35                | OUTPUT        | LVCMOS18*   |      35 |         12 | SLOW |                     |            FP_VTT_50 |         | UNFIXED    |           |          |      | NONE             |              |                   |              |
| A5         | output_real_1[1]  | High Range | IO_L15N_T2_DQS_35            | OUTPUT        | LVCMOS18*   |      35 |         12 | SLOW |                     |            FP_VTT_50 |         | UNFIXED    |           |          |      | NONE             |              |                   |              |
| A6         |                   |            | GND                          | GND           |             |         |            |      |                     |                      |     0.0 |            |           |          |      |                  |              |                   |              |
| A7         |                   |            | MGTPTXN0_216                 | Gigabit       |             |         |            |      |                     |                      |         |            |           |          |      |                  |              |                   |              |
| A8         |                   |            | GND                          | GND           |             |         |            |      |                     |                      |     0.0 |            |           |          |      |                  |              |                   |              |
| A9         |                   |            | MGTPTXN2_216                 | Gigabit       |             |         |            |      |                     |                      |         |            |           |          |      |                  |              |                   |              |
| A10        |                   |            | GND                          | GND           |             |         |            |      |                     |                      |     0.0 |            |           |          |      |                  |              |                   |              |
| A11        |                   |            | MGTPRXN0_216                 | Gigabit       |             |         |            |      |                     |                      |         |            |           |          |      |                  |              |                   |              |
| A12        |                   |            | GND                          | GND           |             |         |            |      |                     |                      |     0.0 |            |           |          |      |                  |              |                   |              |
| A13        |                   |            | MGTPRXN2_216                 | Gigabit       |             |         |            |      |                     |                      |         |            |           |          |      |                  |              |                   |              |
| A14        |                   |            | GND                          | GND           |             |         |            |      |                     |                      |     0.0 |            |           |          |      |                  |              |                   |              |
| A15        |                   |            | MGTRREF_216                  | Gigabit       |             |         |            |      |                     |                      |         |            |           |          |      |                  |              |                   |              |
| A16        |                   |            | GND                          | GND           |             |         |            |      |                     |                      |     0.0 |            |           |          |      |                  |              |                   |              |
| A17        |                   | High Range | IO_L9P_T1_DQS_16             | User IO       |             |      16 |            |      |                     |                      |         |            |           |          |      |                  |              |                   |              |
| A18        |                   | High Range | IO_L9N_T1_DQS_16             | User IO       |             |      16 |            |      |                     |                      |         |            |           |          |      |                  |              |                   |              |
| A19        |                   | High Range | IO_L10N_T1_16                | User IO       |             |      16 |            |      |                     |                      |         |            |           |          |      |                  |              |                   |              |
| A20        |                   | High Range | IO_L15N_T2_DQS_16            | User IO       |             |      16 |            |      |                     |                      |         |            |           |          |      |                  |              |                   |              |
| A21        |                   | High Range | VCCO_16                      | VCCO          |             |      16 |            |      |                     |                      |    3.30 |            |           |          |      |                  |              |                   |              |
| A22        |                   | High Range | IO_L17N_T2_16                | User IO       |             |      16 |            |      |                     |                      |         |            |           |          |      |                  |              |                   |              |
| A23        |                   | High Range | IO_L21P_T3_DQS_16            | User IO       |             |      16 |            |      |                     |                      |         |            |           |          |      |                  |              |                   |              |
| A24        |                   | High Range | IO_L21N_T3_DQS_16            | User IO       |             |      16 |            |      |                     |                      |         |            |           |          |      |                  |              |                   |              |
| A25        |                   | High Range | IO_L20N_T3_16                | User IO       |             |      16 |            |      |                     |                      |         |            |           |          |      |                  |              |                   |              |
| A26        |                   |            | GND                          | GND           |             |         |            |      |                     |                      |     0.0 |            |           |          |      |                  |              |                   |              |
| AA1        |                   | High Range | VCCO_33                      | VCCO          |             |      33 |            |      |                     |                      |    1.80 |            |           |          |      |                  |              |                   |              |
| AA2        |                   | High Range | IO_L12N_T1_MRCC_33           | User IO       |             |      33 |            |      |                     |                      |         |            |           |          |      |                  |              |                   |              |
| AA3        |                   | High Range | IO_L12P_T1_MRCC_33           | User IO       |             |      33 |            |      |                     |                      |         |            |           |          |      |                  |              |                   |              |
| AA4        |                   | High Range | IO_L13P_T2_MRCC_33           | User IO       |             |      33 |            |      |                     |                      |         |            |           |          |      |                  |              |                   |              |
| AA5        | output_real_3[8]  | High Range | IO_L22P_T3_33                | OUTPUT        | LVCMOS18*   |      33 |         12 | SLOW |                     |            FP_VTT_50 |         | UNFIXED    |           |          |      | NONE             |              |                   |              |
| AA6        |                   |            | GND                          | GND           |             |         |            |      |                     |                      |     0.0 |            |           |          |      |                  |              |                   |              |
| AA7        |                   | High Range | IO_L19N_T3_VREF_33           | User IO       |             |      33 |            |      |                     |                      |         |            |           |          |      |                  |              |                   |              |
| AA8        | output_real_3[5]  | High Range | IO_L23N_T3_33                | OUTPUT        | LVCMOS18*   |      33 |         12 | SLOW |                     |            FP_VTT_50 |         | UNFIXED    |           |          |      | NONE             |              |                   |              |
| AA9        |                   |            | GND                          | GND           |             |         |            |      |                     |                      |     0.0 |            |           |          |      |                  |              |                   |              |
| AA10       |                   |            | MGTAVCC_G10                  | Gigabit Power |             |         |            |      |                     |                      |         |            |           |          |      |                  |              |                   |              |
| AA11       |                   |            | MGTREFCLK1P_213              | Gigabit       |             |         |            |      |                     |                      |         |            |           |          |      |                  |              |                   |              |
| AA12       |                   |            | MGTAVCC_G10                  | Gigabit Power |             |         |            |      |                     |                      |         |            |           |          |      |                  |              |                   |              |
| AA13       |                   |            | MGTREFCLK0P_213              | Gigabit       |             |         |            |      |                     |                      |         |            |           |          |      |                  |              |                   |              |
| AA14       |                   |            | GND                          | GND           |             |         |            |      |                     |                      |     0.0 |            |           |          |      |                  |              |                   |              |
| AA15       |                   | High Range | IO_L23N_T3_12                | User IO       |             |      12 |            |      |                     |                      |         |            |           |          |      |                  |              |                   |              |
| AA16       |                   |            | GND                          | GND           |             |         |            |      |                     |                      |     0.0 |            |           |          |      |                  |              |                   |              |
| AA17       |                   | High Range | IO_L19P_T3_12                | User IO       |             |      12 |            |      |                     |                      |         |            |           |          |      |                  |              |                   |              |
| AA18       |                   | High Range | IO_L17N_T2_12                | User IO       |             |      12 |            |      |                     |                      |         |            |           |          |      |                  |              |                   |              |
| AA19       |                   | High Range | IO_L13P_T2_MRCC_12           | User IO       |             |      12 |            |      |                     |                      |         |            |           |          |      |                  |              |                   |              |
| AA20       |                   | High Range | IO_L12P_T1_MRCC_12           | User IO       |             |      12 |            |      |                     |                      |         |            |           |          |      |                  |              |                   |              |
| AA21       |                   | High Range | VCCO_12                      | VCCO          |             |      12 |            |      |                     |                      |   any** |            |           |          |      |                  |              |                   |              |
| AA22       | input_real_1[0]   | High Range | IO_L8P_T1_13                 | INPUT         | LVCMOS18*   |      13 |            |      |                     |                 NONE |         | UNFIXED    |           |          |      | NONE             |              |                   |              |
| AA23       | input_real_0[15]  | High Range | IO_L8N_T1_13                 | INPUT         | LVCMOS18*   |      13 |            |      |                     |                 NONE |         | UNFIXED    |           |          |      | NONE             |              |                   |              |
| AA24       | input_real_1[2]   | High Range | IO_L7P_T1_13                 | INPUT         | LVCMOS18*   |      13 |            |      |                     |                 NONE |         | UNFIXED    |           |          |      | NONE             |              |                   |              |
| AA25       | input_real_1[5]   | High Range | IO_L5N_T0_13                 | INPUT         | LVCMOS18*   |      13 |            |      |                     |                 NONE |         | UNFIXED    |           |          |      | NONE             |              |                   |              |
| AA26       |                   |            | GND                          | GND           |             |         |            |      |                     |                      |     0.0 |            |           |          |      |                  |              |                   |              |
| AB1        |                   | High Range | IO_L7P_T1_33                 | User IO       |             |      33 |            |      |                     |                      |         |            |           |          |      |                  |              |                   |              |
| AB2        |                   | High Range | IO_L11P_T1_SRCC_33           | User IO       |             |      33 |            |      |                     |                      |         |            |           |          |      |                  |              |                   |              |
| AB3        |                   |            | GND                          | GND           |             |         |            |      |                     |                      |     0.0 |            |           |          |      |                  |              |                   |              |
| AB4        |                   | High Range | IO_L13N_T2_MRCC_33           | User IO       |             |      33 |            |      |                     |                      |         |            |           |          |      |                  |              |                   |              |
| AB5        | output_real_3[7]  | High Range | IO_L22N_T3_33                | OUTPUT        | LVCMOS18*   |      33 |         12 | SLOW |                     |            FP_VTT_50 |         | UNFIXED    |           |          |      | NONE             |              |                   |              |
| AB6        | output_real_3[3]  | High Range | IO_L24P_T3_33                | OUTPUT        | LVCMOS18*   |      33 |         12 | SLOW |                     |            FP_VTT_50 |         | UNFIXED    |           |          |      | NONE             |              |                   |              |
| AB7        |                   | Dedicated  | M0_0                         | Config        |             |       0 |            |      |                     |                      |         |            |           |          |      |                  |              |                   |              |
| AB8        |                   |            | GND                          | GND           |             |         |            |      |                     |                      |     0.0 |            |           |          |      |                  |              |                   |              |
| AB9        |                   |            | GND                          | GND           |             |         |            |      |                     |                      |     0.0 |            |           |          |      |                  |              |                   |              |
| AB10       |                   |            | GND                          | GND           |             |         |            |      |                     |                      |     0.0 |            |           |          |      |                  |              |                   |              |
| AB11       |                   |            | MGTREFCLK1N_213              | Gigabit       |             |         |            |      |                     |                      |         |            |           |          |      |                  |              |                   |              |
| AB12       |                   |            | GND                          | GND           |             |         |            |      |                     |                      |     0.0 |            |           |          |      |                  |              |                   |              |
| AB13       |                   |            | MGTREFCLK0N_213              | Gigabit       |             |         |            |      |                     |                      |         |            |           |          |      |                  |              |                   |              |
| AB14       |                   |            | GND                          | GND           |             |         |            |      |                     |                      |     0.0 |            |           |          |      |                  |              |                   |              |
| AB15       |                   | Dedicated  | CFGBVS_0                     | Config        |             |       0 |            |      |                     |                      |         |            |           |          |      |                  |              |                   |              |
| AB16       |                   | High Range | IO_L22P_T3_12                | User IO       |             |      12 |            |      |                     |                      |         |            |           |          |      |                  |              |                   |              |
| AB17       |                   | High Range | IO_L19N_T3_VREF_12           | User IO       |             |      12 |            |      |                     |                      |         |            |           |          |      |                  |              |                   |              |
| AB18       |                   | High Range | VCCO_12                      | VCCO          |             |      12 |            |      |                     |                      |   any** |            |           |          |      |                  |              |                   |              |
| AB19       |                   | High Range | IO_L13N_T2_MRCC_12           | User IO       |             |      12 |            |      |                     |                      |         |            |           |          |      |                  |              |                   |              |
| AB20       |                   | High Range | IO_L12N_T1_MRCC_12           | User IO       |             |      12 |            |      |                     |                      |         |            |           |          |      |                  |              |                   |              |
| AB21       |                   | High Range | IO_L11P_T1_SRCC_12           | User IO       |             |      12 |            |      |                     |                      |         |            |           |          |      |                  |              |                   |              |
| AB22       |                   | High Range | IO_0_12                      | User IO       |             |      12 |            |      |                     |                      |         |            |           |          |      |                  |              |                   |              |
| AB23       |                   |            | GND                          | GND           |             |         |            |      |                     |                      |     0.0 |            |           |          |      |                  |              |                   |              |
| AB24       | input_real_0[14]  | High Range | IO_L9P_T1_DQS_13             | INPUT         | LVCMOS18*   |      13 |            |      |                     |                 NONE |         | UNFIXED    |           |          |      | NONE             |              |                   |              |
| AB25       | input_real_1[1]   | High Range | IO_L7N_T1_13                 | INPUT         | LVCMOS18*   |      13 |            |      |                     |                 NONE |         | UNFIXED    |           |          |      | NONE             |              |                   |              |
| AB26       | input_real_1[10]  | High Range | IO_L3P_T0_DQS_13             | INPUT         | LVCMOS18*   |      13 |            |      |                     |                 NONE |         | UNFIXED    |           |          |      | NONE             |              |                   |              |
| AC1        |                   | High Range | IO_L7N_T1_33                 | User IO       |             |      33 |            |      |                     |                      |         |            |           |          |      |                  |              |                   |              |
| AC2        |                   | High Range | IO_L11N_T1_SRCC_33           | User IO       |             |      33 |            |      |                     |                      |         |            |           |          |      |                  |              |                   |              |
| AC3        |                   | High Range | IO_L14P_T2_SRCC_33           | User IO       |             |      33 |            |      |                     |                      |         |            |           |          |      |                  |              |                   |              |
| AC4        |                   | High Range | IO_L18P_T2_33                | User IO       |             |      33 |            |      |                     |                      |         |            |           |          |      |                  |              |                   |              |
| AC5        |                   | High Range | VCCO_33                      | VCCO          |             |      33 |            |      |                     |                      |    1.80 |            |           |          |      |                  |              |                   |              |
| AC6        | output_real_3[2]  | High Range | IO_L24N_T3_33                | OUTPUT        | LVCMOS18*   |      33 |         12 | SLOW |                     |            FP_VTT_50 |         | UNFIXED    |           |          |      | NONE             |              |                   |              |
| AC7        |                   |            | GND                          | GND           |             |         |            |      |                     |                      |     0.0 |            |           |          |      |                  |              |                   |              |
| AC8        |                   |            | MGTPTXP2_213                 | Gigabit       |             |         |            |      |                     |                      |         |            |           |          |      |                  |              |                   |              |
| AC9        |                   |            | MGTAVCC_G10                  | Gigabit Power |             |         |            |      |                     |                      |         |            |           |          |      |                  |              |                   |              |
| AC10       |                   |            | MGTPTXP0_213                 | Gigabit       |             |         |            |      |                     |                      |         |            |           |          |      |                  |              |                   |              |
| AC11       |                   |            | MGTAVCC_G10                  | Gigabit Power |             |         |            |      |                     |                      |         |            |           |          |      |                  |              |                   |              |
| AC12       |                   |            | MGTPRXP0_213                 | Gigabit       |             |         |            |      |                     |                      |         |            |           |          |      |                  |              |                   |              |
| AC13       |                   |            | MGTAVCC_G10                  | Gigabit Power |             |         |            |      |                     |                      |         |            |           |          |      |                  |              |                   |              |
| AC14       |                   |            | MGTPRXP2_213                 | Gigabit       |             |         |            |      |                     |                      |         |            |           |          |      |                  |              |                   |              |
| AC15       |                   |            | GND                          | GND           |             |         |            |      |                     |                      |     0.0 |            |           |          |      |                  |              |                   |              |
| AC16       |                   | High Range | IO_L22N_T3_12                | User IO       |             |      12 |            |      |                     |                      |         |            |           |          |      |                  |              |                   |              |
| AC17       |                   | High Range | IO_L20P_T3_12                | User IO       |             |      12 |            |      |                     |                      |         |            |           |          |      |                  |              |                   |              |
| AC18       |                   | High Range | IO_L15P_T2_DQS_12            | User IO       |             |      12 |            |      |                     |                      |         |            |           |          |      |                  |              |                   |              |
| AC19       |                   | High Range | IO_L14P_T2_SRCC_12           | User IO       |             |      12 |            |      |                     |                      |         |            |           |          |      |                  |              |                   |              |
| AC20       |                   |            | GND                          | GND           |             |         |            |      |                     |                      |     0.0 |            |           |          |      |                  |              |                   |              |
| AC21       |                   | High Range | IO_L11N_T1_SRCC_12           | User IO       |             |      12 |            |      |                     |                      |         |            |           |          |      |                  |              |                   |              |
| AC22       |                   | High Range | IO_L2P_T0_12                 | User IO       |             |      12 |            |      |                     |                      |         |            |           |          |      |                  |              |                   |              |
| AC23       |                   | High Range | IO_L2N_T0_12                 | User IO       |             |      12 |            |      |                     |                      |         |            |           |          |      |                  |              |                   |              |
| AC24       | input_real_0[13]  | High Range | IO_L9N_T1_DQS_13             | INPUT         | LVCMOS18*   |      13 |            |      |                     |                 NONE |         | UNFIXED    |           |          |      | NONE             |              |                   |              |
| AC25       |                   | High Range | VCCO_13                      | VCCO          |             |      13 |            |      |                     |                      |    1.80 |            |           |          |      |                  |              |                   |              |
| AC26       | input_real_1[9]   | High Range | IO_L3N_T0_DQS_13             | INPUT         | LVCMOS18*   |      13 |            |      |                     |                 NONE |         | UNFIXED    |           |          |      | NONE             |              |                   |              |
| AD1        |                   | High Range | IO_L9P_T1_DQS_33             | User IO       |             |      33 |            |      |                     |                      |         |            |           |          |      |                  |              |                   |              |
| AD2        |                   | High Range | VCCO_33                      | VCCO          |             |      33 |            |      |                     |                      |    1.80 |            |           |          |      |                  |              |                   |              |
| AD3        |                   | High Range | IO_L14N_T2_SRCC_33           | User IO       |             |      33 |            |      |                     |                      |         |            |           |          |      |                  |              |                   |              |
| AD4        |                   | High Range | IO_L18N_T2_33                | User IO       |             |      33 |            |      |                     |                      |         |            |           |          |      |                  |              |                   |              |
| AD5        |                   | High Range | IO_L15P_T2_DQS_33            | User IO       |             |      33 |            |      |                     |                      |         |            |           |          |      |                  |              |                   |              |
| AD6        |                   |            | GND                          | GND           |             |         |            |      |                     |                      |     0.0 |            |           |          |      |                  |              |                   |              |
| AD7        |                   |            | MGTAVTT_G10                  | Gigabit Power |             |         |            |      |                     |                      |         |            |           |          |      |                  |              |                   |              |
| AD8        |                   |            | MGTPTXN2_213                 | Gigabit       |             |         |            |      |                     |                      |         |            |           |          |      |                  |              |                   |              |
| AD9        |                   |            | GND                          | GND           |             |         |            |      |                     |                      |     0.0 |            |           |          |      |                  |              |                   |              |
| AD10       |                   |            | MGTPTXN0_213                 | Gigabit       |             |         |            |      |                     |                      |         |            |           |          |      |                  |              |                   |              |
| AD11       |                   |            | GND                          | GND           |             |         |            |      |                     |                      |     0.0 |            |           |          |      |                  |              |                   |              |
| AD12       |                   |            | MGTPRXN0_213                 | Gigabit       |             |         |            |      |                     |                      |         |            |           |          |      |                  |              |                   |              |
| AD13       |                   |            | GND                          | GND           |             |         |            |      |                     |                      |     0.0 |            |           |          |      |                  |              |                   |              |
| AD14       |                   |            | MGTPRXN2_213                 | Gigabit       |             |         |            |      |                     |                      |         |            |           |          |      |                  |              |                   |              |
| AD15       |                   |            | MGTAVTT_G10                  | Gigabit Power |             |         |            |      |                     |                      |         |            |           |          |      |                  |              |                   |              |
| AD16       |                   |            | GND                          | GND           |             |         |            |      |                     |                      |     0.0 |            |           |          |      |                  |              |                   |              |
| AD17       |                   | High Range | IO_L20N_T3_12                | User IO       |             |      12 |            |      |                     |                      |         |            |           |          |      |                  |              |                   |              |
| AD18       |                   | High Range | IO_L15N_T2_DQS_12            | User IO       |             |      12 |            |      |                     |                      |         |            |           |          |      |                  |              |                   |              |
| AD19       |                   | High Range | IO_L14N_T2_SRCC_12           | User IO       |             |      12 |            |      |                     |                      |         |            |           |          |      |                  |              |                   |              |
| AD20       |                   | High Range | IO_L10P_T1_12                | User IO       |             |      12 |            |      |                     |                      |         |            |           |          |      |                  |              |                   |              |
| AD21       |                   | High Range | IO_L7P_T1_12                 | User IO       |             |      12 |            |      |                     |                      |         |            |           |          |      |                  |              |                   |              |
| AD22       |                   | High Range | VCCO_12                      | VCCO          |             |      12 |            |      |                     |                      |   any** |            |           |          |      |                  |              |                   |              |
| AD23       |                   | High Range | IO_L6P_T0_12                 | User IO       |             |      12 |            |      |                     |                      |         |            |           |          |      |                  |              |                   |              |
| AD24       |                   | High Range | IO_L6N_T0_VREF_12            | User IO       |             |      12 |            |      |                     |                      |         |            |           |          |      |                  |              |                   |              |
| AD25       |                   | High Range | IO_L4P_T0_12                 | User IO       |             |      12 |            |      |                     |                      |         |            |           |          |      |                  |              |                   |              |
| AD26       |                   | High Range | IO_L4N_T0_12                 | User IO       |             |      12 |            |      |                     |                      |         |            |           |          |      |                  |              |                   |              |
| AE1        |                   | High Range | IO_L9N_T1_DQS_33             | User IO       |             |      33 |            |      |                     |                      |         |            |           |          |      |                  |              |                   |              |
| AE2        |                   | High Range | IO_L10P_T1_33                | User IO       |             |      33 |            |      |                     |                      |         |            |           |          |      |                  |              |                   |              |
| AE3        |                   | High Range | IO_L16P_T2_33                | User IO       |             |      33 |            |      |                     |                      |         |            |           |          |      |                  |              |                   |              |
| AE4        |                   |            | GND                          | GND           |             |         |            |      |                     |                      |     0.0 |            |           |          |      |                  |              |                   |              |
| AE5        |                   | High Range | IO_L15N_T2_DQS_33            | User IO       |             |      33 |            |      |                     |                      |         |            |           |          |      |                  |              |                   |              |
| AE6        |                   |            | GND                          | GND           |             |         |            |      |                     |                      |     0.0 |            |           |          |      |                  |              |                   |              |
| AE7        |                   |            | MGTPTXP3_213                 | Gigabit       |             |         |            |      |                     |                      |         |            |           |          |      |                  |              |                   |              |
| AE8        |                   |            | MGTAVTT_G10                  | Gigabit Power |             |         |            |      |                     |                      |         |            |           |          |      |                  |              |                   |              |
| AE9        |                   |            | MGTPTXP1_213                 | Gigabit       |             |         |            |      |                     |                      |         |            |           |          |      |                  |              |                   |              |
| AE10       |                   |            | MGTAVTT_G10                  | Gigabit Power |             |         |            |      |                     |                      |         |            |           |          |      |                  |              |                   |              |
| AE11       |                   |            | MGTPRXP3_213                 | Gigabit       |             |         |            |      |                     |                      |         |            |           |          |      |                  |              |                   |              |
| AE12       |                   |            | MGTAVTT_G10                  | Gigabit Power |             |         |            |      |                     |                      |         |            |           |          |      |                  |              |                   |              |
| AE13       |                   |            | MGTPRXP1_213                 | Gigabit       |             |         |            |      |                     |                      |         |            |           |          |      |                  |              |                   |              |
| AE14       |                   |            | MGTAVTT_G10                  | Gigabit Power |             |         |            |      |                     |                      |         |            |           |          |      |                  |              |                   |              |
| AE15       |                   |            | GND                          | GND           |             |         |            |      |                     |                      |     0.0 |            |           |          |      |                  |              |                   |              |
| AE16       |                   | Dedicated  | PROGRAM_B_0                  | Config        |             |       0 |            |      |                     |                      |         |            |           |          |      |                  |              |                   |              |
| AE17       |                   | High Range | IO_L18P_T2_12                | User IO       |             |      12 |            |      |                     |                      |         |            |           |          |      |                  |              |                   |              |
| AE18       |                   | High Range | IO_L16P_T2_12                | User IO       |             |      12 |            |      |                     |                      |         |            |           |          |      |                  |              |                   |              |
| AE19       |                   | High Range | VCCO_12                      | VCCO          |             |      12 |            |      |                     |                      |   any** |            |           |          |      |                  |              |                   |              |
| AE20       |                   | High Range | IO_L10N_T1_12                | User IO       |             |      12 |            |      |                     |                      |         |            |           |          |      |                  |              |                   |              |
| AE21       |                   | High Range | IO_L7N_T1_12                 | User IO       |             |      12 |            |      |                     |                      |         |            |           |          |      |                  |              |                   |              |
| AE22       |                   | High Range | IO_L9P_T1_DQS_12             | User IO       |             |      12 |            |      |                     |                      |         |            |           |          |      |                  |              |                   |              |
| AE23       |                   | High Range | IO_L5P_T0_12                 | User IO       |             |      12 |            |      |                     |                      |         |            |           |          |      |                  |              |                   |              |
| AE24       |                   |            | GND                          | GND           |             |         |            |      |                     |                      |     0.0 |            |           |          |      |                  |              |                   |              |
| AE25       |                   | High Range | IO_L1P_T0_12                 | User IO       |             |      12 |            |      |                     |                      |         |            |           |          |      |                  |              |                   |              |
| AE26       |                   | High Range | IO_L1N_T0_12                 | User IO       |             |      12 |            |      |                     |                      |         |            |           |          |      |                  |              |                   |              |
| AF1        |                   |            | GND                          | GND           |             |         |            |      |                     |                      |     0.0 |            |           |          |      |                  |              |                   |              |
| AF2        |                   | High Range | IO_L10N_T1_33                | User IO       |             |      33 |            |      |                     |                      |         |            |           |          |      |                  |              |                   |              |
| AF3        |                   | High Range | IO_L16N_T2_33                | User IO       |             |      33 |            |      |                     |                      |         |            |           |          |      |                  |              |                   |              |
| AF4        |                   | High Range | IO_L17N_T2_33                | User IO       |             |      33 |            |      |                     |                      |         |            |           |          |      |                  |              |                   |              |
| AF5        |                   | High Range | IO_L17P_T2_33                | User IO       |             |      33 |            |      |                     |                      |         |            |           |          |      |                  |              |                   |              |
| AF6        |                   |            | GND                          | GND           |             |         |            |      |                     |                      |     0.0 |            |           |          |      |                  |              |                   |              |
| AF7        |                   |            | MGTPTXN3_213                 | Gigabit       |             |         |            |      |                     |                      |         |            |           |          |      |                  |              |                   |              |
| AF8        |                   |            | GND                          | GND           |             |         |            |      |                     |                      |     0.0 |            |           |          |      |                  |              |                   |              |
| AF9        |                   |            | MGTPTXN1_213                 | Gigabit       |             |         |            |      |                     |                      |         |            |           |          |      |                  |              |                   |              |
| AF10       |                   |            | GND                          | GND           |             |         |            |      |                     |                      |     0.0 |            |           |          |      |                  |              |                   |              |
| AF11       |                   |            | MGTPRXN3_213                 | Gigabit       |             |         |            |      |                     |                      |         |            |           |          |      |                  |              |                   |              |
| AF12       |                   |            | GND                          | GND           |             |         |            |      |                     |                      |     0.0 |            |           |          |      |                  |              |                   |              |
| AF13       |                   |            | MGTPRXN1_213                 | Gigabit       |             |         |            |      |                     |                      |         |            |           |          |      |                  |              |                   |              |
| AF14       |                   |            | GND                          | GND           |             |         |            |      |                     |                      |     0.0 |            |           |          |      |                  |              |                   |              |
| AF15       |                   |            | MGTRREF_213                  | Gigabit       |             |         |            |      |                     |                      |         |            |           |          |      |                  |              |                   |              |
| AF16       |                   |            | GND                          | GND           |             |         |            |      |                     |                      |     0.0 |            |           |          |      |                  |              |                   |              |
| AF17       |                   | High Range | IO_L18N_T2_12                | User IO       |             |      12 |            |      |                     |                      |         |            |           |          |      |                  |              |                   |              |
| AF18       |                   | High Range | IO_L16N_T2_12                | User IO       |             |      12 |            |      |                     |                      |         |            |           |          |      |                  |              |                   |              |
| AF19       |                   | High Range | IO_L8P_T1_12                 | User IO       |             |      12 |            |      |                     |                      |         |            |           |          |      |                  |              |                   |              |
| AF20       |                   | High Range | IO_L8N_T1_12                 | User IO       |             |      12 |            |      |                     |                      |         |            |           |          |      |                  |              |                   |              |
| AF21       |                   |            | GND                          | GND           |             |         |            |      |                     |                      |     0.0 |            |           |          |      |                  |              |                   |              |
| AF22       |                   | High Range | IO_L9N_T1_DQS_12             | User IO       |             |      12 |            |      |                     |                      |         |            |           |          |      |                  |              |                   |              |
| AF23       |                   | High Range | IO_L5N_T0_12                 | User IO       |             |      12 |            |      |                     |                      |         |            |           |          |      |                  |              |                   |              |
| AF24       |                   | High Range | IO_L3P_T0_DQS_12             | User IO       |             |      12 |            |      |                     |                      |         |            |           |          |      |                  |              |                   |              |
| AF25       |                   | High Range | IO_L3N_T0_DQS_12             | User IO       |             |      12 |            |      |                     |                      |         |            |           |          |      |                  |              |                   |              |
| AF26       |                   | High Range | VCCO_12                      | VCCO          |             |      12 |            |      |                     |                      |   any** |            |           |          |      |                  |              |                   |              |
| B1         | output_real_0[5]  | High Range | IO_L21N_T3_DQS_35            | OUTPUT        | LVCMOS18*   |      35 |         12 | SLOW |                     |            FP_VTT_50 |         | UNFIXED    |           |          |      | NONE             |              |                   |              |
| B2         | output_real_0[9]  | High Range | IO_L19N_T3_VREF_35           | OUTPUT        | LVCMOS18*   |      35 |         12 | SLOW |                     |            FP_VTT_50 |         | UNFIXED    |           |          |      | NONE             |              |                   |              |
| B3         |                   |            | GND                          | GND           |             |         |            |      |                     |                      |     0.0 |            |           |          |      |                  |              |                   |              |
| B4         | output_real_1[0]  | High Range | IO_L16P_T2_35                | OUTPUT        | LVCMOS18*   |      35 |         12 | SLOW |                     |            FP_VTT_50 |         | UNFIXED    |           |          |      | NONE             |              |                   |              |
| B5         | output_real_1[2]  | High Range | IO_L15P_T2_DQS_35            | OUTPUT        | LVCMOS18*   |      35 |         12 | SLOW |                     |            FP_VTT_50 |         | UNFIXED    |           |          |      | NONE             |              |                   |              |
| B6         |                   |            | GND                          | GND           |             |         |            |      |                     |                      |     0.0 |            |           |          |      |                  |              |                   |              |
| B7         |                   |            | MGTPTXP0_216                 | Gigabit       |             |         |            |      |                     |                      |         |            |           |          |      |                  |              |                   |              |
| B8         |                   |            | MGTAVTT_G11                  | Gigabit Power |             |         |            |      |                     |                      |         |            |           |          |      |                  |              |                   |              |
| B9         |                   |            | MGTPTXP2_216                 | Gigabit       |             |         |            |      |                     |                      |         |            |           |          |      |                  |              |                   |              |
| B10        |                   |            | MGTAVTT_G11                  | Gigabit Power |             |         |            |      |                     |                      |         |            |           |          |      |                  |              |                   |              |
| B11        |                   |            | MGTPRXP0_216                 | Gigabit       |             |         |            |      |                     |                      |         |            |           |          |      |                  |              |                   |              |
| B12        |                   |            | MGTAVTT_G11                  | Gigabit Power |             |         |            |      |                     |                      |         |            |           |          |      |                  |              |                   |              |
| B13        |                   |            | MGTPRXP2_216                 | Gigabit       |             |         |            |      |                     |                      |         |            |           |          |      |                  |              |                   |              |
| B14        |                   |            | MGTAVTT_G11                  | Gigabit Power |             |         |            |      |                     |                      |         |            |           |          |      |                  |              |                   |              |
| B15        |                   |            | GND                          | GND           |             |         |            |      |                     |                      |     0.0 |            |           |          |      |                  |              |                   |              |
| B16        |                   |            | GND                          | GND           |             |         |            |      |                     |                      |     0.0 |            |           |          |      |                  |              |                   |              |
| B17        |                   | High Range | IO_L7N_T1_16                 | User IO       |             |      16 |            |      |                     |                      |         |            |           |          |      |                  |              |                   |              |
| B18        |                   | High Range | VCCO_16                      | VCCO          |             |      16 |            |      |                     |                      |    3.30 |            |           |          |      |                  |              |                   |              |
| B19        |                   | High Range | IO_L10P_T1_16                | User IO       |             |      16 |            |      |                     |                      |         |            |           |          |      |                  |              |                   |              |
| B20        |                   | High Range | IO_L15P_T2_DQS_16            | User IO       |             |      16 |            |      |                     |                      |         |            |           |          |      |                  |              |                   |              |
| B21        |                   | High Range | IO_L16N_T2_16                | User IO       |             |      16 |            |      |                     |                      |         |            |           |          |      |                  |              |                   |              |
| B22        |                   | High Range | IO_L17P_T2_16                | User IO       |             |      16 |            |      |                     |                      |         |            |           |          |      |                  |              |                   |              |
| B23        |                   |            | GND                          | GND           |             |         |            |      |                     |                      |     0.0 |            |           |          |      |                  |              |                   |              |
| B24        |                   | High Range | IO_L23N_T3_16                | User IO       |             |      16 |            |      |                     |                      |         |            |           |          |      |                  |              |                   |              |
| B25        |                   | High Range | IO_L20P_T3_16                | User IO       |             |      16 |            |      |                     |                      |         |            |           |          |      |                  |              |                   |              |
| B26        |                   | High Range | IO_L22N_T3_16                | User IO       |             |      16 |            |      |                     |                      |         |            |           |          |      |                  |              |                   |              |
| C1         | output_real_0[6]  | High Range | IO_L21P_T3_DQS_35            | OUTPUT        | LVCMOS18*   |      35 |         12 | SLOW |                     |            FP_VTT_50 |         | UNFIXED    |           |          |      | NONE             |              |                   |              |
| C2         | output_real_0[10] | High Range | IO_L19P_T3_35                | OUTPUT        | LVCMOS18*   |      35 |         12 | SLOW |                     |            FP_VTT_50 |         | UNFIXED    |           |          |      | NONE             |              |                   |              |
| C3         | output_real_0[13] | High Range | IO_L17N_T2_35                | OUTPUT        | LVCMOS18*   |      35 |         12 | SLOW |                     |            FP_VTT_50 |         | UNFIXED    |           |          |      | NONE             |              |                   |              |
| C4         | output_real_1[3]  | High Range | IO_L14N_T2_SRCC_35           | OUTPUT        | LVCMOS18*   |      35 |         12 | SLOW |                     |            FP_VTT_50 |         | UNFIXED    |           |          |      | NONE             |              |                   |              |
| C5         |                   | High Range | VCCO_35                      | VCCO          |             |      35 |            |      |                     |                      |    1.80 |            |           |          |      |                  |              |                   |              |
| C6         |                   |            | GND                          | GND           |             |         |            |      |                     |                      |     0.0 |            |           |          |      |                  |              |                   |              |
| C7         |                   |            | MGTAVTT_G11                  | Gigabit Power |             |         |            |      |                     |                      |         |            |           |          |      |                  |              |                   |              |
| C8         |                   |            | MGTPTXN1_216                 | Gigabit       |             |         |            |      |                     |                      |         |            |           |          |      |                  |              |                   |              |
| C9         |                   |            | GND                          | GND           |             |         |            |      |                     |                      |     0.0 |            |           |          |      |                  |              |                   |              |
| C10        |                   |            | MGTPTXN3_216                 | Gigabit       |             |         |            |      |                     |                      |         |            |           |          |      |                  |              |                   |              |
| C11        |                   |            | GND                          | GND           |             |         |            |      |                     |                      |     0.0 |            |           |          |      |                  |              |                   |              |
| C12        |                   |            | MGTPRXN3_216                 | Gigabit       |             |         |            |      |                     |                      |         |            |           |          |      |                  |              |                   |              |
| C13        |                   |            | GND                          | GND           |             |         |            |      |                     |                      |     0.0 |            |           |          |      |                  |              |                   |              |
| C14        |                   |            | MGTPRXN1_216                 | Gigabit       |             |         |            |      |                     |                      |         |            |           |          |      |                  |              |                   |              |
| C15        |                   |            | MGTAVTT_G11                  | Gigabit Power |             |         |            |      |                     |                      |         |            |           |          |      |                  |              |                   |              |
| C16        |                   |            | GND                          | GND           |             |         |            |      |                     |                      |     0.0 |            |           |          |      |                  |              |                   |              |
| C17        |                   | High Range | IO_L7P_T1_16                 | User IO       |             |      16 |            |      |                     |                      |         |            |           |          |      |                  |              |                   |              |
| C18        |                   | High Range | IO_L12N_T1_MRCC_16           | User IO       |             |      16 |            |      |                     |                      |         |            |           |          |      |                  |              |                   |              |
| C19        |                   | High Range | IO_L13N_T2_MRCC_16           | User IO       |             |      16 |            |      |                     |                      |         |            |           |          |      |                  |              |                   |              |
| C20        |                   |            | GND                          | GND           |             |         |            |      |                     |                      |     0.0 |            |           |          |      |                  |              |                   |              |
| C21        |                   | High Range | IO_L16P_T2_16                | User IO       |             |      16 |            |      |                     |                      |         |            |           |          |      |                  |              |                   |              |
| C22        |                   | High Range | IO_L19P_T3_16                | User IO       |             |      16 |            |      |                     |                      |         |            |           |          |      |                  |              |                   |              |
| C23        |                   | High Range | IO_L19N_T3_VREF_16           | User IO       |             |      16 |            |      |                     |                      |         |            |           |          |      |                  |              |                   |              |
| C24        |                   | High Range | IO_L23P_T3_16                | User IO       |             |      16 |            |      |                     |                      |         |            |           |          |      |                  |              |                   |              |
| C25        |                   | High Range | VCCO_16                      | VCCO          |             |      16 |            |      |                     |                      |    3.30 |            |           |          |      |                  |              |                   |              |
| C26        |                   | High Range | IO_L22P_T3_16                | User IO       |             |      16 |            |      |                     |                      |         |            |           |          |      |                  |              |                   |              |
| D1         | input_imag_2[6]   | High Range | IO_L23N_T3_35                | INPUT         | LVCMOS18*   |      35 |            |      |                     |                 NONE |         | UNFIXED    |           |          |      | NONE             |              |                   |              |
| D2         |                   | High Range | VCCO_35                      | VCCO          |             |      35 |            |      |                     |                      |    1.80 |            |           |          |      |                  |              |                   |              |
| D3         | output_real_0[14] | High Range | IO_L17P_T2_35                | OUTPUT        | LVCMOS18*   |      35 |         12 | SLOW |                     |            FP_VTT_50 |         | UNFIXED    |           |          |      | NONE             |              |                   |              |
| D4         | output_real_1[4]  | High Range | IO_L14P_T2_SRCC_35           | OUTPUT        | LVCMOS18*   |      35 |         12 | SLOW |                     |            FP_VTT_50 |         | UNFIXED    |           |          |      | NONE             |              |                   |              |
| D5         | output_real_1[5]  | High Range | IO_L13N_T2_MRCC_35           | OUTPUT        | LVCMOS18*   |      35 |         12 | SLOW |                     |            FP_VTT_50 |         | UNFIXED    |           |          |      | NONE             |              |                   |              |
| D6         | output_real_2[13] | High Range | IO_L1N_T0_AD4N_35            | OUTPUT        | LVCMOS18*   |      35 |         12 | SLOW |                     |            FP_VTT_50 |         | UNFIXED    |           |          |      | NONE             |              |                   |              |
| D7         |                   |            | GND                          | GND           |             |         |            |      |                     |                      |     0.0 |            |           |          |      |                  |              |                   |              |
| D8         |                   |            | MGTPTXP1_216                 | Gigabit       |             |         |            |      |                     |                      |         |            |           |          |      |                  |              |                   |              |
| D9         |                   |            | MGTAVCC_G11                  | Gigabit Power |             |         |            |      |                     |                      |         |            |           |          |      |                  |              |                   |              |
| D10        |                   |            | MGTPTXP3_216                 | Gigabit       |             |         |            |      |                     |                      |         |            |           |          |      |                  |              |                   |              |
| D11        |                   |            | MGTAVCC_G11                  | Gigabit Power |             |         |            |      |                     |                      |         |            |           |          |      |                  |              |                   |              |
| D12        |                   |            | MGTPRXP3_216                 | Gigabit       |             |         |            |      |                     |                      |         |            |           |          |      |                  |              |                   |              |
| D13        |                   |            | MGTAVCC_G11                  | Gigabit Power |             |         |            |      |                     |                      |         |            |           |          |      |                  |              |                   |              |
| D14        |                   |            | MGTPRXP1_216                 | Gigabit       |             |         |            |      |                     |                      |         |            |           |          |      |                  |              |                   |              |
| D15        |                   |            | GND                          | GND           |             |         |            |      |                     |                      |     0.0 |            |           |          |      |                  |              |                   |              |
| D16        |                   | High Range | IO_L8N_T1_16                 | User IO       |             |      16 |            |      |                     |                      |         |            |           |          |      |                  |              |                   |              |
| D17        |                   |            | GND                          | GND           |             |         |            |      |                     |                      |     0.0 |            |           |          |      |                  |              |                   |              |
| D18        |                   | High Range | IO_L12P_T1_MRCC_16           | User IO       |             |      16 |            |      |                     |                      |         |            |           |          |      |                  |              |                   |              |
| D19        |                   | High Range | IO_L13P_T2_MRCC_16           | User IO       |             |      16 |            |      |                     |                      |         |            |           |          |      |                  |              |                   |              |
| D20        |                   | High Range | IO_L14N_T2_SRCC_16           | User IO       |             |      16 |            |      |                     |                      |         |            |           |          |      |                  |              |                   |              |
| D21        |                   | High Range | IO_L18N_T2_16                | User IO       |             |      16 |            |      |                     |                      |         |            |           |          |      |                  |              |                   |              |
| D22        |                   | High Range | VCCO_16                      | VCCO          |             |      16 |            |      |                     |                      |    3.30 |            |           |          |      |                  |              |                   |              |
| D23        |                   | High Range | IO_L24P_T3_16                | User IO       |             |      16 |            |      |                     |                      |         |            |           |          |      |                  |              |                   |              |
| D24        |                   | High Range | IO_L24N_T3_16                | User IO       |             |      16 |            |      |                     |                      |         |            |           |          |      |                  |              |                   |              |
| D25        | output_imag_1[9]  | High Range | IO_L20N_T3_A19_15            | OUTPUT        | LVCMOS18*   |      15 |         12 | SLOW |                     |            FP_VTT_50 |         | UNFIXED    |           |          |      | NONE             |              |                   |              |
| D26        | output_imag_1[7]  | High Range | IO_L21N_T3_DQS_A18_15        | OUTPUT        | LVCMOS18*   |      15 |         12 | SLOW |                     |            FP_VTT_50 |         | UNFIXED    |           |          |      | NONE             |              |                   |              |
| E1         | output_real_0[2]  | High Range | IO_L23P_T3_35                | OUTPUT        | LVCMOS18*   |      35 |         12 | SLOW |                     |            FP_VTT_50 |         | UNFIXED    |           |          |      | NONE             |              |                   |              |
| E2         | output_real_0[3]  | High Range | IO_L22N_T3_35                | OUTPUT        | LVCMOS18*   |      35 |         12 | SLOW |                     |            FP_VTT_50 |         | UNFIXED    |           |          |      | NONE             |              |                   |              |
| E3         | output_real_0[11] | High Range | IO_L18N_T2_35                | OUTPUT        | LVCMOS18*   |      35 |         12 | SLOW |                     |            FP_VTT_50 |         | UNFIXED    |           |          |      | NONE             |              |                   |              |
| E4         |                   |            | GND                          | GND           |             |         |            |      |                     |                      |     0.0 |            |           |          |      |                  |              |                   |              |
| E5         | output_real_1[6]  | High Range | IO_L13P_T2_MRCC_35           | OUTPUT        | LVCMOS18*   |      35 |         12 | SLOW |                     |            FP_VTT_50 |         | UNFIXED    |           |          |      | NONE             |              |                   |              |
| E6         | output_real_2[14] | High Range | IO_L1P_T0_AD4P_35            | OUTPUT        | LVCMOS18*   |      35 |         12 | SLOW |                     |            FP_VTT_50 |         | UNFIXED    |           |          |      | NONE             |              |                   |              |
| E7         |                   |            | GND                          | GND           |             |         |            |      |                     |                      |     0.0 |            |           |          |      |                  |              |                   |              |
| E8         |                   |            | GND                          | GND           |             |         |            |      |                     |                      |     0.0 |            |           |          |      |                  |              |                   |              |
| E9         |                   |            | GND                          | GND           |             |         |            |      |                     |                      |     0.0 |            |           |          |      |                  |              |                   |              |
| E10        |                   |            | GND                          | GND           |             |         |            |      |                     |                      |     0.0 |            |           |          |      |                  |              |                   |              |
| E11        |                   |            | MGTREFCLK0N_216              | Gigabit       |             |         |            |      |                     |                      |         |            |           |          |      |                  |              |                   |              |
| E12        |                   |            | GND                          | GND           |             |         |            |      |                     |                      |     0.0 |            |           |          |      |                  |              |                   |              |
| E13        |                   |            | MGTREFCLK1N_216              | Gigabit       |             |         |            |      |                     |                      |         |            |           |          |      |                  |              |                   |              |
| E14        |                   |            | GND                          | GND           |             |         |            |      |                     |                      |     0.0 |            |           |          |      |                  |              |                   |              |
| E15        |                   |            | GND                          | GND           |             |         |            |      |                     |                      |     0.0 |            |           |          |      |                  |              |                   |              |
| E16        |                   | High Range | IO_L8P_T1_16                 | User IO       |             |      16 |            |      |                     |                      |         |            |           |          |      |                  |              |                   |              |
| E17        | clock             | High Range | IO_L11P_T1_SRCC_16           | INPUT         | LVCMOS33    |      16 |            |      |                     |                 NONE |         | UNFIXED    |           |          |      | NONE             |              |                   |              |
| E18        |                   | High Range | IO_L11N_T1_SRCC_16           | User IO       |             |      16 |            |      |                     |                      |         |            |           |          |      |                  |              |                   |              |
| E19        |                   | High Range | VCCO_16                      | VCCO          |             |      16 |            |      |                     |                      |    3.30 |            |           |          |      |                  |              |                   |              |
| E20        |                   | High Range | IO_L14P_T2_SRCC_16           | User IO       |             |      16 |            |      |                     |                      |         |            |           |          |      |                  |              |                   |              |
| E21        |                   | High Range | IO_L18P_T2_16                | User IO       |             |      16 |            |      |                     |                      |         |            |           |          |      |                  |              |                   |              |
| E22        |                   | High Range | IO_25_16                     | User IO       |             |      16 |            |      |                     |                      |         |            |           |          |      |                  |              |                   |              |
| E23        | output_imag_1[15] | High Range | IO_L17N_T2_A25_15            | OUTPUT        | LVCMOS18*   |      15 |         12 | SLOW |                     |            FP_VTT_50 |         | UNFIXED    |           |          |      | NONE             |              |                   |              |
| E24        |                   |            | GND                          | GND           |             |         |            |      |                     |                      |     0.0 |            |           |          |      |                  |              |                   |              |
| E25        | output_imag_1[10] | High Range | IO_L20P_T3_A20_15            | OUTPUT        | LVCMOS18*   |      15 |         12 | SLOW |                     |            FP_VTT_50 |         | UNFIXED    |           |          |      | NONE             |              |                   |              |
| E26        | output_imag_1[8]  | High Range | IO_L21P_T3_DQS_15            | OUTPUT        | LVCMOS18*   |      15 |         12 | SLOW |                     |            FP_VTT_50 |         | UNFIXED    |           |          |      | NONE             |              |                   |              |
| F1         |                   |            | GND                          | GND           |             |         |            |      |                     |                      |     0.0 |            |           |          |      |                  |              |                   |              |
| F2         | output_real_0[4]  | High Range | IO_L22P_T3_35                | OUTPUT        | LVCMOS18*   |      35 |         12 | SLOW |                     |            FP_VTT_50 |         | UNFIXED    |           |          |      | NONE             |              |                   |              |
| F3         | output_real_0[12] | High Range | IO_L18P_T2_35                | OUTPUT        | LVCMOS18*   |      35 |         12 | SLOW |                     |            FP_VTT_50 |         | UNFIXED    |           |          |      | NONE             |              |                   |              |
| F4         | output_real_1[9]  | High Range | IO_L11N_T1_SRCC_35           | OUTPUT        | LVCMOS18*   |      35 |         12 | SLOW |                     |            FP_VTT_50 |         | UNFIXED    |           |          |      | NONE             |              |                   |              |
| F5         | output_real_1[7]  | High Range | IO_L12N_T1_MRCC_35           | OUTPUT        | LVCMOS18*   |      35 |         12 | SLOW |                     |            FP_VTT_50 |         | UNFIXED    |           |          |      | NONE             |              |                   |              |
| F6         |                   | High Range | VCCO_35                      | VCCO          |             |      35 |            |      |                     |                      |    1.80 |            |           |          |      |                  |              |                   |              |
| F7         | output_real_2[7]  | High Range | IO_L4N_T0_35                 | OUTPUT        | LVCMOS18*   |      35 |         12 | SLOW |                     |            FP_VTT_50 |         | UNFIXED    |           |          |      | NONE             |              |                   |              |
| F8         | output_real_2[8]  | High Range | IO_L4P_T0_35                 | OUTPUT        | LVCMOS18*   |      35 |         12 | SLOW |                     |            FP_VTT_50 |         | UNFIXED    |           |          |      | NONE             |              |                   |              |
| F9         |                   |            | GND                          | GND           |             |         |            |      |                     |                      |     0.0 |            |           |          |      |                  |              |                   |              |
| F10        |                   |            | MGTAVCC_G11                  | Gigabit Power |             |         |            |      |                     |                      |         |            |           |          |      |                  |              |                   |              |
| F11        |                   |            | MGTREFCLK0P_216              | Gigabit       |             |         |            |      |                     |                      |         |            |           |          |      |                  |              |                   |              |
| F12        |                   |            | MGTAVCC_G11                  | Gigabit Power |             |         |            |      |                     |                      |         |            |           |          |      |                  |              |                   |              |
| F13        |                   |            | MGTREFCLK1P_216              | Gigabit       |             |         |            |      |                     |                      |         |            |           |          |      |                  |              |                   |              |
| F14        |                   |            | GND                          | GND           |             |         |            |      |                     |                      |     0.0 |            |           |          |      |                  |              |                   |              |
| F15        |                   | High Range | IO_L4N_T0_16                 | User IO       |             |      16 |            |      |                     |                      |         |            |           |          |      |                  |              |                   |              |
| F16        |                   | High Range | VCCO_16                      | VCCO          |             |      16 |            |      |                     |                      |    3.30 |            |           |          |      |                  |              |                   |              |
| F17        |                   | High Range | IO_L2N_T0_16                 | User IO       |             |      16 |            |      |                     |                      |         |            |           |          |      |                  |              |                   |              |
| F18        |                   | High Range | IO_L3P_T0_DQS_16             | User IO       |             |      16 |            |      |                     |                      |         |            |           |          |      |                  |              |                   |              |
| F19        |                   | High Range | IO_L3N_T0_DQS_16             | User IO       |             |      16 |            |      |                     |                      |         |            |           |          |      |                  |              |                   |              |
| F20        |                   | High Range | IO_L5N_T0_16                 | User IO       |             |      16 |            |      |                     |                      |         |            |           |          |      |                  |              |                   |              |
| F21        |                   |            | GND                          | GND           |             |         |            |      |                     |                      |     0.0 |            |           |          |      |                  |              |                   |              |
| F22        | output_imag_2[3]  | High Range | IO_L15N_T2_DQS_ADV_B_15      | OUTPUT        | LVCMOS18*   |      15 |         12 | SLOW |                     |            FP_VTT_50 |         | UNFIXED    |           |          |      | NONE             |              |                   |              |
| F23        | output_imag_2[0]  | High Range | IO_L17P_T2_A26_15            | OUTPUT        | LVCMOS18*   |      15 |         12 | SLOW |                     |            FP_VTT_50 |         | UNFIXED    |           |          |      | NONE             |              |                   |              |
| F24        | output_imag_1[11] | High Range | IO_L19N_T3_A21_VREF_15       | OUTPUT        | LVCMOS18*   |      15 |         12 | SLOW |                     |            FP_VTT_50 |         | UNFIXED    |           |          |      | NONE             |              |                   |              |
| F25        | output_imag_1[3]  | High Range | IO_L23N_T3_FWE_B_15          | OUTPUT        | LVCMOS18*   |      15 |         12 | SLOW |                     |            FP_VTT_50 |         | UNFIXED    |           |          |      | NONE             |              |                   |              |
| F26        |                   | High Range | VCCO_15                      | VCCO          |             |      15 |            |      |                     |                      |    1.80 |            |           |          |      |                  |              |                   |              |
| G1         | input_imag_0[2]   | High Range | IO_L24N_T3_35                | INPUT         | LVCMOS18*   |      35 |            |      |                     |                 NONE |         | UNFIXED    |           |          |      | NONE             |              |                   |              |
| G2         | input_imag_0[6]   | High Range | IO_L24P_T3_35                | INPUT         | LVCMOS18*   |      35 |            |      |                     |                 NONE |         | UNFIXED    |           |          |      | NONE             |              |                   |              |
| G3         |                   | High Range | VCCO_35                      | VCCO          |             |      35 |            |      |                     |                      |    1.80 |            |           |          |      |                  |              |                   |              |
| G4         | output_real_1[10] | High Range | IO_L11P_T1_SRCC_35           | OUTPUT        | LVCMOS18*   |      35 |         12 | SLOW |                     |            FP_VTT_50 |         | UNFIXED    |           |          |      | NONE             |              |                   |              |
| G5         | output_real_1[8]  | High Range | IO_L12P_T1_MRCC_35           | OUTPUT        | LVCMOS18*   |      35 |         12 | SLOW |                     |            FP_VTT_50 |         | UNFIXED    |           |          |      | NONE             |              |                   |              |
| G6         | output_real_2[5]  | High Range | IO_L5N_T0_AD13N_35           | OUTPUT        | LVCMOS18*   |      35 |         12 | SLOW |                     |            FP_VTT_50 |         | UNFIXED    |           |          |      | NONE             |              |                   |              |
| G7         | output_real_2[9]  | High Range | IO_L3N_T0_DQS_AD5N_35        | OUTPUT        | LVCMOS18*   |      35 |         12 | SLOW |                     |            FP_VTT_50 |         | UNFIXED    |           |          |      | NONE             |              |                   |              |
| G8         | output_real_2[11] | High Range | IO_L2N_T0_AD12N_35           | OUTPUT        | LVCMOS18*   |      35 |         12 | SLOW |                     |            FP_VTT_50 |         | UNFIXED    |           |          |      | NONE             |              |                   |              |
| G9         | output_real_2[3]  | High Range | IO_L6N_T0_VREF_35            | OUTPUT        | LVCMOS18*   |      35 |         12 | SLOW |                     |            FP_VTT_50 |         | UNFIXED    |           |          |      | NONE             |              |                   |              |
| G10        |                   |            | GND                          | GND           |             |         |            |      |                     |                      |     0.0 |            |           |          |      |                  |              |                   |              |
| G11        |                   |            | GND                          | GND           |             |         |            |      |                     |                      |     0.0 |            |           |          |      |                  |              |                   |              |
| G12        |                   |            | GND                          | GND           |             |         |            |      |                     |                      |     0.0 |            |           |          |      |                  |              |                   |              |
| G13        |                   |            | GND                          | GND           |             |         |            |      |                     |                      |     0.0 |            |           |          |      |                  |              |                   |              |
| G14        |                   | Dedicated  | VCCBATT_0                    | Config        |             |       0 |            |      |                     |                      |         |            |           |          |      |                  |              |                   |              |
| G15        |                   | High Range | IO_L4P_T0_16                 | User IO       |             |      16 |            |      |                     |                      |         |            |           |          |      |                  |              |                   |              |
| G16        |                   | High Range | IO_L6N_T0_VREF_16            | User IO       |             |      16 |            |      |                     |                      |         |            |           |          |      |                  |              |                   |              |
| G17        |                   | High Range | IO_L2P_T0_16                 | User IO       |             |      16 |            |      |                     |                      |         |            |           |          |      |                  |              |                   |              |
| G18        |                   |            | GND                          | GND           |             |         |            |      |                     |                      |     0.0 |            |           |          |      |                  |              |                   |              |
| G19        |                   | High Range | IO_L5P_T0_16                 | User IO       |             |      16 |            |      |                     |                      |         |            |           |          |      |                  |              |                   |              |
| G20        | output_imag_2[12] | High Range | IO_L11P_T1_SRCC_15           | OUTPUT        | LVCMOS18*   |      15 |         12 | SLOW |                     |            FP_VTT_50 |         | UNFIXED    |           |          |      | NONE             |              |                   |              |
| G21        | output_imag_2[11] | High Range | IO_L11N_T1_SRCC_15           | OUTPUT        | LVCMOS18*   |      15 |         12 | SLOW |                     |            FP_VTT_50 |         | UNFIXED    |           |          |      | NONE             |              |                   |              |
| G22        | output_imag_2[4]  | High Range | IO_L15P_T2_DQS_15            | OUTPUT        | LVCMOS18*   |      15 |         12 | SLOW |                     |            FP_VTT_50 |         | UNFIXED    |           |          |      | NONE             |              |                   |              |
| G23        |                   | High Range | VCCO_15                      | VCCO          |             |      15 |            |      |                     |                      |    1.80 |            |           |          |      |                  |              |                   |              |
| G24        | output_imag_1[12] | High Range | IO_L19P_T3_A22_15            | OUTPUT        | LVCMOS18*   |      15 |         12 | SLOW |                     |            FP_VTT_50 |         | UNFIXED    |           |          |      | NONE             |              |                   |              |
| G25        | output_imag_1[4]  | High Range | IO_L23P_T3_FOE_B_15          | OUTPUT        | LVCMOS18*   |      15 |         12 | SLOW |                     |            FP_VTT_50 |         | UNFIXED    |           |          |      | NONE             |              |                   |              |
| G26        | output_imag_1[5]  | High Range | IO_L22N_T3_A16_15            | OUTPUT        | LVCMOS18*   |      15 |         12 | SLOW |                     |            FP_VTT_50 |         | UNFIXED    |           |          |      | NONE             |              |                   |              |
| H1         | input_imag_2[2]   | High Range | IO_L10N_T1_34                | INPUT         | LVCMOS18*   |      34 |            |      |                     |                 NONE |         | UNFIXED    |           |          |      | NONE             |              |                   |              |
| H2         | input_imag_2[3]   | High Range | IO_L10P_T1_34                | INPUT         | LVCMOS18*   |      34 |            |      |                     |                 NONE |         | UNFIXED    |           |          |      | NONE             |              |                   |              |
| H3         | input_imag_0[0]   | High Range | IO_25_35                     | INPUT         | LVCMOS18*   |      35 |            |      |                     |                 NONE |         | UNFIXED    |           |          |      | NONE             |              |                   |              |
| H4         | output_real_1[13] | High Range | IO_L9N_T1_DQS_AD7N_35        | OUTPUT        | LVCMOS18*   |      35 |         12 | SLOW |                     |            FP_VTT_50 |         | UNFIXED    |           |          |      | NONE             |              |                   |              |
| H5         |                   |            | GND                          | GND           |             |         |            |      |                     |                      |     0.0 |            |           |          |      |                  |              |                   |              |
| H6         | output_real_2[6]  | High Range | IO_L5P_T0_AD13P_35           | OUTPUT        | LVCMOS18*   |      35 |         12 | SLOW |                     |            FP_VTT_50 |         | UNFIXED    |           |          |      | NONE             |              |                   |              |
| H7         | output_real_2[10] | High Range | IO_L3P_T0_DQS_AD5P_35        | OUTPUT        | LVCMOS18*   |      35 |         12 | SLOW |                     |            FP_VTT_50 |         | UNFIXED    |           |          |      | NONE             |              |                   |              |
| H8         | output_real_2[12] | High Range | IO_L2P_T0_AD12P_35           | OUTPUT        | LVCMOS18*   |      35 |         12 | SLOW |                     |            FP_VTT_50 |         | UNFIXED    |           |          |      | NONE             |              |                   |              |
| H9         | output_real_2[4]  | High Range | IO_L6P_T0_35                 | OUTPUT        | LVCMOS18*   |      35 |         12 | SLOW |                     |            FP_VTT_50 |         | UNFIXED    |           |          |      | NONE             |              |                   |              |
| H10        |                   | Dedicated  | TDI_0                        | Config        |             |       0 |            |      |                     |                      |         |            |           |          |      |                  |              |                   |              |
| H11        |                   | Dedicated  | TMS_0                        | Config        |             |       0 |            |      |                     |                      |         |            |           |          |      |                  |              |                   |              |
| H12        |                   | Dedicated  | TCK_0                        | Config        |             |       0 |            |      |                     |                      |         |            |           |          |      |                  |              |                   |              |
| H13        |                   | Dedicated  | CCLK_0                       | Config        |             |       0 |            |      |                     |                      |         |            |           |          |      |                  |              |                   |              |
| H14        |                   | High Range | IO_L1P_T0_16                 | User IO       |             |      16 |            |      |                     |                      |         |            |           |          |      |                  |              |                   |              |
| H15        |                   | High Range | IO_L1N_T0_16                 | User IO       |             |      16 |            |      |                     |                      |         |            |           |          |      |                  |              |                   |              |
| H16        |                   | High Range | IO_L6P_T0_16                 | User IO       |             |      16 |            |      |                     |                      |         |            |           |          |      |                  |              |                   |              |
| H17        |                   | High Range | IO_0_16                      | User IO       |             |      16 |            |      |                     |                      |         |            |           |          |      |                  |              |                   |              |
| H18        | output_imag_2[13] | High Range | IO_L10N_T1_AD11N_15          | OUTPUT        | LVCMOS18*   |      15 |         12 | SLOW |                     |            FP_VTT_50 |         | UNFIXED    |           |          |      | NONE             |              |                   |              |
| H19        | output_imag_3[3]  | High Range | IO_L7N_T1_AD2N_15            | OUTPUT        | LVCMOS18*   |      15 |         12 | SLOW |                     |            FP_VTT_50 |         | UNFIXED    |           |          |      | NONE             |              |                   |              |
| H20        |                   | High Range | VCCO_15                      | VCCO          |             |      15 |            |      |                     |                      |    1.80 |            |           |          |      |                  |              |                   |              |
| H21        | output_imag_2[8]  | High Range | IO_L13P_T2_MRCC_15           | OUTPUT        | LVCMOS18*   |      15 |         12 | SLOW |                     |            FP_VTT_50 |         | UNFIXED    |           |          |      | NONE             |              |                   |              |
| H22        | output_imag_2[7]  | High Range | IO_L13N_T2_MRCC_15           | OUTPUT        | LVCMOS18*   |      15 |         12 | SLOW |                     |            FP_VTT_50 |         | UNFIXED    |           |          |      | NONE             |              |                   |              |
| H23        | output_imag_2[5]  | High Range | IO_L14N_T2_SRCC_15           | OUTPUT        | LVCMOS18*   |      15 |         12 | SLOW |                     |            FP_VTT_50 |         | UNFIXED    |           |          |      | NONE             |              |                   |              |
| H24        | output_imag_2[1]  | High Range | IO_L16N_T2_A27_15            | OUTPUT        | LVCMOS18*   |      15 |         12 | SLOW |                     |            FP_VTT_50 |         | UNFIXED    |           |          |      | NONE             |              |                   |              |
| H25        |                   |            | GND                          | GND           |             |         |            |      |                     |                      |     0.0 |            |           |          |      |                  |              |                   |              |
| H26        | output_imag_1[6]  | High Range | IO_L22P_T3_A17_15            | OUTPUT        | LVCMOS18*   |      15 |         12 | SLOW |                     |            FP_VTT_50 |         | UNFIXED    |           |          |      | NONE             |              |                   |              |
| J1         | input_imag_2[9]   | High Range | IO_L7N_T1_34                 | INPUT         | LVCMOS18*   |      34 |            |      |                     |                 NONE |         | UNFIXED    |           |          |      | NONE             |              |                   |              |
| J2         |                   |            | GND                          | GND           |             |         |            |      |                     |                      |     0.0 |            |           |          |      |                  |              |                   |              |
| J3         | output_real_3[14] | High Range | IO_L1N_T0_34                 | OUTPUT        | LVCMOS18*   |      34 |         12 | SLOW |                     |            FP_VTT_50 |         | UNFIXED    |           |          |      | NONE             |              |                   |              |
| J4         | output_real_1[14] | High Range | IO_L9P_T1_DQS_AD7P_35        | OUTPUT        | LVCMOS18*   |      35 |         12 | SLOW |                     |            FP_VTT_50 |         | UNFIXED    |           |          |      | NONE             |              |                   |              |
| J5         | output_real_2[1]  | High Range | IO_L7N_T1_AD6N_35            | OUTPUT        | LVCMOS18*   |      35 |         12 | SLOW |                     |            FP_VTT_50 |         | UNFIXED    |           |          |      | NONE             |              |                   |              |
| J6         | output_real_2[2]  | High Range | IO_L7P_T1_AD6P_35            | OUTPUT        | LVCMOS18*   |      35 |         12 | SLOW |                     |            FP_VTT_50 |         | UNFIXED    |           |          |      | NONE             |              |                   |              |
| J7         |                   | High Range | VCCO_35                      | VCCO          |             |      35 |            |      |                     |                      |    1.80 |            |           |          |      |                  |              |                   |              |
| J8         | output_real_2[15] | High Range | IO_0_35                      | OUTPUT        | LVCMOS18*   |      35 |         12 | SLOW |                     |            FP_VTT_50 |         | UNFIXED    |           |          |      | NONE             |              |                   |              |
| J9         |                   |            | VCCAUX                       | VCCAUX        |             |         |            |      |                     |                      |    1.80 |            |           |          |      |                  |              |                   |              |
| J10        |                   | Dedicated  | TDO_0                        | Config        |             |       0 |            |      |                     |                      |         |            |           |          |      |                  |              |                   |              |
| J11        |                   |            | VCCINT                       | VCCINT        |             |         |            |      |                     |                      |         |            |           |          |      |                  |              |                   |              |
| J12        |                   |            | GND                          | GND           |             |         |            |      |                     |                      |     0.0 |            |           |          |      |                  |              |                   |              |
| J13        |                   |            | VCCINT                       | VCCINT        |             |         |            |      |                     |                      |         |            |           |          |      |                  |              |                   |              |
| J14        | output_imag_3[14] | High Range | IO_L2P_T0_AD8P_15            | OUTPUT        | LVCMOS18*   |      15 |         12 | SLOW |                     |            FP_VTT_50 |         | UNFIXED    |           |          |      | NONE             |              |                   |              |
| J15        | output_imag_3[13] | High Range | IO_L2N_T0_AD8N_15            | OUTPUT        | LVCMOS18*   |      15 |         12 | SLOW |                     |            FP_VTT_50 |         | UNFIXED    |           |          |      | NONE             |              |                   |              |
| J16        | output_imag_3[15] | High Range | IO_L1N_T0_AD0N_15            | OUTPUT        | LVCMOS18*   |      15 |         12 | SLOW |                     |            FP_VTT_50 |         | UNFIXED    |           |          |      | NONE             |              |                   |              |
| J17        |                   | High Range | VCCO_15                      | VCCO          |             |      15 |            |      |                     |                      |    1.80 |            |           |          |      |                  |              |                   |              |
| J18        | output_imag_2[14] | High Range | IO_L10P_T1_AD11P_15          | OUTPUT        | LVCMOS18*   |      15 |         12 | SLOW |                     |            FP_VTT_50 |         | UNFIXED    |           |          |      | NONE             |              |                   |              |
| J19        | output_imag_3[4]  | High Range | IO_L7P_T1_AD2P_15            | OUTPUT        | LVCMOS18*   |      15 |         12 | SLOW |                     |            FP_VTT_50 |         | UNFIXED    |           |          |      | NONE             |              |                   |              |
| J20        | output_imag_2[15] | High Range | IO_L9N_T1_DQS_AD3N_15        | OUTPUT        | LVCMOS18*   |      15 |         12 | SLOW |                     |            FP_VTT_50 |         | UNFIXED    |           |          |      | NONE             |              |                   |              |
| J21        | output_imag_2[9]  | High Range | IO_L12N_T1_MRCC_15           | OUTPUT        | LVCMOS18*   |      15 |         12 | SLOW |                     |            FP_VTT_50 |         | UNFIXED    |           |          |      | NONE             |              |                   |              |
| J22        |                   |            | GND                          | GND           |             |         |            |      |                     |                      |     0.0 |            |           |          |      |                  |              |                   |              |
| J23        | output_imag_2[6]  | High Range | IO_L14P_T2_SRCC_15           | OUTPUT        | LVCMOS18*   |      15 |         12 | SLOW |                     |            FP_VTT_50 |         | UNFIXED    |           |          |      | NONE             |              |                   |              |
| J24        | output_imag_2[2]  | High Range | IO_L16P_T2_A28_15            | OUTPUT        | LVCMOS18*   |      15 |         12 | SLOW |                     |            FP_VTT_50 |         | UNFIXED    |           |          |      | NONE             |              |                   |              |
| J25        | output_imag_1[2]  | High Range | IO_L24P_T3_RS1_15            | OUTPUT        | LVCMOS18*   |      15 |         12 | SLOW |                     |            FP_VTT_50 |         | UNFIXED    |           |          |      | NONE             |              |                   |              |
| J26        | output_imag_1[1]  | High Range | IO_L24N_T3_RS0_15            | OUTPUT        | LVCMOS18*   |      15 |         12 | SLOW |                     |            FP_VTT_50 |         | UNFIXED    |           |          |      | NONE             |              |                   |              |
| K1         | input_imag_2[10]  | High Range | IO_L7P_T1_34                 | INPUT         | LVCMOS18*   |      34 |            |      |                     |                 NONE |         | UNFIXED    |           |          |      | NONE             |              |                   |              |
| K2         | input_imag_2[7]   | High Range | IO_L8N_T1_34                 | INPUT         | LVCMOS18*   |      34 |            |      |                     |                 NONE |         | UNFIXED    |           |          |      | NONE             |              |                   |              |
| K3         | output_real_3[15] | High Range | IO_L1P_T0_34                 | OUTPUT        | LVCMOS18*   |      34 |         12 | SLOW |                     |            FP_VTT_50 |         | UNFIXED    |           |          |      | NONE             |              |                   |              |
| K4         |                   | High Range | VCCO_34                      | VCCO          |             |      34 |            |      |                     |                      |    1.80 |            |           |          |      |                  |              |                   |              |
| K5         | input_en          | High Range | IO_L4N_T0_34                 | INPUT         | LVCMOS18*   |      34 |            |      |                     |                 NONE |         | UNFIXED    |           |          |      | NONE             |              |                   |              |
| K6         | output_real_1[11] | High Range | IO_L10N_T1_AD15N_35          | OUTPUT        | LVCMOS18*   |      35 |         12 | SLOW |                     |            FP_VTT_50 |         | UNFIXED    |           |          |      | NONE             |              |                   |              |
| K7         | output_real_1[12] | High Range | IO_L10P_T1_AD15P_35          | OUTPUT        | LVCMOS18*   |      35 |         12 | SLOW |                     |            FP_VTT_50 |         | UNFIXED    |           |          |      | NONE             |              |                   |              |
| K8         | output_real_1[15] | High Range | IO_L8N_T1_AD14N_35           | OUTPUT        | LVCMOS18*   |      35 |         12 | SLOW |                     |            FP_VTT_50 |         | UNFIXED    |           |          |      | NONE             |              |                   |              |
| K9         |                   |            | GND                          | GND           |             |         |            |      |                     |                      |     0.0 |            |           |          |      |                  |              |                   |              |
| K10        |                   |            | VCCINT                       | VCCINT        |             |         |            |      |                     |                      |         |            |           |          |      |                  |              |                   |              |
| K11        |                   |            | GND                          | GND           |             |         |            |      |                     |                      |     0.0 |            |           |          |      |                  |              |                   |              |
| K12        |                   |            | VCCINT                       | VCCINT        |             |         |            |      |                     |                      |         |            |           |          |      |                  |              |                   |              |
| K13        |                   |            | GND                          | GND           |             |         |            |      |                     |                      |     0.0 |            |           |          |      |                  |              |                   |              |
| K14        |                   | High Range | VCCO_15                      | VCCO          |             |      15 |            |      |                     |                      |    1.80 |            |           |          |      |                  |              |                   |              |
| K15        | output_real_0[0]  | High Range | IO_L1P_T0_AD0P_15            | OUTPUT        | LVCMOS18*   |      15 |         12 | SLOW |                     |            FP_VTT_50 |         | UNFIXED    |           |          |      | NONE             |              |                   |              |
| K16        | output_imag_3[12] | High Range | IO_L3P_T0_DQS_AD1P_15        | OUTPUT        | LVCMOS18*   |      15 |         12 | SLOW |                     |            FP_VTT_50 |         | UNFIXED    |           |          |      | NONE             |              |                   |              |
| K17        | output_imag_3[11] | High Range | IO_L3N_T0_DQS_AD1N_15        | OUTPUT        | LVCMOS18*   |      15 |         12 | SLOW |                     |            FP_VTT_50 |         | UNFIXED    |           |          |      | NONE             |              |                   |              |
| K18        | output_real_0[1]  | High Range | IO_0_15                      | OUTPUT        | LVCMOS18*   |      15 |         12 | SLOW |                     |            FP_VTT_50 |         | UNFIXED    |           |          |      | NONE             |              |                   |              |
| K19        |                   |            | GND                          | GND           |             |         |            |      |                     |                      |     0.0 |            |           |          |      |                  |              |                   |              |
| K20        | output_imag_3[0]  | High Range | IO_L9P_T1_DQS_AD3P_15        | OUTPUT        | LVCMOS18*   |      15 |         12 | SLOW |                     |            FP_VTT_50 |         | UNFIXED    |           |          |      | NONE             |              |                   |              |
| K21        | output_imag_2[10] | High Range | IO_L12P_T1_MRCC_15           | OUTPUT        | LVCMOS18*   |      15 |         12 | SLOW |                     |            FP_VTT_50 |         | UNFIXED    |           |          |      | NONE             |              |                   |              |
| K22        | output_imag_1[14] | High Range | IO_L18P_T2_A24_15            | OUTPUT        | LVCMOS18*   |      15 |         12 | SLOW |                     |            FP_VTT_50 |         | UNFIXED    |           |          |      | NONE             |              |                   |              |
| K23        | output_imag_1[13] | High Range | IO_L18N_T2_A23_15            | OUTPUT        | LVCMOS18*   |      15 |         12 | SLOW |                     |            FP_VTT_50 |         | UNFIXED    |           |          |      | NONE             |              |                   |              |
| K24        |                   | High Range | VCCO_14                      | VCCO          |             |      14 |            |      |                     |                      |    1.80 |            |           |          |      |                  |              |                   |              |
| K25        | output_imag_0[3]  | High Range | IO_L7P_T1_D09_14             | OUTPUT        | LVCMOS18*   |      14 |         12 | SLOW |                     |            FP_VTT_50 |         | UNFIXED    |           |          |      | NONE             |              |                   |              |
| K26        | output_imag_0[2]  | High Range | IO_L7N_T1_D10_14             | OUTPUT        | LVCMOS18*   |      14 |         12 | SLOW |                     |            FP_VTT_50 |         | UNFIXED    |           |          |      | NONE             |              |                   |              |
| L1         |                   | High Range | VCCO_34                      | VCCO          |             |      34 |            |      |                     |                      |    1.80 |            |           |          |      |                  |              |                   |              |
| L2         | input_imag_2[0]   | High Range | IO_L11N_T1_SRCC_34           | INPUT         | LVCMOS18*   |      34 |            |      |                     |                 NONE |         | UNFIXED    |           |          |      | NONE             |              |                   |              |
| L3         | input_imag_2[8]   | High Range | IO_L8P_T1_34                 | INPUT         | LVCMOS18*   |      34 |            |      |                     |                 NONE |         | UNFIXED    |           |          |      | NONE             |              |                   |              |
| L4         | output_real_3[4]  | High Range | IO_L3N_T0_DQS_34             | OUTPUT        | LVCMOS18*   |      34 |         12 | SLOW |                     |            FP_VTT_50 |         | UNFIXED    |           |          |      | NONE             |              |                   |              |
| L5         | output_real_3[0]  | High Range | IO_L4P_T0_34                 | OUTPUT        | LVCMOS18*   |      34 |         12 | SLOW |                     |            FP_VTT_50 |         | UNFIXED    |           |          |      | NONE             |              |                   |              |
| L6         |                   |            | GND                          | GND           |             |         |            |      |                     |                      |     0.0 |            |           |          |      |                  |              |                   |              |
| L7         | output_real_3[12] | High Range | IO_L2N_T0_34                 | OUTPUT        | LVCMOS18*   |      34 |         12 | SLOW |                     |            FP_VTT_50 |         | UNFIXED    |           |          |      | NONE             |              |                   |              |
| L8         | output_real_2[0]  | High Range | IO_L8P_T1_AD14P_35           | OUTPUT        | LVCMOS18*   |      35 |         12 | SLOW |                     |            FP_VTT_50 |         | UNFIXED    |           |          |      | NONE             |              |                   |              |
| L9         |                   |            | VCCAUX                       | VCCAUX        |             |         |            |      |                     |                      |    1.80 |            |           |          |      |                  |              |                   |              |
| L10        |                   |            | GND                          | GND           |             |         |            |      |                     |                      |     0.0 |            |           |          |      |                  |              |                   |              |
| L11        |                   |            | VCCINT                       | VCCINT        |             |         |            |      |                     |                      |         |            |           |          |      |                  |              |                   |              |
| L12        |                   |            | GND                          | GND           |             |         |            |      |                     |                      |     0.0 |            |           |          |      |                  |              |                   |              |
| L13        |                   |            | VCCINT                       | VCCINT        |             |         |            |      |                     |                      |         |            |           |          |      |                  |              |                   |              |
| L14        | output_imag_3[9]  | High Range | IO_L4N_T0_15                 | OUTPUT        | LVCMOS18*   |      15 |         12 | SLOW |                     |            FP_VTT_50 |         | UNFIXED    |           |          |      | NONE             |              |                   |              |
| L15        | output_imag_3[7]  | High Range | IO_L5N_T0_AD9N_15            | OUTPUT        | LVCMOS18*   |      15 |         12 | SLOW |                     |            FP_VTT_50 |         | UNFIXED    |           |          |      | NONE             |              |                   |              |
| L16        |                   |            | GND                          | GND           |             |         |            |      |                     |                      |     0.0 |            |           |          |      |                  |              |                   |              |
| L17        | output_imag_3[2]  | High Range | IO_L8P_T1_AD10P_15           | OUTPUT        | LVCMOS18*   |      15 |         12 | SLOW |                     |            FP_VTT_50 |         | UNFIXED    |           |          |      | NONE             |              |                   |              |
| L18        | output_imag_3[1]  | High Range | IO_L8N_T1_AD10N_15           | OUTPUT        | LVCMOS18*   |      15 |         12 | SLOW |                     |            FP_VTT_50 |         | UNFIXED    |           |          |      | NONE             |              |                   |              |
| L19        | output_imag_1[0]  | High Range | IO_25_15                     | OUTPUT        | LVCMOS18*   |      15 |         12 | SLOW |                     |            FP_VTT_50 |         | UNFIXED    |           |          |      | NONE             |              |                   |              |
| L20        | output_imag_0[0]  | High Range | IO_L8N_T1_D12_14             | OUTPUT        | LVCMOS18*   |      14 |         12 | SLOW |                     |            FP_VTT_50 |         | UNFIXED    |           |          |      | NONE             |              |                   |              |
| L21        |                   | High Range | VCCO_14                      | VCCO          |             |      14 |            |      |                     |                      |    1.80 |            |           |          |      |                  |              |                   |              |
| L22        | input_real_3[11]  | High Range | IO_L11P_T1_SRCC_14           | INPUT         | LVCMOS18*   |      14 |            |      |                     |                 NONE |         | UNFIXED    |           |          |      | NONE             |              |                   |              |
| L23        | input_real_3[10]  | High Range | IO_L11N_T1_SRCC_14           | INPUT         | LVCMOS18*   |      14 |            |      |                     |                 NONE |         | UNFIXED    |           |          |      | NONE             |              |                   |              |
| L24        | input_real_3[15]  | High Range | IO_L9P_T1_DQS_14             | INPUT         | LVCMOS18*   |      14 |            |      |                     |                 NONE |         | UNFIXED    |           |          |      | NONE             |              |                   |              |
| L25        | input_real_3[14]  | High Range | IO_L9N_T1_DQS_D13_14         | INPUT         | LVCMOS18*   |      14 |            |      |                     |                 NONE |         | UNFIXED    |           |          |      | NONE             |              |                   |              |
| L26        |                   |            | GND                          | GND           |             |         |            |      |                     |                      |     0.0 |            |           |          |      |                  |              |                   |              |
| M1         | input_imag_2[4]   | High Range | IO_L9N_T1_DQS_34             | INPUT         | LVCMOS18*   |      34 |            |      |                     |                 NONE |         | UNFIXED    |           |          |      | NONE             |              |                   |              |
| M2         | input_imag_2[1]   | High Range | IO_L11P_T1_SRCC_34           | INPUT         | LVCMOS18*   |      34 |            |      |                     |                 NONE |         | UNFIXED    |           |          |      | NONE             |              |                   |              |
| M3         |                   |            | GND                          | GND           |             |         |            |      |                     |                      |     0.0 |            |           |          |      |                  |              |                   |              |
| M4         | output_real_3[11] | High Range | IO_L3P_T0_DQS_34             | OUTPUT        | LVCMOS18*   |      34 |         12 | SLOW |                     |            FP_VTT_50 |         | UNFIXED    |           |          |      | NONE             |              |                   |              |
| M5         | input_imag_2[11]  | High Range | IO_L6N_T0_VREF_34            | INPUT         | LVCMOS18*   |      34 |            |      |                     |                 NONE |         | UNFIXED    |           |          |      | NONE             |              |                   |              |
| M6         | input_imag_2[12]  | High Range | IO_L6P_T0_34                 | INPUT         | LVCMOS18*   |      34 |            |      |                     |                 NONE |         | UNFIXED    |           |          |      | NONE             |              |                   |              |
| M7         | output_real_3[13] | High Range | IO_L2P_T0_34                 | OUTPUT        | LVCMOS18*   |      34 |         12 | SLOW |                     |            FP_VTT_50 |         | UNFIXED    |           |          |      | NONE             |              |                   |              |
| M8         |                   | High Range | VCCO_34                      | VCCO          |             |      34 |            |      |                     |                      |    1.80 |            |           |          |      |                  |              |                   |              |
| M9         |                   |            | GND                          | GND           |             |         |            |      |                     |                      |     0.0 |            |           |          |      |                  |              |                   |              |
| M10        |                   |            | VCCINT                       | VCCINT        |             |         |            |      |                     |                      |         |            |           |          |      |                  |              |                   |              |
| M11        |                   | Dedicated  | GNDADC_0                     | XADC          |             |       0 |            |      |                     |                      |         |            |           |          |      |                  |              |                   |              |
| M12        |                   | Dedicated  | VCCADC_0                     | XADC          |             |       0 |            |      |                     |                      |         |            |           |          |      |                  |              |                   |              |
| M13        |                   |            | GND                          | GND           |             |         |            |      |                     |                      |     0.0 |            |           |          |      |                  |              |                   |              |
| M14        | output_imag_3[10] | High Range | IO_L4P_T0_15                 | OUTPUT        | LVCMOS18*   |      15 |         12 | SLOW |                     |            FP_VTT_50 |         | UNFIXED    |           |          |      | NONE             |              |                   |              |
| M15        | output_imag_3[8]  | High Range | IO_L5P_T0_AD9P_15            | OUTPUT        | LVCMOS18*   |      15 |         12 | SLOW |                     |            FP_VTT_50 |         | UNFIXED    |           |          |      | NONE             |              |                   |              |
| M16        | output_imag_3[6]  | High Range | IO_L6P_T0_15                 | OUTPUT        | LVCMOS18*   |      15 |         12 | SLOW |                     |            FP_VTT_50 |         | UNFIXED    |           |          |      | NONE             |              |                   |              |
| M17        | output_imag_3[5]  | High Range | IO_L6N_T0_VREF_15            | OUTPUT        | LVCMOS18*   |      15 |         12 | SLOW |                     |            FP_VTT_50 |         | UNFIXED    |           |          |      | NONE             |              |                   |              |
| M18        |                   | High Range | VCCO_15                      | VCCO          |             |      15 |            |      |                     |                      |    1.80 |            |           |          |      |                  |              |                   |              |
| M19        | output_imag_0[15] | High Range | IO_0_14                      | OUTPUT        | LVCMOS18*   |      14 |         12 | SLOW |                     |            FP_VTT_50 |         | UNFIXED    |           |          |      | NONE             |              |                   |              |
| M20        | output_imag_0[1]  | High Range | IO_L8P_T1_D11_14             | OUTPUT        | LVCMOS18*   |      14 |         12 | SLOW |                     |            FP_VTT_50 |         | UNFIXED    |           |          |      | NONE             |              |                   |              |
| M21        | input_real_3[9]   | High Range | IO_L12P_T1_MRCC_14           | INPUT         | LVCMOS18*   |      14 |            |      |                     |                 NONE |         | UNFIXED    |           |          |      | NONE             |              |                   |              |
| M22        | input_real_3[8]   | High Range | IO_L12N_T1_MRCC_14           | INPUT         | LVCMOS18*   |      14 |            |      |                     |                 NONE |         | UNFIXED    |           |          |      | NONE             |              |                   |              |
| M23        |                   |            | GND                          | GND           |             |         |            |      |                     |                      |     0.0 |            |           |          |      |                  |              |                   |              |
| M24        | input_real_3[13]  | High Range | IO_L10P_T1_D14_14            | INPUT         | LVCMOS18*   |      14 |            |      |                     |                 NONE |         | UNFIXED    |           |          |      | NONE             |              |                   |              |
| M25        | input_real_3[12]  | High Range | IO_L10N_T1_D15_14            | INPUT         | LVCMOS18*   |      14 |            |      |                     |                 NONE |         | UNFIXED    |           |          |      | NONE             |              |                   |              |
| M26        | input_real_2[8]   | High Range | IO_L20N_T3_A07_D23_14        | INPUT         | LVCMOS18*   |      14 |            |      |                     |                 NONE |         | UNFIXED    |           |          |      | NONE             |              |                   |              |
| N1         | input_imag_2[5]   | High Range | IO_L9P_T1_DQS_34             | INPUT         | LVCMOS18*   |      34 |            |      |                     |                 NONE |         | UNFIXED    |           |          |      | NONE             |              |                   |              |
| N2         | input_imag_1[14]  | High Range | IO_L12N_T1_MRCC_34           | INPUT         | LVCMOS18*   |      34 |            |      |                     |                 NONE |         | UNFIXED    |           |          |      | NONE             |              |                   |              |
| N3         | input_imag_1[15]  | High Range | IO_L12P_T1_MRCC_34           | INPUT         | LVCMOS18*   |      34 |            |      |                     |                 NONE |         | UNFIXED    |           |          |      | NONE             |              |                   |              |
| N4         | input_imag_1[10]  | High Range | IO_L14N_T2_SRCC_34           | INPUT         | LVCMOS18*   |      34 |            |      |                     |                 NONE |         | UNFIXED    |           |          |      | NONE             |              |                   |              |
| N5         |                   | High Range | VCCO_34                      | VCCO          |             |      34 |            |      |                     |                      |    1.80 |            |           |          |      |                  |              |                   |              |
| N6         | input_imag_2[14]  | High Range | IO_L5N_T0_34                 | INPUT         | LVCMOS18*   |      34 |            |      |                     |                 NONE |         | UNFIXED    |           |          |      | NONE             |              |                   |              |
| N7         | input_imag_2[15]  | High Range | IO_L5P_T0_34                 | INPUT         | LVCMOS18*   |      34 |            |      |                     |                 NONE |         | UNFIXED    |           |          |      | NONE             |              |                   |              |
| N8         | output_en         | High Range | IO_0_34                      | OUTPUT        | LVCMOS18*   |      34 |         12 | SLOW |                     |            FP_VTT_50 |         | UNFIXED    |           |          |      | NONE             |              |                   |              |
| N9         |                   |            | VCCAUX                       | VCCAUX        |             |         |            |      |                     |                      |    1.80 |            |           |          |      |                  |              |                   |              |
| N10        |                   |            | GND                          | GND           |             |         |            |      |                     |                      |     0.0 |            |           |          |      |                  |              |                   |              |
| N11        |                   | Dedicated  | VREFN_0                      | XADC          |             |       0 |            |      |                     |                      |         |            |           |          |      |                  |              |                   |              |
| N12        |                   | Dedicated  | VP_0                         | XADC          |             |       0 |            |      |                     |                      |         |            |           |          |      |                  |              |                   |              |
| N13        |                   |            | VCCBRAM                      | VCCBRAM       |             |         |            |      |                     |                      |         |            |           |          |      |                  |              |                   |              |
| N14        | output_imag_0[11] | High Range | IO_L2N_T0_D03_14             | OUTPUT        | LVCMOS18*   |      14 |         12 | SLOW |                     |            FP_VTT_50 |         | UNFIXED    |           |          |      | NONE             |              |                   |              |
| N15        |                   | High Range | VCCO_14                      | VCCO          |             |      14 |            |      |                     |                      |    1.80 |            |           |          |      |                  |              |                   |              |
| N16        | output_imag_0[9]  | High Range | IO_L4P_T0_D04_14             | OUTPUT        | LVCMOS18*   |      14 |         12 | SLOW |                     |            FP_VTT_50 |         | UNFIXED    |           |          |      | NONE             |              |                   |              |
| N17        | output_imag_0[8]  | High Range | IO_L4N_T0_D05_14             | OUTPUT        | LVCMOS18*   |      14 |         12 | SLOW |                     |            FP_VTT_50 |         | UNFIXED    |           |          |      | NONE             |              |                   |              |
| N18        | output_imag_0[4]  | High Range | IO_L6N_T0_D08_VREF_14        | OUTPUT        | LVCMOS18*   |      14 |         12 | SLOW |                     |            FP_VTT_50 |         | UNFIXED    |           |          |      | NONE             |              |                   |              |
| N19        | input_real_3[0]   | High Range | IO_L16N_T2_A15_D31_14        | INPUT         | LVCMOS18*   |      14 |            |      |                     |                 NONE |         | UNFIXED    |           |          |      | NONE             |              |                   |              |
| N20        |                   |            | GND                          | GND           |             |         |            |      |                     |                      |     0.0 |            |           |          |      |                  |              |                   |              |
| N21        | input_real_3[7]   | High Range | IO_L13P_T2_MRCC_14           | INPUT         | LVCMOS18*   |      14 |            |      |                     |                 NONE |         | UNFIXED    |           |          |      | NONE             |              |                   |              |
| N22        | input_real_3[6]   | High Range | IO_L13N_T2_MRCC_14           | INPUT         | LVCMOS18*   |      14 |            |      |                     |                 NONE |         | UNFIXED    |           |          |      | NONE             |              |                   |              |
| N23        | input_real_3[3]   | High Range | IO_L15P_T2_DQS_RDWR_B_14     | INPUT         | LVCMOS18*   |      14 |            |      |                     |                 NONE |         | UNFIXED    |           |          |      | NONE             |              |                   |              |
| N24        | input_real_3[2]   | High Range | IO_L15N_T2_DQS_DOUT_CSO_B_14 | INPUT         | LVCMOS18*   |      14 |            |      |                     |                 NONE |         | UNFIXED    |           |          |      | NONE             |              |                   |              |
| N25        |                   | High Range | VCCO_14                      | VCCO          |             |      14 |            |      |                     |                      |    1.80 |            |           |          |      |                  |              |                   |              |
| N26        | input_real_2[9]   | High Range | IO_L20P_T3_A08_D24_14        | INPUT         | LVCMOS18*   |      14 |            |      |                     |                 NONE |         | UNFIXED    |           |          |      | NONE             |              |                   |              |
| P1         | input_imag_1[8]   | High Range | IO_L15N_T2_DQS_34            | INPUT         | LVCMOS18*   |      34 |            |      |                     |                 NONE |         | UNFIXED    |           |          |      | NONE             |              |                   |              |
| P2         |                   | High Range | VCCO_34                      | VCCO          |             |      34 |            |      |                     |                      |    1.80 |            |           |          |      |                  |              |                   |              |
| P3         | input_imag_1[12]  | High Range | IO_L13N_T2_MRCC_34           | INPUT         | LVCMOS18*   |      34 |            |      |                     |                 NONE |         | UNFIXED    |           |          |      | NONE             |              |                   |              |
| P4         | input_imag_1[11]  | High Range | IO_L14P_T2_SRCC_34           | INPUT         | LVCMOS18*   |      34 |            |      |                     |                 NONE |         | UNFIXED    |           |          |      | NONE             |              |                   |              |
| P5         | input_imag_1[0]   | High Range | IO_L19N_T3_VREF_34           | INPUT         | LVCMOS18*   |      34 |            |      |                     |                 NONE |         | UNFIXED    |           |          |      | NONE             |              |                   |              |
| P6         | input_imag_1[1]   | High Range | IO_L19P_T3_34                | INPUT         | LVCMOS18*   |      34 |            |      |                     |                 NONE |         | UNFIXED    |           |          |      | NONE             |              |                   |              |
| P7         |                   |            | GND                          | GND           |             |         |            |      |                     |                      |     0.0 |            |           |          |      |                  |              |                   |              |
| P8         | input_imag_0[10]  | High Range | IO_L22N_T3_34                | INPUT         | LVCMOS18*   |      34 |            |      |                     |                 NONE |         | UNFIXED    |           |          |      | NONE             |              |                   |              |
| P9         |                   |            | GND                          | GND           |             |         |            |      |                     |                      |     0.0 |            |           |          |      |                  |              |                   |              |
| P10        |                   |            | VCCINT                       | VCCINT        |             |         |            |      |                     |                      |         |            |           |          |      |                  |              |                   |              |
| P11        |                   | Dedicated  | VN_0                         | XADC          |             |       0 |            |      |                     |                      |         |            |           |          |      |                  |              |                   |              |
| P12        |                   | Dedicated  | VREFP_0                      | XADC          |             |       0 |            |      |                     |                      |         |            |           |          |      |                  |              |                   |              |
| P13        |                   |            | GND                          | GND           |             |         |            |      |                     |                      |     0.0 |            |           |          |      |                  |              |                   |              |
| P14        | output_imag_0[12] | High Range | IO_L2P_T0_D02_14             | OUTPUT        | LVCMOS18*   |      14 |         12 | SLOW |                     |            FP_VTT_50 |         | UNFIXED    |           |          |      | NONE             |              |                   |              |
| P15        | output_imag_0[10] | High Range | IO_L3P_T0_DQS_PUDC_B_14      | OUTPUT        | LVCMOS18*   |      14 |         12 | SLOW |                     |            FP_VTT_50 |         | UNFIXED    |           |          |      | NONE             |              |                   |              |
| P16        | reset             | High Range | IO_L3N_T0_DQS_EMCCLK_14      | INPUT         | LVCMOS18    |      14 |            |      |                     |                 NONE |         | FIXED      |           |          |      | NONE             |              |                   |              |
| P17        |                   |            | GND                          | GND           |             |         |            |      |                     |                      |     0.0 |            |           |          |      |                  |              |                   |              |
| P18        | output_imag_0[5]  | High Range | IO_L6P_T0_FCS_B_14           | OUTPUT        | LVCMOS18*   |      14 |         12 | SLOW |                     |            FP_VTT_50 |         | UNFIXED    |           |          |      | NONE             |              |                   |              |
| P19        | input_real_3[1]   | High Range | IO_L16P_T2_CSI_B_14          | INPUT         | LVCMOS18*   |      14 |            |      |                     |                 NONE |         | UNFIXED    |           |          |      | NONE             |              |                   |              |
| P20        | input_real_3[5]   | High Range | IO_L14P_T2_SRCC_14           | INPUT         | LVCMOS18*   |      14 |            |      |                     |                 NONE |         | UNFIXED    |           |          |      | NONE             |              |                   |              |
| P21        | input_real_3[4]   | High Range | IO_L14N_T2_SRCC_14           | INPUT         | LVCMOS18*   |      14 |            |      |                     |                 NONE |         | UNFIXED    |           |          |      | NONE             |              |                   |              |
| P22        |                   | High Range | VCCO_14                      | VCCO          |             |      14 |            |      |                     |                      |    1.80 |            |           |          |      |                  |              |                   |              |
| P23        | input_real_2[15]  | High Range | IO_L17P_T2_A14_D30_14        | INPUT         | LVCMOS18*   |      14 |            |      |                     |                 NONE |         | UNFIXED    |           |          |      | NONE             |              |                   |              |
| P24        | input_real_2[14]  | High Range | IO_L17N_T2_A13_D29_14        | INPUT         | LVCMOS18*   |      14 |            |      |                     |                 NONE |         | UNFIXED    |           |          |      | NONE             |              |                   |              |
| P25        | input_real_2[10]  | High Range | IO_L19N_T3_A09_D25_VREF_14   | INPUT         | LVCMOS18*   |      14 |            |      |                     |                 NONE |         | UNFIXED    |           |          |      | NONE             |              |                   |              |
| P26        | input_real_2[4]   | High Range | IO_L22N_T3_A04_D20_14        | INPUT         | LVCMOS18*   |      14 |            |      |                     |                 NONE |         | UNFIXED    |           |          |      | NONE             |              |                   |              |
| R1         | input_imag_1[9]   | High Range | IO_L15P_T2_DQS_34            | INPUT         | LVCMOS18*   |      34 |            |      |                     |                 NONE |         | UNFIXED    |           |          |      | NONE             |              |                   |              |
| R2         | input_imag_1[4]   | High Range | IO_L17N_T2_34                | INPUT         | LVCMOS18*   |      34 |            |      |                     |                 NONE |         | UNFIXED    |           |          |      | NONE             |              |                   |              |
| R3         | input_imag_1[13]  | High Range | IO_L13P_T2_MRCC_34           | INPUT         | LVCMOS18*   |      34 |            |      |                     |                 NONE |         | UNFIXED    |           |          |      | NONE             |              |                   |              |
| R4         |                   |            | GND                          | GND           |             |         |            |      |                     |                      |     0.0 |            |           |          |      |                  |              |                   |              |
| R5         | input_imag_0[14]  | High Range | IO_L20N_T3_34                | INPUT         | LVCMOS18*   |      34 |            |      |                     |                 NONE |         | UNFIXED    |           |          |      | NONE             |              |                   |              |
| R6         | input_imag_0[8]   | High Range | IO_L23N_T3_34                | INPUT         | LVCMOS18*   |      34 |            |      |                     |                 NONE |         | UNFIXED    |           |          |      | NONE             |              |                   |              |
| R7         | input_imag_0[9]   | High Range | IO_L23P_T3_34                | INPUT         | LVCMOS18*   |      34 |            |      |                     |                 NONE |         | UNFIXED    |           |          |      | NONE             |              |                   |              |
| R8         | input_imag_0[11]  | High Range | IO_L22P_T3_34                | INPUT         | LVCMOS18*   |      34 |            |      |                     |                 NONE |         | UNFIXED    |           |          |      | NONE             |              |                   |              |
| R9         |                   |            | VCCAUX                       | VCCAUX        |             |         |            |      |                     |                      |    1.80 |            |           |          |      |                  |              |                   |              |
| R10        |                   |            | GND                          | GND           |             |         |            |      |                     |                      |     0.0 |            |           |          |      |                  |              |                   |              |
| R11        |                   | Dedicated  | DXN_0                        | Temp Sensor   |             |       0 |            |      |                     |                      |         |            |           |          |      |                  |              |                   |              |
| R12        |                   | Dedicated  | DXP_0                        | Temp Sensor   |             |       0 |            |      |                     |                      |         |            |           |          |      |                  |              |                   |              |
| R13        |                   |            | VCCBRAM                      | VCCBRAM       |             |         |            |      |                     |                      |         |            |           |          |      |                  |              |                   |              |
| R14        | output_imag_0[14] | High Range | IO_L1P_T0_D00_MOSI_14        | OUTPUT        | LVCMOS18*   |      14 |         12 | SLOW |                     |            FP_VTT_50 |         | UNFIXED    |           |          |      | NONE             |              |                   |              |
| R15        | output_imag_0[13] | High Range | IO_L1N_T0_D01_DIN_14         | OUTPUT        | LVCMOS18*   |      14 |         12 | SLOW |                     |            FP_VTT_50 |         | UNFIXED    |           |          |      | NONE             |              |                   |              |
| R16        | output_imag_0[7]  | High Range | IO_L5P_T0_D06_14             | OUTPUT        | LVCMOS18*   |      14 |         12 | SLOW |                     |            FP_VTT_50 |         | UNFIXED    |           |          |      | NONE             |              |                   |              |
| R17        | output_imag_0[6]  | High Range | IO_L5N_T0_D07_14             | OUTPUT        | LVCMOS18*   |      14 |         12 | SLOW |                     |            FP_VTT_50 |         | UNFIXED    |           |          |      | NONE             |              |                   |              |
| R18        | input_imag_3[0]   | High Range | IO_25_14                     | INPUT         | LVCMOS18*   |      14 |            |      |                     |                 NONE |         | UNFIXED    |           |          |      | NONE             |              |                   |              |
| R19        |                   | High Range | VCCO_14                      | VCCO          |             |      14 |            |      |                     |                      |    1.80 |            |           |          |      |                  |              |                   |              |
| R20        | input_real_2[13]  | High Range | IO_L18P_T2_A12_D28_14        | INPUT         | LVCMOS18*   |      14 |            |      |                     |                 NONE |         | UNFIXED    |           |          |      | NONE             |              |                   |              |
| R21        | input_real_2[12]  | High Range | IO_L18N_T2_A11_D27_14        | INPUT         | LVCMOS18*   |      14 |            |      |                     |                 NONE |         | UNFIXED    |           |          |      | NONE             |              |                   |              |
| R22        | input_real_2[2]   | High Range | IO_L23N_T3_A02_D18_14        | INPUT         | LVCMOS18*   |      14 |            |      |                     |                 NONE |         | UNFIXED    |           |          |      | NONE             |              |                   |              |
| R23        | input_real_2[0]   | High Range | IO_L24N_T3_A00_D16_14        | INPUT         | LVCMOS18*   |      14 |            |      |                     |                 NONE |         | UNFIXED    |           |          |      | NONE             |              |                   |              |
| R24        |                   |            | GND                          | GND           |             |         |            |      |                     |                      |     0.0 |            |           |          |      |                  |              |                   |              |
| R25        | input_real_2[11]  | High Range | IO_L19P_T3_A10_D26_14        | INPUT         | LVCMOS18*   |      14 |            |      |                     |                 NONE |         | UNFIXED    |           |          |      | NONE             |              |                   |              |
| R26        | input_real_2[5]   | High Range | IO_L22P_T3_A05_D21_14        | INPUT         | LVCMOS18*   |      14 |            |      |                     |                 NONE |         | UNFIXED    |           |          |      | NONE             |              |                   |              |
| T1         |                   |            | GND                          | GND           |             |         |            |      |                     |                      |     0.0 |            |           |          |      |                  |              |                   |              |
| T2         | input_imag_1[5]   | High Range | IO_L17P_T2_34                | INPUT         | LVCMOS18*   |      34 |            |      |                     |                 NONE |         | UNFIXED    |           |          |      | NONE             |              |                   |              |
| T3         | input_imag_1[6]   | High Range | IO_L16N_T2_34                | INPUT         | LVCMOS18*   |      34 |            |      |                     |                 NONE |         | UNFIXED    |           |          |      | NONE             |              |                   |              |
| T4         | input_imag_1[7]   | High Range | IO_L16P_T2_34                | INPUT         | LVCMOS18*   |      34 |            |      |                     |                 NONE |         | UNFIXED    |           |          |      | NONE             |              |                   |              |
| T5         | input_imag_0[15]  | High Range | IO_L20P_T3_34                | INPUT         | LVCMOS18*   |      34 |            |      |                     |                 NONE |         | UNFIXED    |           |          |      | NONE             |              |                   |              |
| T6         |                   | High Range | VCCO_34                      | VCCO          |             |      34 |            |      |                     |                      |    1.80 |            |           |          |      |                  |              |                   |              |
| T7         | input_imag_0[5]   | High Range | IO_L24N_T3_34                | INPUT         | LVCMOS18*   |      34 |            |      |                     |                 NONE |         | UNFIXED    |           |          |      | NONE             |              |                   |              |
| T8         | input_imag_0[7]   | High Range | IO_L24P_T3_34                | INPUT         | LVCMOS18*   |      34 |            |      |                     |                 NONE |         | UNFIXED    |           |          |      | NONE             |              |                   |              |
| T9         |                   |            | GND                          | GND           |             |         |            |      |                     |                      |     0.0 |            |           |          |      |                  |              |                   |              |
| T10        |                   |            | VCCINT                       | VCCINT        |             |         |            |      |                     |                      |         |            |           |          |      |                  |              |                   |              |
| T11        |                   |            | GND                          | GND           |             |         |            |      |                     |                      |     0.0 |            |           |          |      |                  |              |                   |              |
| T12        |                   |            | VCCINT                       | VCCINT        |             |         |            |      |                     |                      |         |            |           |          |      |                  |              |                   |              |
| T13        |                   |            | GND                          | GND           |             |         |            |      |                     |                      |     0.0 |            |           |          |      |                  |              |                   |              |
| T14        | input_imag_3[8]   | High Range | IO_L20P_T3_13                | INPUT         | LVCMOS18*   |      13 |            |      |                     |                 NONE |         | UNFIXED    |           |          |      | NONE             |              |                   |              |
| T15        | input_imag_3[7]   | High Range | IO_L20N_T3_13                | INPUT         | LVCMOS18*   |      13 |            |      |                     |                 NONE |         | UNFIXED    |           |          |      | NONE             |              |                   |              |
| T16        |                   | High Range | VCCO_13                      | VCCO          |             |      13 |            |      |                     |                      |    1.80 |            |           |          |      |                  |              |                   |              |
| T17        | input_imag_3[6]   | High Range | IO_L21P_T3_DQS_13            | INPUT         | LVCMOS18*   |      13 |            |      |                     |                 NONE |         | UNFIXED    |           |          |      | NONE             |              |                   |              |
| T18        | input_imag_3[5]   | High Range | IO_L21N_T3_DQS_13            | INPUT         | LVCMOS18*   |      13 |            |      |                     |                 NONE |         | UNFIXED    |           |          |      | NONE             |              |                   |              |
| T19        | input_imag_3[14]  | High Range | IO_L17P_T2_13                | INPUT         | LVCMOS18*   |      13 |            |      |                     |                 NONE |         | UNFIXED    |           |          |      | NONE             |              |                   |              |
| T20        | input_real_0[2]   | High Range | IO_L15P_T2_DQS_13            | INPUT         | LVCMOS18*   |      13 |            |      |                     |                 NONE |         | UNFIXED    |           |          |      | NONE             |              |                   |              |
| T21        |                   |            | GND                          | GND           |             |         |            |      |                     |                      |     0.0 |            |           |          |      |                  |              |                   |              |
| T22        | input_real_2[3]   | High Range | IO_L23P_T3_A03_D19_14        | INPUT         | LVCMOS18*   |      14 |            |      |                     |                 NONE |         | UNFIXED    |           |          |      | NONE             |              |                   |              |
| T23        | input_real_2[1]   | High Range | IO_L24P_T3_A01_D17_14        | INPUT         | LVCMOS18*   |      14 |            |      |                     |                 NONE |         | UNFIXED    |           |          |      | NONE             |              |                   |              |
| T24        | input_real_2[7]   | High Range | IO_L21P_T3_DQS_14            | INPUT         | LVCMOS18*   |      14 |            |      |                     |                 NONE |         | UNFIXED    |           |          |      | NONE             |              |                   |              |
| T25        | input_real_2[6]   | High Range | IO_L21N_T3_DQS_A06_D22_14    | INPUT         | LVCMOS18*   |      14 |            |      |                     |                 NONE |         | UNFIXED    |           |          |      | NONE             |              |                   |              |
| T26        |                   | High Range | VCCO_13                      | VCCO          |             |      13 |            |      |                     |                      |    1.80 |            |           |          |      |                  |              |                   |              |
| U1         | input_imag_1[2]   | High Range | IO_L18N_T2_34                | INPUT         | LVCMOS18*   |      34 |            |      |                     |                 NONE |         | UNFIXED    |           |          |      | NONE             |              |                   |              |
| U2         | input_imag_1[3]   | High Range | IO_L18P_T2_34                | INPUT         | LVCMOS18*   |      34 |            |      |                     |                 NONE |         | UNFIXED    |           |          |      | NONE             |              |                   |              |
| U3         |                   | High Range | VCCO_33                      | VCCO          |             |      33 |            |      |                     |                      |    1.80 |            |           |          |      |                  |              |                   |              |
| U4         | input_imag_0[4]   | High Range | IO_25_34                     | INPUT         | LVCMOS18*   |      34 |            |      |                     |                 NONE |         | UNFIXED    |           |          |      | NONE             |              |                   |              |
| U5         | input_imag_0[12]  | High Range | IO_L21N_T3_DQS_34            | INPUT         | LVCMOS18*   |      34 |            |      |                     |                 NONE |         | UNFIXED    |           |          |      | NONE             |              |                   |              |
| U6         | input_imag_0[13]  | High Range | IO_L21P_T3_DQS_34            | INPUT         | LVCMOS18*   |      34 |            |      |                     |                 NONE |         | UNFIXED    |           |          |      | NONE             |              |                   |              |
| U7         |                   | High Range | IO_L6P_T0_33                 | User IO       |             |      33 |            |      |                     |                      |         |            |           |          |      |                  |              |                   |              |
| U8         |                   |            | GND                          | GND           |             |         |            |      |                     |                      |     0.0 |            |           |          |      |                  |              |                   |              |
| U9         |                   |            | VCCAUX                       | VCCAUX        |             |         |            |      |                     |                      |    1.80 |            |           |          |      |                  |              |                   |              |
| U10        |                   |            | GND                          | GND           |             |         |            |      |                     |                      |     0.0 |            |           |          |      |                  |              |                   |              |
| U11        |                   |            | VCCINT                       | VCCINT        |             |         |            |      |                     |                      |         |            |           |          |      |                  |              |                   |              |
| U12        |                   |            | GND                          | GND           |             |         |            |      |                     |                      |     0.0 |            |           |          |      |                  |              |                   |              |
| U13        |                   |            | VCCBRAM                      | VCCBRAM       |             |         |            |      |                     |                      |         |            |           |          |      |                  |              |                   |              |
| U14        | input_imag_3[2]   | High Range | IO_L23P_T3_13                | INPUT         | LVCMOS18*   |      13 |            |      |                     |                 NONE |         | UNFIXED    |           |          |      | NONE             |              |                   |              |
| U15        | input_imag_3[4]   | High Range | IO_L22P_T3_13                | INPUT         | LVCMOS18*   |      13 |            |      |                     |                 NONE |         | UNFIXED    |           |          |      | NONE             |              |                   |              |
| U16        | input_imag_3[3]   | High Range | IO_L22N_T3_13                | INPUT         | LVCMOS18*   |      13 |            |      |                     |                 NONE |         | UNFIXED    |           |          |      | NONE             |              |                   |              |
| U17        | input_imag_0[1]   | High Range | IO_25_13                     | INPUT         | LVCMOS18*   |      13 |            |      |                     |                 NONE |         | UNFIXED    |           |          |      | NONE             |              |                   |              |
| U18        |                   |            | GND                          | GND           |             |         |            |      |                     |                      |     0.0 |            |           |          |      |                  |              |                   |              |
| U19        | input_imag_3[13]  | High Range | IO_L17N_T2_13                | INPUT         | LVCMOS18*   |      13 |            |      |                     |                 NONE |         | UNFIXED    |           |          |      | NONE             |              |                   |              |
| U20        | input_real_0[1]   | High Range | IO_L15N_T2_DQS_13            | INPUT         | LVCMOS18*   |      13 |            |      |                     |                 NONE |         | UNFIXED    |           |          |      | NONE             |              |                   |              |
| U21        | input_real_0[6]   | High Range | IO_L13P_T2_MRCC_13           | INPUT         | LVCMOS18*   |      13 |            |      |                     |                 NONE |         | UNFIXED    |           |          |      | NONE             |              |                   |              |
| U22        | input_real_0[8]   | High Range | IO_L12P_T1_MRCC_13           | INPUT         | LVCMOS18*   |      13 |            |      |                     |                 NONE |         | UNFIXED    |           |          |      | NONE             |              |                   |              |
| U23        |                   | High Range | VCCO_13                      | VCCO          |             |      13 |            |      |                     |                      |    1.80 |            |           |          |      |                  |              |                   |              |
| U24        | input_real_1[15]  | High Range | IO_0_13                      | INPUT         | LVCMOS18*   |      13 |            |      |                     |                 NONE |         | UNFIXED    |           |          |      | NONE             |              |                   |              |
| U25        | input_real_1[14]  | High Range | IO_L1P_T0_13                 | INPUT         | LVCMOS18*   |      13 |            |      |                     |                 NONE |         | UNFIXED    |           |          |      | NONE             |              |                   |              |
| U26        | input_real_1[13]  | High Range | IO_L1N_T0_13                 | INPUT         | LVCMOS18*   |      13 |            |      |                     |                 NONE |         | UNFIXED    |           |          |      | NONE             |              |                   |              |
| V1         |                   | High Range | IO_L1P_T0_33                 | User IO       |             |      33 |            |      |                     |                      |         |            |           |          |      |                  |              |                   |              |
| V2         |                   | High Range | IO_L3N_T0_DQS_33             | User IO       |             |      33 |            |      |                     |                      |         |            |           |          |      |                  |              |                   |              |
| V3         |                   | High Range | IO_L3P_T0_DQS_33             | User IO       |             |      33 |            |      |                     |                      |         |            |           |          |      |                  |              |                   |              |
| V4         |                   | High Range | IO_0_33                      | User IO       |             |      33 |            |      |                     |                      |         |            |           |          |      |                  |              |                   |              |
| V5         |                   |            | GND                          | GND           |             |         |            |      |                     |                      |     0.0 |            |           |          |      |                  |              |                   |              |
| V6         |                   | High Range | IO_L4P_T0_33                 | User IO       |             |      33 |            |      |                     |                      |         |            |           |          |      |                  |              |                   |              |
| V7         |                   | High Range | IO_L6N_T0_VREF_33            | User IO       |             |      33 |            |      |                     |                      |         |            |           |          |      |                  |              |                   |              |
| V8         | output_real_3[10] | High Range | IO_L21P_T3_DQS_33            | OUTPUT        | LVCMOS18*   |      33 |         12 | SLOW |                     |            FP_VTT_50 |         | UNFIXED    |           |          |      | NONE             |              |                   |              |
| V9         | output_real_3[1]  | High Range | IO_25_33                     | OUTPUT        | LVCMOS18*   |      33 |         12 | SLOW |                     |            FP_VTT_50 |         | UNFIXED    |           |          |      | NONE             |              |                   |              |
| V10        |                   |            | VCCINT                       | VCCINT        |             |         |            |      |                     |                      |         |            |           |          |      |                  |              |                   |              |
| V11        |                   | Dedicated  | INIT_B_0                     | Config        |             |       0 |            |      |                     |                      |         |            |           |          |      |                  |              |                   |              |
| V12        |                   |            | VCCINT                       | VCCINT        |             |         |            |      |                     |                      |         |            |           |          |      |                  |              |                   |              |
| V13        |                   |            | GND                          | GND           |             |         |            |      |                     |                      |     0.0 |            |           |          |      |                  |              |                   |              |
| V14        | input_imag_3[1]   | High Range | IO_L23N_T3_13                | INPUT         | LVCMOS18*   |      13 |            |      |                     |                 NONE |         | UNFIXED    |           |          |      | NONE             |              |                   |              |
| V15        |                   |            | GND                          | GND           |             |         |            |      |                     |                      |     0.0 |            |           |          |      |                  |              |                   |              |
| V16        | input_imag_2[13]  | High Range | IO_L24P_T3_13                | INPUT         | LVCMOS18*   |      13 |            |      |                     |                 NONE |         | UNFIXED    |           |          |      | NONE             |              |                   |              |
| V17        | input_imag_0[3]   | High Range | IO_L24N_T3_13                | INPUT         | LVCMOS18*   |      13 |            |      |                     |                 NONE |         | UNFIXED    |           |          |      | NONE             |              |                   |              |
| V18        | input_imag_3[10]  | High Range | IO_L19P_T3_13                | INPUT         | LVCMOS18*   |      13 |            |      |                     |                 NONE |         | UNFIXED    |           |          |      | NONE             |              |                   |              |
| V19        | input_imag_3[12]  | High Range | IO_L18P_T2_13                | INPUT         | LVCMOS18*   |      13 |            |      |                     |                 NONE |         | UNFIXED    |           |          |      | NONE             |              |                   |              |
| V20        |                   | High Range | VCCO_13                      | VCCO          |             |      13 |            |      |                     |                      |    1.80 |            |           |          |      |                  |              |                   |              |
| V21        | input_real_0[5]   | High Range | IO_L13N_T2_MRCC_13           | INPUT         | LVCMOS18*   |      13 |            |      |                     |                 NONE |         | UNFIXED    |           |          |      | NONE             |              |                   |              |
| V22        | input_real_0[7]   | High Range | IO_L12N_T1_MRCC_13           | INPUT         | LVCMOS18*   |      13 |            |      |                     |                 NONE |         | UNFIXED    |           |          |      | NONE             |              |                   |              |
| V23        | input_real_0[12]  | High Range | IO_L10P_T1_13                | INPUT         | LVCMOS18*   |      13 |            |      |                     |                 NONE |         | UNFIXED    |           |          |      | NONE             |              |                   |              |
| V24        | input_real_1[4]   | High Range | IO_L6P_T0_13                 | INPUT         | LVCMOS18*   |      13 |            |      |                     |                 NONE |         | UNFIXED    |           |          |      | NONE             |              |                   |              |
| V25        |                   |            | GND                          | GND           |             |         |            |      |                     |                      |     0.0 |            |           |          |      |                  |              |                   |              |
| V26        | input_real_1[12]  | High Range | IO_L2P_T0_13                 | INPUT         | LVCMOS18*   |      13 |            |      |                     |                 NONE |         | UNFIXED    |           |          |      | NONE             |              |                   |              |
| W1         |                   | High Range | IO_L1N_T0_33                 | User IO       |             |      33 |            |      |                     |                      |         |            |           |          |      |                  |              |                   |              |
| W2         |                   |            | GND                          | GND           |             |         |            |      |                     |                      |     0.0 |            |           |          |      |                  |              |                   |              |
| W3         |                   | High Range | IO_L5P_T0_33                 | User IO       |             |      33 |            |      |                     |                      |         |            |           |          |      |                  |              |                   |              |
| W4         |                   | High Range | IO_L2N_T0_33                 | User IO       |             |      33 |            |      |                     |                      |         |            |           |          |      |                  |              |                   |              |
| W5         |                   | High Range | IO_L2P_T0_33                 | User IO       |             |      33 |            |      |                     |                      |         |            |           |          |      |                  |              |                   |              |
| W6         |                   | High Range | IO_L4N_T0_33                 | User IO       |             |      33 |            |      |                     |                      |         |            |           |          |      |                  |              |                   |              |
| W7         |                   | High Range | VCCO_33                      | VCCO          |             |      33 |            |      |                     |                      |    1.80 |            |           |          |      |                  |              |                   |              |
| W8         | output_real_3[9]  | High Range | IO_L21N_T3_DQS_33            | OUTPUT        | LVCMOS18*   |      33 |         12 | SLOW |                     |            FP_VTT_50 |         | UNFIXED    |           |          |      | NONE             |              |                   |              |
| W9         |                   | Dedicated  | M2_0                         | Config        |             |       0 |            |      |                     |                      |         |            |           |          |      |                  |              |                   |              |
| W10        |                   | Dedicated  | DONE_0                       | Config        |             |       0 |            |      |                     |                      |         |            |           |          |      |                  |              |                   |              |
| W11        |                   | Dedicated  | VCCO_0                       | VCCO          |             |       0 |            |      |                     |                      |   any** |            |           |          |      |                  |              |                   |              |
| W12        |                   |            | GND                          | GND           |             |         |            |      |                     |                      |     0.0 |            |           |          |      |                  |              |                   |              |
| W13        |                   |            | VCCBRAM                      | VCCBRAM       |             |         |            |      |                     |                      |         |            |           |          |      |                  |              |                   |              |
| W14        |                   | High Range | IO_L24P_T3_12                | User IO       |             |      12 |            |      |                     |                      |         |            |           |          |      |                  |              |                   |              |
| W15        |                   | High Range | IO_L24N_T3_12                | User IO       |             |      12 |            |      |                     |                      |         |            |           |          |      |                  |              |                   |              |
| W16        |                   | High Range | IO_25_12                     | User IO       |             |      12 |            |      |                     |                      |         |            |           |          |      |                  |              |                   |              |
| W17        |                   | High Range | VCCO_12                      | VCCO          |             |      12 |            |      |                     |                      |   any** |            |           |          |      |                  |              |                   |              |
| W18        | input_imag_3[9]   | High Range | IO_L19N_T3_VREF_13           | INPUT         | LVCMOS18*   |      13 |            |      |                     |                 NONE |         | UNFIXED    |           |          |      | NONE             |              |                   |              |
| W19        | input_imag_3[11]  | High Range | IO_L18N_T2_13                | INPUT         | LVCMOS18*   |      13 |            |      |                     |                 NONE |         | UNFIXED    |           |          |      | NONE             |              |                   |              |
| W20        | input_real_0[0]   | High Range | IO_L16P_T2_13                | INPUT         | LVCMOS18*   |      13 |            |      |                     |                 NONE |         | UNFIXED    |           |          |      | NONE             |              |                   |              |
| W21        | input_real_0[4]   | High Range | IO_L14P_T2_SRCC_13           | INPUT         | LVCMOS18*   |      13 |            |      |                     |                 NONE |         | UNFIXED    |           |          |      | NONE             |              |                   |              |
| W22        |                   |            | GND                          | GND           |             |         |            |      |                     |                      |     0.0 |            |           |          |      |                  |              |                   |              |
| W23        | input_real_0[11]  | High Range | IO_L10N_T1_13                | INPUT         | LVCMOS18*   |      13 |            |      |                     |                 NONE |         | UNFIXED    |           |          |      | NONE             |              |                   |              |
| W24        | input_real_1[3]   | High Range | IO_L6N_T0_VREF_13            | INPUT         | LVCMOS18*   |      13 |            |      |                     |                 NONE |         | UNFIXED    |           |          |      | NONE             |              |                   |              |
| W25        | input_real_1[8]   | High Range | IO_L4P_T0_13                 | INPUT         | LVCMOS18*   |      13 |            |      |                     |                 NONE |         | UNFIXED    |           |          |      | NONE             |              |                   |              |
| W26        | input_real_1[11]  | High Range | IO_L2N_T0_13                 | INPUT         | LVCMOS18*   |      13 |            |      |                     |                 NONE |         | UNFIXED    |           |          |      | NONE             |              |                   |              |
| Y1         |                   | High Range | IO_L8N_T1_33                 | User IO       |             |      33 |            |      |                     |                      |         |            |           |          |      |                  |              |                   |              |
| Y2         |                   | High Range | IO_L8P_T1_33                 | User IO       |             |      33 |            |      |                     |                      |         |            |           |          |      |                  |              |                   |              |
| Y3         |                   | High Range | IO_L5N_T0_33                 | User IO       |             |      33 |            |      |                     |                      |         |            |           |          |      |                  |              |                   |              |
| Y4         |                   | High Range | VCCO_33                      | VCCO          |             |      33 |            |      |                     |                      |    1.80 |            |           |          |      |                  |              |                   |              |
| Y5         |                   | High Range | IO_L20N_T3_33                | User IO       |             |      33 |            |      |                     |                      |         |            |           |          |      |                  |              |                   |              |
| Y6         |                   | High Range | IO_L20P_T3_33                | User IO       |             |      33 |            |      |                     |                      |         |            |           |          |      |                  |              |                   |              |
| Y7         |                   | High Range | IO_L19P_T3_33                | User IO       |             |      33 |            |      |                     |                      |         |            |           |          |      |                  |              |                   |              |
| Y8         | output_real_3[6]  | High Range | IO_L23P_T3_33                | OUTPUT        | LVCMOS18*   |      33 |         12 | SLOW |                     |            FP_VTT_50 |         | UNFIXED    |           |          |      | NONE             |              |                   |              |
| Y9         |                   | Dedicated  | M1_0                         | Config        |             |       0 |            |      |                     |                      |         |            |           |          |      |                  |              |                   |              |
| Y10        |                   |            | GND                          | GND           |             |         |            |      |                     |                      |     0.0 |            |           |          |      |                  |              |                   |              |
| Y11        |                   |            | GND                          | GND           |             |         |            |      |                     |                      |     0.0 |            |           |          |      |                  |              |                   |              |
| Y12        |                   |            | GND                          | GND           |             |         |            |      |                     |                      |     0.0 |            |           |          |      |                  |              |                   |              |
| Y13        |                   |            | GND                          | GND           |             |         |            |      |                     |                      |     0.0 |            |           |          |      |                  |              |                   |              |
| Y14        |                   | Dedicated  | VCCO_0                       | VCCO          |             |       0 |            |      |                     |                      |   any** |            |           |          |      |                  |              |                   |              |
| Y15        |                   | High Range | IO_L23P_T3_12                | User IO       |             |      12 |            |      |                     |                      |         |            |           |          |      |                  |              |                   |              |
| Y16        |                   | High Range | IO_L21P_T3_DQS_12            | User IO       |             |      12 |            |      |                     |                      |         |            |           |          |      |                  |              |                   |              |
| Y17        |                   | High Range | IO_L21N_T3_DQS_12            | User IO       |             |      12 |            |      |                     |                      |         |            |           |          |      |                  |              |                   |              |
| Y18        |                   | High Range | IO_L17P_T2_12                | User IO       |             |      12 |            |      |                     |                      |         |            |           |          |      |                  |              |                   |              |
| Y19        |                   |            | GND                          | GND           |             |         |            |      |                     |                      |     0.0 |            |           |          |      |                  |              |                   |              |
| Y20        | input_imag_3[15]  | High Range | IO_L16N_T2_13                | INPUT         | LVCMOS18*   |      13 |            |      |                     |                 NONE |         | UNFIXED    |           |          |      | NONE             |              |                   |              |
| Y21        | input_real_0[3]   | High Range | IO_L14N_T2_SRCC_13           | INPUT         | LVCMOS18*   |      13 |            |      |                     |                 NONE |         | UNFIXED    |           |          |      | NONE             |              |                   |              |
| Y22        | input_real_0[10]  | High Range | IO_L11P_T1_SRCC_13           | INPUT         | LVCMOS18*   |      13 |            |      |                     |                 NONE |         | UNFIXED    |           |          |      | NONE             |              |                   |              |
| Y23        | input_real_0[9]   | High Range | IO_L11N_T1_SRCC_13           | INPUT         | LVCMOS18*   |      13 |            |      |                     |                 NONE |         | UNFIXED    |           |          |      | NONE             |              |                   |              |
| Y24        |                   | High Range | VCCO_13                      | VCCO          |             |      13 |            |      |                     |                      |    1.80 |            |           |          |      |                  |              |                   |              |
| Y25        | input_real_1[6]   | High Range | IO_L5P_T0_13                 | INPUT         | LVCMOS18*   |      13 |            |      |                     |                 NONE |         | UNFIXED    |           |          |      | NONE             |              |                   |              |
| Y26        | input_real_1[7]   | High Range | IO_L4N_T0_13                 | INPUT         | LVCMOS18*   |      13 |            |      |                     |                 NONE |         | UNFIXED    |           |          |      | NONE             |              |                   |              |
+------------+-------------------+------------+------------------------------+---------------+-------------+---------+------------+------+---------------------+----------------------+---------+------------+-----------+----------+------+------------------+--------------+-------------------+--------------+
* Default value
** Special VCCO requirements may apply. Please consult the device family datasheet for specific guideline on VCCO requirements.


