
*** Running vivado
    with args -log fft_top.vds -m64 -product Vivado -mode batch -messageDb vivado.pb -notrace -source fft_top.tcl


****** Vivado v2018.3 (64-bit)
  **** SW Build 2405991 on Thu Dec  6 23:36:41 MST 2018
  **** IP Build 2404404 on Fri Dec  7 01:43:56 MST 2018
    ** Copyright 1986-2018 Xilinx, Inc. All Rights Reserved.

source fft_top.tcl -notrace
Command: synth_design -top fft_top -part xc7a200tfbg676-2
Starting synth_design
Attempting to get a license for feature 'Synthesis' and/or device 'xc7a200t'
INFO: [Common 17-349] Got license for feature 'Synthesis' and/or device 'xc7a200t'
INFO: Launching helper process for spawning children vivado processes
INFO: Helper process launched with PID 172633 
---------------------------------------------------------------------------------
Starting RTL Elaboration : Time (s): cpu = 00:00:01 ; elapsed = 00:00:02 . Memory (MB): peak = 1387.922 ; gain = 33.027 ; free physical = 5638 ; free virtual = 16227
---------------------------------------------------------------------------------
INFO: [Synth 8-6157] synthesizing module 'fft_top' [/home/christodoulos-zerdalis/Desktop/FFT/radix_4_SDF_bram/fft_radix_4_top.v:3]
	Parameter WIDTH bound to: 16 - type: integer 
	Parameter Num_of_samples bound to: 256 - type: integer 
	Parameter STAGE_NUM bound to: 4 - type: integer 
INFO: [Synth 8-6157] synthesizing module 'SdfUnit4_fast' [/home/christodoulos-zerdalis/Desktop/FFT/radix_4_SDF_bram/stage_unit.v:3]
	Parameter WIDTH bound to: 16 - type: integer 
	Parameter STAGE_NUM bound to: 1 - type: integer 
	Parameter Num_of_samples bound to: 256 - type: integer 
	Parameter sn bound to: 2 - type: integer 
	Parameter Depth bound to: 1 - type: integer 
	Parameter Stride bound to: 4 - type: integer 
	Parameter stage_num_bits bound to: 0 - type: integer 
	Parameter shift_value bound to: 6 - type: integer 
	Parameter Num_of_samples_bits bound to: 6 - type: integer 
INFO: [Synth 8-5534] Detected attribute (* ram_style = "distributed" *) [/home/christodoulos-zerdalis/Desktop/FFT/radix_4_SDF_bram/stage_unit.v:94]
INFO: [Synth 8-5534] Detected attribute (* ram_style = "distributed" *) [/home/christodoulos-zerdalis/Desktop/FFT/radix_4_SDF_bram/stage_unit.v:95]
INFO: [Synth 8-6157] synthesizing module 'butterfly_radix4_pipeline' [/home/christodoulos-zerdalis/Desktop/FFT/radix_4_SDF_bram/butterfly.v:3]
	Parameter WIDTH bound to: 16 - type: integer 
	Parameter TW bound to: 8 - type: integer 
	Parameter PROD bound to: 24 - type: integer 
INFO: [Synth 8-6155] done synthesizing module 'butterfly_radix4_pipeline' (1#1) [/home/christodoulos-zerdalis/Desktop/FFT/radix_4_SDF_bram/butterfly.v:3]
WARNING: [Synth 8-6014] Unused sequential element butterfly_op_counter_reg_reg was removed.  [/home/christodoulos-zerdalis/Desktop/FFT/radix_4_SDF_bram/stage_unit.v:339]
WARNING: [Synth 8-6014] Unused sequential element butterfly_op_counter_reg_reg_reg was removed.  [/home/christodoulos-zerdalis/Desktop/FFT/radix_4_SDF_bram/stage_unit.v:340]
WARNING: [Synth 8-6014] Unused sequential element butterfly_op_counter_reg_reg_reg_reg was removed.  [/home/christodoulos-zerdalis/Desktop/FFT/radix_4_SDF_bram/stage_unit.v:341]
WARNING: [Synth 8-6014] Unused sequential element butterfly_op_counter_reg_reg_reg_reg_reg was removed.  [/home/christodoulos-zerdalis/Desktop/FFT/radix_4_SDF_bram/stage_unit.v:342]
WARNING: [Synth 8-6014] Unused sequential element stride_segment_counter_reg_reg was removed.  [/home/christodoulos-zerdalis/Desktop/FFT/radix_4_SDF_bram/stage_unit.v:343]
WARNING: [Synth 8-6014] Unused sequential element input_real_0_rr_reg was removed.  [/home/christodoulos-zerdalis/Desktop/FFT/radix_4_SDF_bram/stage_unit.v:381]
WARNING: [Synth 8-6014] Unused sequential element input_imag_0_rr_reg was removed.  [/home/christodoulos-zerdalis/Desktop/FFT/radix_4_SDF_bram/stage_unit.v:382]
WARNING: [Synth 8-6014] Unused sequential element input_real_0_rrr_reg was removed.  [/home/christodoulos-zerdalis/Desktop/FFT/radix_4_SDF_bram/stage_unit.v:383]
WARNING: [Synth 8-6014] Unused sequential element input_imag_0_rrr_reg was removed.  [/home/christodoulos-zerdalis/Desktop/FFT/radix_4_SDF_bram/stage_unit.v:384]
WARNING: [Synth 8-6014] Unused sequential element input_real_0_rrrr_reg was removed.  [/home/christodoulos-zerdalis/Desktop/FFT/radix_4_SDF_bram/stage_unit.v:385]
WARNING: [Synth 8-6014] Unused sequential element input_imag_0_rrrr_reg was removed.  [/home/christodoulos-zerdalis/Desktop/FFT/radix_4_SDF_bram/stage_unit.v:386]
WARNING: [Synth 8-6014] Unused sequential element input_en_r_reg was removed.  [/home/christodoulos-zerdalis/Desktop/FFT/radix_4_SDF_bram/stage_unit.v:387]
WARNING: [Synth 8-6014] Unused sequential element butterfly_op_counter_en_r_reg was removed.  [/home/christodoulos-zerdalis/Desktop/FFT/radix_4_SDF_bram/stage_unit.v:388]
WARNING: [Synth 8-6014] Unused sequential element mem_counter_reg_reg was removed.  [/home/christodoulos-zerdalis/Desktop/FFT/radix_4_SDF_bram/stage_unit.v:390]
WARNING: [Synth 8-6014] Unused sequential element mem_counter_read_reg_reg was removed.  [/home/christodoulos-zerdalis/Desktop/FFT/radix_4_SDF_bram/stage_unit.v:391]
WARNING: [Synth 8-6014] Unused sequential element butterfly_op_counter_en_rr_reg was removed.  [/home/christodoulos-zerdalis/Desktop/FFT/radix_4_SDF_bram/stage_unit.v:392]
WARNING: [Synth 8-6014] Unused sequential element butterfly_op_counter_en_rrr_reg was removed.  [/home/christodoulos-zerdalis/Desktop/FFT/radix_4_SDF_bram/stage_unit.v:393]
INFO: [Synth 8-4471] merging register 'twiddle_index_1_r_reg[7:0]' into 'twiddle_index_0_r_reg[7:0]' [/home/christodoulos-zerdalis/Desktop/FFT/radix_4_SDF_bram/stage_unit.v:345]
INFO: [Synth 8-4471] merging register 'twiddle_index_2_r_reg[7:0]' into 'twiddle_index_0_r_reg[7:0]' [/home/christodoulos-zerdalis/Desktop/FFT/radix_4_SDF_bram/stage_unit.v:346]
WARNING: [Synth 8-6014] Unused sequential element twiddle_index_1_r_reg was removed.  [/home/christodoulos-zerdalis/Desktop/FFT/radix_4_SDF_bram/stage_unit.v:345]
WARNING: [Synth 8-6014] Unused sequential element twiddle_index_2_r_reg was removed.  [/home/christodoulos-zerdalis/Desktop/FFT/radix_4_SDF_bram/stage_unit.v:346]
INFO: [Synth 8-4471] merging register 'twiddle_index_1_rr_reg[7:0]' into 'twiddle_index_0_rr_reg[7:0]' [/home/christodoulos-zerdalis/Desktop/FFT/radix_4_SDF_bram/stage_unit.v:349]
INFO: [Synth 8-4471] merging register 'twiddle_index_2_rr_reg[7:0]' into 'twiddle_index_0_rr_reg[7:0]' [/home/christodoulos-zerdalis/Desktop/FFT/radix_4_SDF_bram/stage_unit.v:351]
INFO: [Synth 8-4471] merging register 'twiddle_index_1_rrr_reg[7:0]' into 'twiddle_index_0_rrr_reg[7:0]' [/home/christodoulos-zerdalis/Desktop/FFT/radix_4_SDF_bram/stage_unit.v:243]
INFO: [Synth 8-4471] merging register 'twiddle_index_2_rrr_reg[7:0]' into 'twiddle_index_0_rrr_reg[7:0]' [/home/christodoulos-zerdalis/Desktop/FFT/radix_4_SDF_bram/stage_unit.v:245]
WARNING: [Synth 8-6014] Unused sequential element twiddle_index_1_rr_reg was removed.  [/home/christodoulos-zerdalis/Desktop/FFT/radix_4_SDF_bram/stage_unit.v:349]
WARNING: [Synth 8-6014] Unused sequential element twiddle_index_1_rrr_reg was removed.  [/home/christodoulos-zerdalis/Desktop/FFT/radix_4_SDF_bram/stage_unit.v:243]
WARNING: [Synth 8-6014] Unused sequential element twiddle_index_2_rr_reg was removed.  [/home/christodoulos-zerdalis/Desktop/FFT/radix_4_SDF_bram/stage_unit.v:351]
WARNING: [Synth 8-6014] Unused sequential element twiddle_index_2_rrr_reg was removed.  [/home/christodoulos-zerdalis/Desktop/FFT/radix_4_SDF_bram/stage_unit.v:245]
INFO: [Synth 8-6155] done synthesizing module 'SdfUnit4_fast' (2#1) [/home/christodoulos-zerdalis/Desktop/FFT/radix_4_SDF_bram/stage_unit.v:3]
INFO: [Synth 8-6157] synthesizing module 'SdfUnit4_fast__parameterized0' [/home/christodoulos-zerdalis/Desktop/FFT/radix_4_SDF_bram/stage_unit.v:3]
	Parameter WIDTH bound to: 16 - type: integer 
	Parameter STAGE_NUM bound to: 2 - type: integer 
	Parameter Num_of_samples bound to: 256 - type: integer 
	Parameter sn bound to: 4 - type: integer 
	Parameter Depth bound to: 4 - type: integer 
	Parameter Stride bound to: 16 - type: integer 
	Parameter stage_num_bits bound to: 1 - type: integer 
	Parameter shift_value bound to: 4 - type: integer 
	Parameter Num_of_samples_bits bound to: 6 - type: integer 
WARNING: [Synth 8-693] zero replication count - replication ignored [/home/christodoulos-zerdalis/Desktop/FFT/radix_4_SDF_bram/stage_unit.v:190]
WARNING: [Synth 8-693] zero replication count - replication ignored [/home/christodoulos-zerdalis/Desktop/FFT/radix_4_SDF_bram/stage_unit.v:190]
INFO: [Synth 8-6157] synthesizing module 'memory' [/home/christodoulos-zerdalis/Desktop/FFT/radix_4_SDF_bram/memory.v:188]
	Parameter WIDTH bound to: 16 - type: integer 
	Parameter DEPTH bound to: 4 - type: integer 
	Parameter stage_num_bits bound to: 1 - type: integer 
	Parameter inter_offset_size bound to: 2 - type: integer 
	Parameter intra_offset_size bound to: 0 - type: integer 
	Parameter vertical_offset_1 bound to: 1 - type: integer 
	Parameter vertical_offset_2 bound to: 2 - type: integer 
	Parameter vertical_offset_3 bound to: 3 - type: integer 
INFO: [Synth 8-6155] done synthesizing module 'memory' (3#1) [/home/christodoulos-zerdalis/Desktop/FFT/radix_4_SDF_bram/memory.v:188]
WARNING: [Synth 8-6014] Unused sequential element gen_input_logic.stride_segment_counter_en_reg was removed.  [/home/christodoulos-zerdalis/Desktop/FFT/radix_4_SDF_bram/stage_unit.v:185]
WARNING: [Synth 8-6014] Unused sequential element input_en_r_reg was removed.  [/home/christodoulos-zerdalis/Desktop/FFT/radix_4_SDF_bram/stage_unit.v:387]
INFO: [Synth 8-6155] done synthesizing module 'SdfUnit4_fast__parameterized0' (3#1) [/home/christodoulos-zerdalis/Desktop/FFT/radix_4_SDF_bram/stage_unit.v:3]
INFO: [Synth 8-6157] synthesizing module 'SdfUnit4_fast__parameterized1' [/home/christodoulos-zerdalis/Desktop/FFT/radix_4_SDF_bram/stage_unit.v:3]
	Parameter WIDTH bound to: 16 - type: integer 
	Parameter STAGE_NUM bound to: 3 - type: integer 
	Parameter Num_of_samples bound to: 256 - type: integer 
	Parameter sn bound to: 6 - type: integer 
	Parameter Depth bound to: 16 - type: integer 
	Parameter Stride bound to: 64 - type: integer 
	Parameter stage_num_bits bound to: 3 - type: integer 
	Parameter shift_value bound to: 2 - type: integer 
	Parameter Num_of_samples_bits bound to: 6 - type: integer 
INFO: [Synth 8-6157] synthesizing module 'memory__parameterized0' [/home/christodoulos-zerdalis/Desktop/FFT/radix_4_SDF_bram/memory.v:188]
	Parameter WIDTH bound to: 16 - type: integer 
	Parameter DEPTH bound to: 16 - type: integer 
	Parameter stage_num_bits bound to: 3 - type: integer 
	Parameter inter_offset_size bound to: 4 - type: integer 
	Parameter intra_offset_size bound to: 2 - type: integer 
	Parameter vertical_offset_1 bound to: 4 - type: integer 
	Parameter vertical_offset_2 bound to: 8 - type: integer 
	Parameter vertical_offset_3 bound to: 12 - type: integer 
INFO: [Synth 8-6155] done synthesizing module 'memory__parameterized0' (3#1) [/home/christodoulos-zerdalis/Desktop/FFT/radix_4_SDF_bram/memory.v:188]
WARNING: [Synth 8-6014] Unused sequential element gen_input_logic.stride_segment_counter_en_reg was removed.  [/home/christodoulos-zerdalis/Desktop/FFT/radix_4_SDF_bram/stage_unit.v:185]
WARNING: [Synth 8-6014] Unused sequential element input_en_r_reg was removed.  [/home/christodoulos-zerdalis/Desktop/FFT/radix_4_SDF_bram/stage_unit.v:387]
INFO: [Synth 8-6155] done synthesizing module 'SdfUnit4_fast__parameterized1' (3#1) [/home/christodoulos-zerdalis/Desktop/FFT/radix_4_SDF_bram/stage_unit.v:3]
INFO: [Synth 8-6157] synthesizing module 'SdfUnit4_fast__parameterized2' [/home/christodoulos-zerdalis/Desktop/FFT/radix_4_SDF_bram/stage_unit.v:3]
	Parameter WIDTH bound to: 16 - type: integer 
	Parameter STAGE_NUM bound to: 4 - type: integer 
	Parameter Num_of_samples bound to: 256 - type: integer 
	Parameter sn bound to: 8 - type: integer 
	Parameter Depth bound to: 64 - type: integer 
	Parameter Stride bound to: 256 - type: integer 
	Parameter stage_num_bits bound to: 5 - type: integer 
	Parameter shift_value bound to: 0 - type: integer 
	Parameter Num_of_samples_bits bound to: 6 - type: integer 
INFO: [Synth 8-6157] synthesizing module 'memory__parameterized1' [/home/christodoulos-zerdalis/Desktop/FFT/radix_4_SDF_bram/memory.v:188]
	Parameter WIDTH bound to: 16 - type: integer 
	Parameter DEPTH bound to: 64 - type: integer 
	Parameter stage_num_bits bound to: 5 - type: integer 
	Parameter inter_offset_size bound to: 6 - type: integer 
	Parameter intra_offset_size bound to: 4 - type: integer 
	Parameter vertical_offset_1 bound to: 16 - type: integer 
	Parameter vertical_offset_2 bound to: 32 - type: integer 
	Parameter vertical_offset_3 bound to: 48 - type: integer 
INFO: [Synth 8-6155] done synthesizing module 'memory__parameterized1' (3#1) [/home/christodoulos-zerdalis/Desktop/FFT/radix_4_SDF_bram/memory.v:188]
WARNING: [Synth 8-6014] Unused sequential element gen_input_logic.stride_segment_counter_en_reg was removed.  [/home/christodoulos-zerdalis/Desktop/FFT/radix_4_SDF_bram/stage_unit.v:185]
WARNING: [Synth 8-6014] Unused sequential element input_en_r_reg was removed.  [/home/christodoulos-zerdalis/Desktop/FFT/radix_4_SDF_bram/stage_unit.v:387]
INFO: [Synth 8-6155] done synthesizing module 'SdfUnit4_fast__parameterized2' (3#1) [/home/christodoulos-zerdalis/Desktop/FFT/radix_4_SDF_bram/stage_unit.v:3]
INFO: [Synth 8-6155] done synthesizing module 'fft_top' (4#1) [/home/christodoulos-zerdalis/Desktop/FFT/radix_4_SDF_bram/fft_radix_4_top.v:3]
WARNING: [Synth 8-3331] design memory__parameterized1 has unconnected port stride_segment_counter[3]
WARNING: [Synth 8-3331] design memory__parameterized1 has unconnected port stride_segment_counter[2]
WARNING: [Synth 8-3331] design memory__parameterized1 has unconnected port stride_segment_counter[1]
WARNING: [Synth 8-3331] design memory__parameterized1 has unconnected port stride_segment_counter[0]
WARNING: [Synth 8-3331] design memory__parameterized1 has unconnected port mem_counter_read[5]
WARNING: [Synth 8-3331] design memory__parameterized1 has unconnected port mem_counter_read[4]
WARNING: [Synth 8-3331] design memory__parameterized1 has unconnected port mem_counter_read[3]
WARNING: [Synth 8-3331] design memory__parameterized1 has unconnected port mem_counter_read[2]
WARNING: [Synth 8-3331] design memory__parameterized1 has unconnected port mem_counter_read[1]
WARNING: [Synth 8-3331] design memory__parameterized1 has unconnected port mem_counter_read[0]
WARNING: [Synth 8-3331] design memory__parameterized0 has unconnected port stride_segment_counter[1]
WARNING: [Synth 8-3331] design memory__parameterized0 has unconnected port stride_segment_counter[0]
WARNING: [Synth 8-3331] design memory__parameterized0 has unconnected port mem_counter_read[3]
WARNING: [Synth 8-3331] design memory__parameterized0 has unconnected port mem_counter_read[2]
WARNING: [Synth 8-3331] design memory__parameterized0 has unconnected port mem_counter_read[1]
WARNING: [Synth 8-3331] design memory__parameterized0 has unconnected port mem_counter_read[0]
WARNING: [Synth 8-3331] design memory has unconnected port mem_counter_read[1]
WARNING: [Synth 8-3331] design memory has unconnected port mem_counter_read[0]
---------------------------------------------------------------------------------
Finished RTL Elaboration : Time (s): cpu = 00:00:02 ; elapsed = 00:00:03 . Memory (MB): peak = 1441.672 ; gain = 86.777 ; free physical = 5600 ; free virtual = 16190
---------------------------------------------------------------------------------

Report Check Netlist: 
+------+------------------+-------+---------+-------+------------------+
|      |Item              |Errors |Warnings |Status |Description       |
+------+------------------+-------+---------+-------+------------------+
|1     |multi_driven_nets |      0|        0|Passed |Multi driven nets |
+------+------------------+-------+---------+-------+------------------+
---------------------------------------------------------------------------------
Start Handling Custom Attributes
---------------------------------------------------------------------------------
---------------------------------------------------------------------------------
Finished Handling Custom Attributes : Time (s): cpu = 00:00:02 ; elapsed = 00:00:03 . Memory (MB): peak = 1441.672 ; gain = 86.777 ; free physical = 5600 ; free virtual = 16190
---------------------------------------------------------------------------------
---------------------------------------------------------------------------------
Finished RTL Optimization Phase 1 : Time (s): cpu = 00:00:02 ; elapsed = 00:00:03 . Memory (MB): peak = 1441.672 ; gain = 86.777 ; free physical = 5600 ; free virtual = 16190
---------------------------------------------------------------------------------
INFO: [Device 21-403] Loading part xc7a200tfbg676-2
INFO: [Project 1-570] Preparing netlist for logic optimization

Processing XDC Constraints
Initializing timing engine
Parsing XDC File [/home/christodoulos-zerdalis/Desktop/FFT/radix_4_SDF_bram/constraints.xdc]
Finished Parsing XDC File [/home/christodoulos-zerdalis/Desktop/FFT/radix_4_SDF_bram/constraints.xdc]
INFO: [Project 1-236] Implementation specific constraints were found while reading constraint file [/home/christodoulos-zerdalis/Desktop/FFT/radix_4_SDF_bram/constraints.xdc]. These constraints will be ignored for synthesis but will be used in implementation. Impacted constraints are listed in the file [.Xil/fft_top_propImpl.xdc].
Resolution: To avoid this warning, move constraints listed in [.Xil/fft_top_propImpl.xdc] to another XDC file and exclude this new file from synthesis with the used_in_synthesis property (File Properties dialog in GUI) and re-run elaboration/synthesis.
Netlist sorting complete. Time (s): cpu = 00:00:00.01 ; elapsed = 00:00:00 . Memory (MB): peak = 1857.727 ; gain = 0.000 ; free physical = 5411 ; free virtual = 16000
Completed Processing XDC Constraints

Netlist sorting complete. Time (s): cpu = 00:00:00 ; elapsed = 00:00:00 . Memory (MB): peak = 1857.727 ; gain = 0.000 ; free physical = 5411 ; free virtual = 16000
INFO: [Project 1-111] Unisim Transformation Summary:
No Unisim elements were transformed.

Netlist sorting complete. Time (s): cpu = 00:00:00.01 ; elapsed = 00:00:00 . Memory (MB): peak = 1857.727 ; gain = 0.000 ; free physical = 5419 ; free virtual = 16008
Constraint Validation Runtime : Time (s): cpu = 00:00:00.01 ; elapsed = 00:00:00 . Memory (MB): peak = 1857.727 ; gain = 0.000 ; free physical = 5423 ; free virtual = 16012
---------------------------------------------------------------------------------
Finished Constraint Validation : Time (s): cpu = 00:00:08 ; elapsed = 00:00:10 . Memory (MB): peak = 1857.727 ; gain = 502.832 ; free physical = 5672 ; free virtual = 16261
---------------------------------------------------------------------------------
---------------------------------------------------------------------------------
Start Loading Part and Timing Information
---------------------------------------------------------------------------------
Loading part: xc7a200tfbg676-2
---------------------------------------------------------------------------------
Finished Loading Part and Timing Information : Time (s): cpu = 00:00:08 ; elapsed = 00:00:10 . Memory (MB): peak = 1857.727 ; gain = 502.832 ; free physical = 5672 ; free virtual = 16261
---------------------------------------------------------------------------------
---------------------------------------------------------------------------------
Start Applying 'set_property' XDC Constraints
---------------------------------------------------------------------------------
---------------------------------------------------------------------------------
Finished applying 'set_property' XDC Constraints : Time (s): cpu = 00:00:08 ; elapsed = 00:00:10 . Memory (MB): peak = 1857.727 ; gain = 502.832 ; free physical = 5681 ; free virtual = 16271
---------------------------------------------------------------------------------
INFO: [Synth 8-5542] Attribute ram_style/rom_style = distributed specified for ROM  "w_real". This will be implemented in logic
INFO: [Synth 8-5542] Attribute ram_style/rom_style = distributed specified for ROM  "w_imag". This will be implemented in logic
INFO: [Synth 8-5546] ROM "stride_segment_counter" won't be mapped to RAM because it is too sparse
INFO: [Synth 8-5546] ROM "flush_count" won't be mapped to RAM because it is too sparse
INFO: [Synth 8-5542] Attribute ram_style/rom_style = distributed specified for ROM  "w_real". This will be implemented in logic
INFO: [Synth 8-5542] Attribute ram_style/rom_style = distributed specified for ROM  "w_imag". This will be implemented in logic
INFO: [Synth 8-5542] Attribute ram_style/rom_style = distributed specified for ROM  "w_real". This will be implemented in logic
INFO: [Synth 8-5542] Attribute ram_style/rom_style = distributed specified for ROM  "w_imag". This will be implemented in logic
INFO: [Synth 8-5542] Attribute ram_style/rom_style = distributed specified for ROM  "w_real". This will be implemented in logic
INFO: [Synth 8-5542] Attribute ram_style/rom_style = distributed specified for ROM  "w_imag". This will be implemented in logic
INFO: [Synth 8-5546] ROM "stride_segment_counter" won't be mapped to RAM because it is too sparse
INFO: [Synth 8-5546] ROM "flush_count" won't be mapped to RAM because it is too sparse
INFO: [Synth 8-5542] Attribute ram_style/rom_style = distributed specified for ROM  "w_real". This will be implemented in logic
INFO: [Synth 8-5542] Attribute ram_style/rom_style = distributed specified for ROM  "w_imag". This will be implemented in logic
INFO: [Synth 8-5542] Attribute ram_style/rom_style = distributed specified for ROM  "w_real". This will be implemented in logic
INFO: [Synth 8-5542] Attribute ram_style/rom_style = distributed specified for ROM  "w_imag". This will be implemented in logic
INFO: [Synth 8-5542] Attribute ram_style/rom_style = distributed specified for ROM  "w_real". This will be implemented in logic
INFO: [Synth 8-5542] Attribute ram_style/rom_style = distributed specified for ROM  "w_imag". This will be implemented in logic
INFO: [Synth 8-5546] ROM "stride_segment_counter" won't be mapped to RAM because it is too sparse
INFO: [Synth 8-5546] ROM "flush_count" won't be mapped to RAM because it is too sparse
INFO: [Synth 8-5542] Attribute ram_style/rom_style = distributed specified for ROM  "w_real". This will be implemented in logic
INFO: [Synth 8-5542] Attribute ram_style/rom_style = distributed specified for ROM  "w_imag". This will be implemented in logic
INFO: [Synth 8-5542] Attribute ram_style/rom_style = distributed specified for ROM  "w_real". This will be implemented in logic
INFO: [Synth 8-5542] Attribute ram_style/rom_style = distributed specified for ROM  "w_imag". This will be implemented in logic
INFO: [Synth 8-5542] Attribute ram_style/rom_style = distributed specified for ROM  "w_real". This will be implemented in logic
INFO: [Synth 8-5542] Attribute ram_style/rom_style = distributed specified for ROM  "w_imag". This will be implemented in logic
---------------------------------------------------------------------------------
Finished RTL Optimization Phase 2 : Time (s): cpu = 00:00:08 ; elapsed = 00:00:10 . Memory (MB): peak = 1857.727 ; gain = 502.832 ; free physical = 5693 ; free virtual = 16283
---------------------------------------------------------------------------------

Report RTL Partitions: 
+-+--------------+------------+----------+
| |RTL Partition |Replication |Instances |
+-+--------------+------------+----------+
+-+--------------+------------+----------+
---------------------------------------------------------------------------------
Start RTL Component Statistics 
---------------------------------------------------------------------------------
Detailed RTL Component Info : 
+---Adders : 
	   2 Input     16 Bit       Adders := 32    
	   3 Input     16 Bit       Adders := 32    
	   2 Input      8 Bit       Adders := 3     
	   2 Input      7 Bit       Adders := 2     
	   2 Input      6 Bit       Adders := 5     
	   2 Input      5 Bit       Adders := 2     
	   2 Input      4 Bit       Adders := 2     
	   2 Input      3 Bit       Adders := 2     
	   2 Input      2 Bit       Adders := 2     
+---Registers : 
	               32 Bit    Registers := 24    
	               16 Bit    Registers := 170   
	                8 Bit    Registers := 88    
	                7 Bit    Registers := 4     
	                6 Bit    Registers := 12    
	                5 Bit    Registers := 4     
	                4 Bit    Registers := 9     
	                3 Bit    Registers := 4     
	                2 Bit    Registers := 9     
	                1 Bit    Registers := 40    
+---RAMs : 
	               4K Bit         RAMs := 4     
	             1024 Bit         RAMs := 4     
	              256 Bit         RAMs := 4     
+---Muxes : 
	   4 Input     32 Bit        Muxes := 24    
	   2 Input     16 Bit        Muxes := 6     
	   4 Input      8 Bit        Muxes := 4     
	   4 Input      6 Bit        Muxes := 4     
	   4 Input      4 Bit        Muxes := 4     
	   2 Input      1 Bit        Muxes := 16    
	   3 Input      1 Bit        Muxes := 1     
---------------------------------------------------------------------------------
Finished RTL Component Statistics 
---------------------------------------------------------------------------------
---------------------------------------------------------------------------------
Start RTL Hierarchical Component Statistics 
---------------------------------------------------------------------------------
Hierarchical RTL Component report 
Module butterfly_radix4_pipeline 
Detailed RTL Component Info : 
+---Adders : 
	   2 Input     16 Bit       Adders := 8     
	   3 Input     16 Bit       Adders := 8     
+---Registers : 
	               16 Bit    Registers := 22    
	                8 Bit    Registers := 12    
	                1 Bit    Registers := 5     
Module SdfUnit4_fast 
Detailed RTL Component Info : 
+---Registers : 
	               16 Bit    Registers := 16    
	                8 Bit    Registers := 4     
	                1 Bit    Registers := 2     
Module memory 
Detailed RTL Component Info : 
+---Registers : 
	               32 Bit    Registers := 8     
	                2 Bit    Registers := 2     
+---RAMs : 
	              256 Bit         RAMs := 4     
+---Muxes : 
	   4 Input     32 Bit        Muxes := 8     
	   4 Input      4 Bit        Muxes := 4     
Module SdfUnit4_fast__parameterized0 
Detailed RTL Component Info : 
+---Adders : 
	   2 Input      8 Bit       Adders := 1     
	   2 Input      6 Bit       Adders := 1     
	   2 Input      3 Bit       Adders := 2     
	   2 Input      2 Bit       Adders := 2     
+---Registers : 
	               16 Bit    Registers := 22    
	                8 Bit    Registers := 12    
	                6 Bit    Registers := 1     
	                3 Bit    Registers := 4     
	                2 Bit    Registers := 7     
	                1 Bit    Registers := 6     
+---Muxes : 
	   2 Input     16 Bit        Muxes := 2     
	   2 Input      1 Bit        Muxes := 4     
	   3 Input      1 Bit        Muxes := 1     
Module memory__parameterized0 
Detailed RTL Component Info : 
+---Registers : 
	               32 Bit    Registers := 8     
	                4 Bit    Registers := 2     
+---RAMs : 
	             1024 Bit         RAMs := 4     
+---Muxes : 
	   4 Input     32 Bit        Muxes := 8     
	   4 Input      6 Bit        Muxes := 4     
Module SdfUnit4_fast__parameterized1 
Detailed RTL Component Info : 
+---Adders : 
	   2 Input      8 Bit       Adders := 1     
	   2 Input      6 Bit       Adders := 1     
	   2 Input      5 Bit       Adders := 2     
	   2 Input      4 Bit       Adders := 2     
+---Registers : 
	               16 Bit    Registers := 22    
	                8 Bit    Registers := 12    
	                6 Bit    Registers := 1     
	                5 Bit    Registers := 4     
	                4 Bit    Registers := 7     
	                1 Bit    Registers := 6     
+---Muxes : 
	   2 Input     16 Bit        Muxes := 2     
	   2 Input      1 Bit        Muxes := 6     
Module memory__parameterized1 
Detailed RTL Component Info : 
+---Registers : 
	               32 Bit    Registers := 8     
	                6 Bit    Registers := 2     
+---RAMs : 
	               4K Bit         RAMs := 4     
+---Muxes : 
	   4 Input     32 Bit        Muxes := 8     
	   4 Input      8 Bit        Muxes := 4     
Module SdfUnit4_fast__parameterized2 
Detailed RTL Component Info : 
+---Adders : 
	   2 Input      8 Bit       Adders := 1     
	   2 Input      7 Bit       Adders := 2     
	   2 Input      6 Bit       Adders := 3     
+---Registers : 
	               16 Bit    Registers := 22    
	                8 Bit    Registers := 12    
	                7 Bit    Registers := 4     
	                6 Bit    Registers := 8     
	                1 Bit    Registers := 6     
+---Muxes : 
	   2 Input     16 Bit        Muxes := 2     
	   2 Input      1 Bit        Muxes := 6     
---------------------------------------------------------------------------------
Finished RTL Hierarchical Component Statistics
---------------------------------------------------------------------------------
---------------------------------------------------------------------------------
Start Part Resource Summary
---------------------------------------------------------------------------------
Part Resources:
DSPs: 740 (col length:100)
BRAMs: 730 (col length: RAMB18 100 RAMB36 50)
---------------------------------------------------------------------------------
Finished Part Resource Summary
---------------------------------------------------------------------------------
---------------------------------------------------------------------------------
Start Cross Boundary and Area Optimization
---------------------------------------------------------------------------------
Warning: Parallel synthesis criteria is not met 
INFO: [Synth 8-4471] merging register 'w2i_reg_reg[7:0]' into 'w2i_reg_reg[7:0]' [/home/christodoulos-zerdalis/Desktop/FFT/radix_4_SDF_bram/butterfly.v:45]
INFO: [Synth 8-4471] merging register 'w2r_reg_reg[7:0]' into 'w2r_reg_reg[7:0]' [/home/christodoulos-zerdalis/Desktop/FFT/radix_4_SDF_bram/butterfly.v:44]
INFO: [Synth 8-4471] merging register 'w0i_reg_reg[7:0]' into 'w0i_reg_reg[7:0]' [/home/christodoulos-zerdalis/Desktop/FFT/radix_4_SDF_bram/butterfly.v:41]
INFO: [Synth 8-4471] merging register 'w0r_reg_reg[7:0]' into 'w0r_reg_reg[7:0]' [/home/christodoulos-zerdalis/Desktop/FFT/radix_4_SDF_bram/butterfly.v:40]
INFO: [Synth 8-4471] merging register 'w1i_reg_reg[7:0]' into 'w1i_reg_reg[7:0]' [/home/christodoulos-zerdalis/Desktop/FFT/radix_4_SDF_bram/butterfly.v:43]
INFO: [Synth 8-4471] merging register 'w1r_reg_reg[7:0]' into 'w1r_reg_reg[7:0]' [/home/christodoulos-zerdalis/Desktop/FFT/radix_4_SDF_bram/butterfly.v:42]
INFO: [Synth 8-4471] merging register 'dr_reg_reg[15:0]' into 'dr_reg_reg[15:0]' [/home/christodoulos-zerdalis/Desktop/FFT/radix_4_SDF_bram/butterfly.v:44]
INFO: [Synth 8-4471] merging register 'di_reg_reg[15:0]' into 'di_reg_reg[15:0]' [/home/christodoulos-zerdalis/Desktop/FFT/radix_4_SDF_bram/butterfly.v:51]
INFO: [Synth 8-4471] merging register 'br_reg_reg[15:0]' into 'br_reg_reg[15:0]' [/home/christodoulos-zerdalis/Desktop/FFT/radix_4_SDF_bram/butterfly.v:40]
INFO: [Synth 8-4471] merging register 'bi_reg_reg[15:0]' into 'bi_reg_reg[15:0]' [/home/christodoulos-zerdalis/Desktop/FFT/radix_4_SDF_bram/butterfly.v:47]
INFO: [Synth 8-4471] merging register 'cr_reg_reg[15:0]' into 'cr_reg_reg[15:0]' [/home/christodoulos-zerdalis/Desktop/FFT/radix_4_SDF_bram/butterfly.v:42]
INFO: [Synth 8-4471] merging register 'ci_reg_reg[15:0]' into 'ci_reg_reg[15:0]' [/home/christodoulos-zerdalis/Desktop/FFT/radix_4_SDF_bram/butterfly.v:49]
DSP Report: Generating DSP mul_m2r_reg_1_reg, operation Mode is: (A2*B2)'.
DSP Report: register w2r_reg_reg is absorbed into DSP mul_m2r_reg_1_reg.
DSP Report: register dr_reg_reg is absorbed into DSP mul_m2r_reg_1_reg.
DSP Report: register mul_m2r_reg_1_reg is absorbed into DSP mul_m2r_reg_1_reg.
DSP Report: operator mul_m2r_1 is absorbed into DSP mul_m2r_reg_1_reg.
DSP Report: Generating DSP m2r_reg_reg, operation Mode is: (PCIN-(A2*B2)')'.
DSP Report: register w2i_reg_reg is absorbed into DSP m2r_reg_reg.
DSP Report: register di_reg_reg is absorbed into DSP m2r_reg_reg.
DSP Report: register m2r_reg_reg is absorbed into DSP m2r_reg_reg.
DSP Report: register mul_m2r_reg_2_reg is absorbed into DSP m2r_reg_reg.
DSP Report: operator m2r is absorbed into DSP m2r_reg_reg.
DSP Report: operator mul_m2r_2 is absorbed into DSP m2r_reg_reg.
DSP Report: Generating DSP mul_m0r_reg_1_reg, operation Mode is: (A2*B2)'.
DSP Report: register w0r_reg_reg is absorbed into DSP mul_m0r_reg_1_reg.
DSP Report: register br_reg_reg is absorbed into DSP mul_m0r_reg_1_reg.
DSP Report: register mul_m0r_reg_1_reg is absorbed into DSP mul_m0r_reg_1_reg.
DSP Report: operator mul_m0r_1 is absorbed into DSP mul_m0r_reg_1_reg.
DSP Report: Generating DSP m0r_reg_reg, operation Mode is: (PCIN-(A2*B2)')'.
DSP Report: register w0i_reg_reg is absorbed into DSP m0r_reg_reg.
DSP Report: register bi_reg_reg is absorbed into DSP m0r_reg_reg.
DSP Report: register m0r_reg_reg is absorbed into DSP m0r_reg_reg.
DSP Report: register mul_m0r_reg_2_reg is absorbed into DSP m0r_reg_reg.
DSP Report: operator m0r is absorbed into DSP m0r_reg_reg.
DSP Report: operator mul_m0r_2 is absorbed into DSP m0r_reg_reg.
DSP Report: Generating DSP mul_m1r_reg_1_reg, operation Mode is: (A2*B2)'.
DSP Report: register w1r_reg_reg is absorbed into DSP mul_m1r_reg_1_reg.
DSP Report: register cr_reg_reg is absorbed into DSP mul_m1r_reg_1_reg.
DSP Report: register mul_m1r_reg_1_reg is absorbed into DSP mul_m1r_reg_1_reg.
DSP Report: operator mul_m1r_1 is absorbed into DSP mul_m1r_reg_1_reg.
DSP Report: Generating DSP m1r_reg_reg, operation Mode is: (PCIN-(A2*B2)')'.
DSP Report: register w1i_reg_reg is absorbed into DSP m1r_reg_reg.
DSP Report: register ci_reg_reg is absorbed into DSP m1r_reg_reg.
DSP Report: register m1r_reg_reg is absorbed into DSP m1r_reg_reg.
DSP Report: register mul_m1r_reg_2_reg is absorbed into DSP m1r_reg_reg.
DSP Report: operator m1r is absorbed into DSP m1r_reg_reg.
DSP Report: operator mul_m1r_2 is absorbed into DSP m1r_reg_reg.
DSP Report: Generating DSP mul_m2i_reg_1_reg, operation Mode is: (A2*B2)'.
DSP Report: register w2i_reg_reg is absorbed into DSP mul_m2i_reg_1_reg.
DSP Report: register dr_reg_reg is absorbed into DSP mul_m2i_reg_1_reg.
DSP Report: register mul_m2i_reg_1_reg is absorbed into DSP mul_m2i_reg_1_reg.
DSP Report: operator mul_m2i_1 is absorbed into DSP mul_m2i_reg_1_reg.
DSP Report: Generating DSP m2i_reg_reg, operation Mode is: (PCIN+(A2*B2)')'.
DSP Report: register w2r_reg_reg is absorbed into DSP m2i_reg_reg.
DSP Report: register di_reg_reg is absorbed into DSP m2i_reg_reg.
DSP Report: register m2i_reg_reg is absorbed into DSP m2i_reg_reg.
DSP Report: register mul_m2i_reg_2_reg is absorbed into DSP m2i_reg_reg.
DSP Report: operator m2i is absorbed into DSP m2i_reg_reg.
DSP Report: operator mul_m2i_2 is absorbed into DSP m2i_reg_reg.
DSP Report: Generating DSP mul_m0i_reg_1_reg, operation Mode is: (A2*B2)'.
DSP Report: register w0i_reg_reg is absorbed into DSP mul_m0i_reg_1_reg.
DSP Report: register br_reg_reg is absorbed into DSP mul_m0i_reg_1_reg.
DSP Report: register mul_m0i_reg_1_reg is absorbed into DSP mul_m0i_reg_1_reg.
DSP Report: operator mul_m0i_1 is absorbed into DSP mul_m0i_reg_1_reg.
DSP Report: Generating DSP m0i_reg_reg, operation Mode is: (PCIN+(A2*B2)')'.
DSP Report: register w0r_reg_reg is absorbed into DSP m0i_reg_reg.
DSP Report: register bi_reg_reg is absorbed into DSP m0i_reg_reg.
DSP Report: register m0i_reg_reg is absorbed into DSP m0i_reg_reg.
DSP Report: register mul_m0i_reg_2_reg is absorbed into DSP m0i_reg_reg.
DSP Report: operator m0i is absorbed into DSP m0i_reg_reg.
DSP Report: operator mul_m0i_2 is absorbed into DSP m0i_reg_reg.
DSP Report: Generating DSP mul_m1i_reg_1_reg, operation Mode is: (A2*B2)'.
DSP Report: register w1i_reg_reg is absorbed into DSP mul_m1i_reg_1_reg.
DSP Report: register cr_reg_reg is absorbed into DSP mul_m1i_reg_1_reg.
DSP Report: register mul_m1i_reg_1_reg is absorbed into DSP mul_m1i_reg_1_reg.
DSP Report: operator mul_m1i_1 is absorbed into DSP mul_m1i_reg_1_reg.
DSP Report: Generating DSP m1i_reg_reg, operation Mode is: (PCIN+(A2*B2)')'.
DSP Report: register w1r_reg_reg is absorbed into DSP m1i_reg_reg.
DSP Report: register ci_reg_reg is absorbed into DSP m1i_reg_reg.
DSP Report: register m1i_reg_reg is absorbed into DSP m1i_reg_reg.
DSP Report: register mul_m1i_reg_2_reg is absorbed into DSP m1i_reg_reg.
DSP Report: operator m1i is absorbed into DSP m1i_reg_reg.
DSP Report: operator mul_m1i_2 is absorbed into DSP m1i_reg_reg.
INFO: [Synth 8-5546] ROM "stride_segment_counter" won't be mapped to RAM because it is too sparse
INFO: [Synth 8-5542] Attribute ram_style/rom_style = distributed specified for ROM  "p_0_out". This will be implemented in logic
INFO: [Synth 8-5542] Attribute ram_style/rom_style = distributed specified for ROM  "p_0_out". This will be implemented in logic
INFO: [Synth 8-5542] Attribute ram_style/rom_style = distributed specified for ROM  "p_0_out". This will be implemented in logic
INFO: [Synth 8-5542] Attribute ram_style/rom_style = distributed specified for ROM  "p_0_out". This will be implemented in logic
INFO: [Synth 8-5542] Attribute ram_style/rom_style = distributed specified for ROM  "p_0_out". This will be implemented in logic
INFO: [Synth 8-5542] Attribute ram_style/rom_style = distributed specified for ROM  "p_0_out". This will be implemented in logic
INFO: [Synth 8-4471] merging register 'w2i_reg_reg[7:0]' into 'w2i_reg_reg[7:0]' [/home/christodoulos-zerdalis/Desktop/FFT/radix_4_SDF_bram/butterfly.v:45]
INFO: [Synth 8-4471] merging register 'dr_reg_reg[15:0]' into 'dr_reg_reg[15:0]' [/home/christodoulos-zerdalis/Desktop/FFT/radix_4_SDF_bram/butterfly.v:44]
INFO: [Synth 8-4471] merging register 'w2r_reg_reg[7:0]' into 'w2r_reg_reg[7:0]' [/home/christodoulos-zerdalis/Desktop/FFT/radix_4_SDF_bram/butterfly.v:44]
INFO: [Synth 8-4471] merging register 'di_reg_reg[15:0]' into 'di_reg_reg[15:0]' [/home/christodoulos-zerdalis/Desktop/FFT/radix_4_SDF_bram/butterfly.v:51]
INFO: [Synth 8-4471] merging register 'w0i_reg_reg[7:0]' into 'w0i_reg_reg[7:0]' [/home/christodoulos-zerdalis/Desktop/FFT/radix_4_SDF_bram/butterfly.v:41]
INFO: [Synth 8-4471] merging register 'br_reg_reg[15:0]' into 'br_reg_reg[15:0]' [/home/christodoulos-zerdalis/Desktop/FFT/radix_4_SDF_bram/butterfly.v:40]
INFO: [Synth 8-4471] merging register 'w0r_reg_reg[7:0]' into 'w0r_reg_reg[7:0]' [/home/christodoulos-zerdalis/Desktop/FFT/radix_4_SDF_bram/butterfly.v:40]
INFO: [Synth 8-4471] merging register 'bi_reg_reg[15:0]' into 'bi_reg_reg[15:0]' [/home/christodoulos-zerdalis/Desktop/FFT/radix_4_SDF_bram/butterfly.v:47]
INFO: [Synth 8-4471] merging register 'w1i_reg_reg[7:0]' into 'w1i_reg_reg[7:0]' [/home/christodoulos-zerdalis/Desktop/FFT/radix_4_SDF_bram/butterfly.v:43]
INFO: [Synth 8-4471] merging register 'cr_reg_reg[15:0]' into 'cr_reg_reg[15:0]' [/home/christodoulos-zerdalis/Desktop/FFT/radix_4_SDF_bram/butterfly.v:42]
INFO: [Synth 8-4471] merging register 'w1r_reg_reg[7:0]' into 'w1r_reg_reg[7:0]' [/home/christodoulos-zerdalis/Desktop/FFT/radix_4_SDF_bram/butterfly.v:42]
INFO: [Synth 8-4471] merging register 'ci_reg_reg[15:0]' into 'ci_reg_reg[15:0]' [/home/christodoulos-zerdalis/Desktop/FFT/radix_4_SDF_bram/butterfly.v:49]
DSP Report: Generating DSP mul_m2r_reg_1_reg, operation Mode is: (A2*B2)'.
DSP Report: register w2r_reg_reg is absorbed into DSP mul_m2r_reg_1_reg.
DSP Report: register dr_reg_reg is absorbed into DSP mul_m2r_reg_1_reg.
DSP Report: register mul_m2r_reg_1_reg is absorbed into DSP mul_m2r_reg_1_reg.
DSP Report: operator mul_m2r_1 is absorbed into DSP mul_m2r_reg_1_reg.
DSP Report: Generating DSP m2r_reg_reg, operation Mode is: (PCIN-(A2*B2)')'.
DSP Report: register w2i_reg_reg is absorbed into DSP m2r_reg_reg.
DSP Report: register di_reg_reg is absorbed into DSP m2r_reg_reg.
DSP Report: register m2r_reg_reg is absorbed into DSP m2r_reg_reg.
DSP Report: register mul_m2r_reg_2_reg is absorbed into DSP m2r_reg_reg.
DSP Report: operator m2r is absorbed into DSP m2r_reg_reg.
DSP Report: operator mul_m2r_2 is absorbed into DSP m2r_reg_reg.
DSP Report: Generating DSP mul_m0r_reg_1_reg, operation Mode is: (A2*B2)'.
DSP Report: register w0r_reg_reg is absorbed into DSP mul_m0r_reg_1_reg.
DSP Report: register br_reg_reg is absorbed into DSP mul_m0r_reg_1_reg.
DSP Report: register mul_m0r_reg_1_reg is absorbed into DSP mul_m0r_reg_1_reg.
DSP Report: operator mul_m0r_1 is absorbed into DSP mul_m0r_reg_1_reg.
DSP Report: Generating DSP m0r_reg_reg, operation Mode is: (PCIN-(A2*B2)')'.
DSP Report: register w0i_reg_reg is absorbed into DSP m0r_reg_reg.
DSP Report: register bi_reg_reg is absorbed into DSP m0r_reg_reg.
DSP Report: register m0r_reg_reg is absorbed into DSP m0r_reg_reg.
DSP Report: register mul_m0r_reg_2_reg is absorbed into DSP m0r_reg_reg.
DSP Report: operator m0r is absorbed into DSP m0r_reg_reg.
DSP Report: operator mul_m0r_2 is absorbed into DSP m0r_reg_reg.
DSP Report: Generating DSP mul_m1r_reg_1_reg, operation Mode is: (A2*B2)'.
DSP Report: register w1r_reg_reg is absorbed into DSP mul_m1r_reg_1_reg.
DSP Report: register cr_reg_reg is absorbed into DSP mul_m1r_reg_1_reg.
DSP Report: register mul_m1r_reg_1_reg is absorbed into DSP mul_m1r_reg_1_reg.
DSP Report: operator mul_m1r_1 is absorbed into DSP mul_m1r_reg_1_reg.
DSP Report: Generating DSP m1r_reg_reg, operation Mode is: (PCIN-(A2*B2)')'.
DSP Report: register w1i_reg_reg is absorbed into DSP m1r_reg_reg.
DSP Report: register ci_reg_reg is absorbed into DSP m1r_reg_reg.
DSP Report: register m1r_reg_reg is absorbed into DSP m1r_reg_reg.
DSP Report: register mul_m1r_reg_2_reg is absorbed into DSP m1r_reg_reg.
DSP Report: operator m1r is absorbed into DSP m1r_reg_reg.
DSP Report: operator mul_m1r_2 is absorbed into DSP m1r_reg_reg.
DSP Report: Generating DSP mul_m2i_reg_1_reg, operation Mode is: (A2*B2)'.
DSP Report: register w2i_reg_reg is absorbed into DSP mul_m2i_reg_1_reg.
DSP Report: register dr_reg_reg is absorbed into DSP mul_m2i_reg_1_reg.
DSP Report: register mul_m2i_reg_1_reg is absorbed into DSP mul_m2i_reg_1_reg.
DSP Report: operator mul_m2i_1 is absorbed into DSP mul_m2i_reg_1_reg.
DSP Report: Generating DSP m2i_reg_reg, operation Mode is: (PCIN+(A2*B2)')'.
DSP Report: register w2r_reg_reg is absorbed into DSP m2i_reg_reg.
DSP Report: register di_reg_reg is absorbed into DSP m2i_reg_reg.
DSP Report: register m2i_reg_reg is absorbed into DSP m2i_reg_reg.
DSP Report: register mul_m2i_reg_2_reg is absorbed into DSP m2i_reg_reg.
DSP Report: operator m2i is absorbed into DSP m2i_reg_reg.
DSP Report: operator mul_m2i_2 is absorbed into DSP m2i_reg_reg.
DSP Report: Generating DSP mul_m0i_reg_1_reg, operation Mode is: (A2*B2)'.
DSP Report: register w0i_reg_reg is absorbed into DSP mul_m0i_reg_1_reg.
DSP Report: register br_reg_reg is absorbed into DSP mul_m0i_reg_1_reg.
DSP Report: register mul_m0i_reg_1_reg is absorbed into DSP mul_m0i_reg_1_reg.
DSP Report: operator mul_m0i_1 is absorbed into DSP mul_m0i_reg_1_reg.
DSP Report: Generating DSP m0i_reg_reg, operation Mode is: (PCIN+(A2*B2)')'.
DSP Report: register w0r_reg_reg is absorbed into DSP m0i_reg_reg.
DSP Report: register bi_reg_reg is absorbed into DSP m0i_reg_reg.
DSP Report: register m0i_reg_reg is absorbed into DSP m0i_reg_reg.
DSP Report: register mul_m0i_reg_2_reg is absorbed into DSP m0i_reg_reg.
DSP Report: operator m0i is absorbed into DSP m0i_reg_reg.
DSP Report: operator mul_m0i_2 is absorbed into DSP m0i_reg_reg.
DSP Report: Generating DSP mul_m1i_reg_1_reg, operation Mode is: (A2*B2)'.
DSP Report: register w1i_reg_reg is absorbed into DSP mul_m1i_reg_1_reg.
DSP Report: register cr_reg_reg is absorbed into DSP mul_m1i_reg_1_reg.
DSP Report: register mul_m1i_reg_1_reg is absorbed into DSP mul_m1i_reg_1_reg.
DSP Report: operator mul_m1i_1 is absorbed into DSP mul_m1i_reg_1_reg.
DSP Report: Generating DSP m1i_reg_reg, operation Mode is: (PCIN+(A2*B2)')'.
DSP Report: register w1r_reg_reg is absorbed into DSP m1i_reg_reg.
DSP Report: register ci_reg_reg is absorbed into DSP m1i_reg_reg.
DSP Report: register m1i_reg_reg is absorbed into DSP m1i_reg_reg.
DSP Report: register mul_m1i_reg_2_reg is absorbed into DSP m1i_reg_reg.
DSP Report: operator m1i is absorbed into DSP m1i_reg_reg.
DSP Report: operator mul_m1i_2 is absorbed into DSP m1i_reg_reg.
INFO: [Synth 8-5546] ROM "flush_count" won't be mapped to RAM because it is too sparse
INFO: [Synth 8-5546] ROM "stride_segment_counter" won't be mapped to RAM because it is too sparse
INFO: [Synth 8-5542] Attribute ram_style/rom_style = distributed specified for ROM  "p_0_out". This will be implemented in logic
INFO: [Synth 8-5542] Attribute ram_style/rom_style = distributed specified for ROM  "p_0_out". This will be implemented in logic
INFO: [Synth 8-5542] Attribute ram_style/rom_style = distributed specified for ROM  "p_0_out". This will be implemented in logic
INFO: [Synth 8-5542] Attribute ram_style/rom_style = distributed specified for ROM  "p_0_out". This will be implemented in logic
INFO: [Synth 8-5542] Attribute ram_style/rom_style = distributed specified for ROM  "p_0_out". This will be implemented in logic
INFO: [Synth 8-5542] Attribute ram_style/rom_style = distributed specified for ROM  "p_0_out". This will be implemented in logic
INFO: [Synth 8-4471] merging register 'w2i_reg_reg[7:0]' into 'w2i_reg_reg[7:0]' [/home/christodoulos-zerdalis/Desktop/FFT/radix_4_SDF_bram/butterfly.v:45]
INFO: [Synth 8-4471] merging register 'dr_reg_reg[15:0]' into 'dr_reg_reg[15:0]' [/home/christodoulos-zerdalis/Desktop/FFT/radix_4_SDF_bram/butterfly.v:44]
INFO: [Synth 8-4471] merging register 'w2r_reg_reg[7:0]' into 'w2r_reg_reg[7:0]' [/home/christodoulos-zerdalis/Desktop/FFT/radix_4_SDF_bram/butterfly.v:44]
INFO: [Synth 8-4471] merging register 'di_reg_reg[15:0]' into 'di_reg_reg[15:0]' [/home/christodoulos-zerdalis/Desktop/FFT/radix_4_SDF_bram/butterfly.v:51]
INFO: [Synth 8-4471] merging register 'w0i_reg_reg[7:0]' into 'w0i_reg_reg[7:0]' [/home/christodoulos-zerdalis/Desktop/FFT/radix_4_SDF_bram/butterfly.v:41]
INFO: [Synth 8-4471] merging register 'br_reg_reg[15:0]' into 'br_reg_reg[15:0]' [/home/christodoulos-zerdalis/Desktop/FFT/radix_4_SDF_bram/butterfly.v:40]
INFO: [Synth 8-4471] merging register 'w0r_reg_reg[7:0]' into 'w0r_reg_reg[7:0]' [/home/christodoulos-zerdalis/Desktop/FFT/radix_4_SDF_bram/butterfly.v:40]
INFO: [Synth 8-4471] merging register 'bi_reg_reg[15:0]' into 'bi_reg_reg[15:0]' [/home/christodoulos-zerdalis/Desktop/FFT/radix_4_SDF_bram/butterfly.v:47]
INFO: [Synth 8-4471] merging register 'w1i_reg_reg[7:0]' into 'w1i_reg_reg[7:0]' [/home/christodoulos-zerdalis/Desktop/FFT/radix_4_SDF_bram/butterfly.v:43]
INFO: [Synth 8-4471] merging register 'cr_reg_reg[15:0]' into 'cr_reg_reg[15:0]' [/home/christodoulos-zerdalis/Desktop/FFT/radix_4_SDF_bram/butterfly.v:42]
INFO: [Synth 8-4471] merging register 'w1r_reg_reg[7:0]' into 'w1r_reg_reg[7:0]' [/home/christodoulos-zerdalis/Desktop/FFT/radix_4_SDF_bram/butterfly.v:42]
INFO: [Synth 8-4471] merging register 'ci_reg_reg[15:0]' into 'ci_reg_reg[15:0]' [/home/christodoulos-zerdalis/Desktop/FFT/radix_4_SDF_bram/butterfly.v:49]
DSP Report: Generating DSP mul_m2r_reg_1_reg, operation Mode is: (A2*B2)'.
DSP Report: register w2r_reg_reg is absorbed into DSP mul_m2r_reg_1_reg.
DSP Report: register dr_reg_reg is absorbed into DSP mul_m2r_reg_1_reg.
DSP Report: register mul_m2r_reg_1_reg is absorbed into DSP mul_m2r_reg_1_reg.
DSP Report: operator mul_m2r_1 is absorbed into DSP mul_m2r_reg_1_reg.
DSP Report: Generating DSP m2r_reg_reg, operation Mode is: (PCIN-(A2*B2)')'.
DSP Report: register w2i_reg_reg is absorbed into DSP m2r_reg_reg.
DSP Report: register di_reg_reg is absorbed into DSP m2r_reg_reg.
DSP Report: register m2r_reg_reg is absorbed into DSP m2r_reg_reg.
DSP Report: register mul_m2r_reg_2_reg is absorbed into DSP m2r_reg_reg.
DSP Report: operator m2r is absorbed into DSP m2r_reg_reg.
DSP Report: operator mul_m2r_2 is absorbed into DSP m2r_reg_reg.
DSP Report: Generating DSP mul_m0r_reg_1_reg, operation Mode is: (A2*B2)'.
DSP Report: register w0r_reg_reg is absorbed into DSP mul_m0r_reg_1_reg.
DSP Report: register br_reg_reg is absorbed into DSP mul_m0r_reg_1_reg.
DSP Report: register mul_m0r_reg_1_reg is absorbed into DSP mul_m0r_reg_1_reg.
DSP Report: operator mul_m0r_1 is absorbed into DSP mul_m0r_reg_1_reg.
DSP Report: Generating DSP m0r_reg_reg, operation Mode is: (PCIN-(A2*B2)')'.
DSP Report: register w0i_reg_reg is absorbed into DSP m0r_reg_reg.
DSP Report: register bi_reg_reg is absorbed into DSP m0r_reg_reg.
DSP Report: register m0r_reg_reg is absorbed into DSP m0r_reg_reg.
DSP Report: register mul_m0r_reg_2_reg is absorbed into DSP m0r_reg_reg.
DSP Report: operator m0r is absorbed into DSP m0r_reg_reg.
DSP Report: operator mul_m0r_2 is absorbed into DSP m0r_reg_reg.
DSP Report: Generating DSP mul_m1r_reg_1_reg, operation Mode is: (A2*B2)'.
DSP Report: register w1r_reg_reg is absorbed into DSP mul_m1r_reg_1_reg.
DSP Report: register cr_reg_reg is absorbed into DSP mul_m1r_reg_1_reg.
DSP Report: register mul_m1r_reg_1_reg is absorbed into DSP mul_m1r_reg_1_reg.
DSP Report: operator mul_m1r_1 is absorbed into DSP mul_m1r_reg_1_reg.
DSP Report: Generating DSP m1r_reg_reg, operation Mode is: (PCIN-(A2*B2)')'.
DSP Report: register w1i_reg_reg is absorbed into DSP m1r_reg_reg.
DSP Report: register ci_reg_reg is absorbed into DSP m1r_reg_reg.
DSP Report: register m1r_reg_reg is absorbed into DSP m1r_reg_reg.
DSP Report: register mul_m1r_reg_2_reg is absorbed into DSP m1r_reg_reg.
DSP Report: operator m1r is absorbed into DSP m1r_reg_reg.
DSP Report: operator mul_m1r_2 is absorbed into DSP m1r_reg_reg.
DSP Report: Generating DSP mul_m2i_reg_1_reg, operation Mode is: (A2*B2)'.
DSP Report: register w2i_reg_reg is absorbed into DSP mul_m2i_reg_1_reg.
DSP Report: register dr_reg_reg is absorbed into DSP mul_m2i_reg_1_reg.
DSP Report: register mul_m2i_reg_1_reg is absorbed into DSP mul_m2i_reg_1_reg.
DSP Report: operator mul_m2i_1 is absorbed into DSP mul_m2i_reg_1_reg.
DSP Report: Generating DSP m2i_reg_reg, operation Mode is: (PCIN+(A2*B2)')'.
DSP Report: register w2r_reg_reg is absorbed into DSP m2i_reg_reg.
DSP Report: register di_reg_reg is absorbed into DSP m2i_reg_reg.
DSP Report: register m2i_reg_reg is absorbed into DSP m2i_reg_reg.
DSP Report: register mul_m2i_reg_2_reg is absorbed into DSP m2i_reg_reg.
DSP Report: operator m2i is absorbed into DSP m2i_reg_reg.
DSP Report: operator mul_m2i_2 is absorbed into DSP m2i_reg_reg.
DSP Report: Generating DSP mul_m0i_reg_1_reg, operation Mode is: (A2*B2)'.
DSP Report: register w0i_reg_reg is absorbed into DSP mul_m0i_reg_1_reg.
DSP Report: register br_reg_reg is absorbed into DSP mul_m0i_reg_1_reg.
DSP Report: register mul_m0i_reg_1_reg is absorbed into DSP mul_m0i_reg_1_reg.
DSP Report: operator mul_m0i_1 is absorbed into DSP mul_m0i_reg_1_reg.
DSP Report: Generating DSP m0i_reg_reg, operation Mode is: (PCIN+(A2*B2)')'.
DSP Report: register w0r_reg_reg is absorbed into DSP m0i_reg_reg.
DSP Report: register bi_reg_reg is absorbed into DSP m0i_reg_reg.
DSP Report: register m0i_reg_reg is absorbed into DSP m0i_reg_reg.
DSP Report: register mul_m0i_reg_2_reg is absorbed into DSP m0i_reg_reg.
DSP Report: operator m0i is absorbed into DSP m0i_reg_reg.
DSP Report: operator mul_m0i_2 is absorbed into DSP m0i_reg_reg.
DSP Report: Generating DSP mul_m1i_reg_1_reg, operation Mode is: (A2*B2)'.
DSP Report: register w1i_reg_reg is absorbed into DSP mul_m1i_reg_1_reg.
DSP Report: register cr_reg_reg is absorbed into DSP mul_m1i_reg_1_reg.
DSP Report: register mul_m1i_reg_1_reg is absorbed into DSP mul_m1i_reg_1_reg.
DSP Report: operator mul_m1i_1 is absorbed into DSP mul_m1i_reg_1_reg.
DSP Report: Generating DSP m1i_reg_reg, operation Mode is: (PCIN+(A2*B2)')'.
DSP Report: register w1r_reg_reg is absorbed into DSP m1i_reg_reg.
DSP Report: register ci_reg_reg is absorbed into DSP m1i_reg_reg.
DSP Report: register m1i_reg_reg is absorbed into DSP m1i_reg_reg.
DSP Report: register mul_m1i_reg_2_reg is absorbed into DSP m1i_reg_reg.
DSP Report: operator m1i is absorbed into DSP m1i_reg_reg.
DSP Report: operator mul_m1i_2 is absorbed into DSP m1i_reg_reg.
INFO: [Synth 8-5546] ROM "flush_count" won't be mapped to RAM because it is too sparse
INFO: [Synth 8-5546] ROM "stride_segment_counter" won't be mapped to RAM because it is too sparse
INFO: [Synth 8-5542] Attribute ram_style/rom_style = distributed specified for ROM  "p_0_out". This will be implemented in logic
INFO: [Synth 8-5542] Attribute ram_style/rom_style = distributed specified for ROM  "p_0_out". This will be implemented in logic
INFO: [Synth 8-5542] Attribute ram_style/rom_style = distributed specified for ROM  "p_0_out". This will be implemented in logic
INFO: [Synth 8-5542] Attribute ram_style/rom_style = distributed specified for ROM  "p_0_out". This will be implemented in logic
INFO: [Synth 8-5542] Attribute ram_style/rom_style = distributed specified for ROM  "p_0_out". This will be implemented in logic
INFO: [Synth 8-5542] Attribute ram_style/rom_style = distributed specified for ROM  "p_0_out". This will be implemented in logic
INFO: [Synth 8-4471] merging register 'gen_stages[0].stage_inst/b4/w0r_reg_reg[7:0]' into 'gen_stages[0].stage_inst/b4/w2r_reg_reg[7:0]' [/home/christodoulos-zerdalis/Desktop/FFT/radix_4_SDF_bram/butterfly.v:40]
INFO: [Synth 8-4471] merging register 'gen_stages[0].stage_inst/b4/w0i_reg_reg[7:0]' into 'gen_stages[0].stage_inst/b4/w2i_reg_reg[7:0]' [/home/christodoulos-zerdalis/Desktop/FFT/radix_4_SDF_bram/butterfly.v:41]
INFO: [Synth 8-4471] merging register 'gen_stages[0].stage_inst/b4/w1r_reg_reg[7:0]' into 'gen_stages[0].stage_inst/b4/w2r_reg_reg[7:0]' [/home/christodoulos-zerdalis/Desktop/FFT/radix_4_SDF_bram/butterfly.v:42]
INFO: [Synth 8-4471] merging register 'gen_stages[0].stage_inst/b4/w1i_reg_reg[7:0]' into 'gen_stages[0].stage_inst/b4/w2i_reg_reg[7:0]' [/home/christodoulos-zerdalis/Desktop/FFT/radix_4_SDF_bram/butterfly.v:43]
INFO: [Synth 8-4471] merging register 'gen_stages[0].stage_inst/b4/w2i_reg_reg[7:0]' into 'gen_stages[0].stage_inst/b4/w2i_reg_reg[7:0]' [/home/christodoulos-zerdalis/Desktop/FFT/radix_4_SDF_bram/butterfly.v:45]
INFO: [Synth 8-4471] merging register 'gen_stages[0].stage_inst/b4/w2r_reg_reg[7:0]' into 'gen_stages[0].stage_inst/b4/w2r_reg_reg[7:0]' [/home/christodoulos-zerdalis/Desktop/FFT/radix_4_SDF_bram/butterfly.v:44]
INFO: [Synth 8-4471] merging register 'gen_stages[0].stage_inst/b4/w0i_reg_reg[7:0]' into 'gen_stages[0].stage_inst/b4/w2i_reg_reg[7:0]' [/home/christodoulos-zerdalis/Desktop/FFT/radix_4_SDF_bram/butterfly.v:41]
INFO: [Synth 8-4471] merging register 'gen_stages[0].stage_inst/b4/w0r_reg_reg[7:0]' into 'gen_stages[0].stage_inst/b4/w2r_reg_reg[7:0]' [/home/christodoulos-zerdalis/Desktop/FFT/radix_4_SDF_bram/butterfly.v:40]
INFO: [Synth 8-4471] merging register 'gen_stages[0].stage_inst/b4/w1i_reg_reg[7:0]' into 'gen_stages[0].stage_inst/b4/w2i_reg_reg[7:0]' [/home/christodoulos-zerdalis/Desktop/FFT/radix_4_SDF_bram/butterfly.v:43]
INFO: [Synth 8-4471] merging register 'gen_stages[0].stage_inst/b4/w1r_reg_reg[7:0]' into 'gen_stages[0].stage_inst/b4/w2r_reg_reg[7:0]' [/home/christodoulos-zerdalis/Desktop/FFT/radix_4_SDF_bram/butterfly.v:42]
INFO: [Synth 8-4471] merging register 'gen_stages[0].stage_inst/b4/dr_reg_reg[15:0]' into 'gen_stages[0].stage_inst/b4/dr_reg_reg[15:0]' [/home/christodoulos-zerdalis/Desktop/FFT/radix_4_SDF_bram/butterfly.v:44]
INFO: [Synth 8-4471] merging register 'gen_stages[0].stage_inst/b4/di_reg_reg[15:0]' into 'gen_stages[0].stage_inst/b4/di_reg_reg[15:0]' [/home/christodoulos-zerdalis/Desktop/FFT/radix_4_SDF_bram/butterfly.v:51]
INFO: [Synth 8-4471] merging register 'gen_stages[0].stage_inst/b4/br_reg_reg[15:0]' into 'gen_stages[0].stage_inst/b4/br_reg_reg[15:0]' [/home/christodoulos-zerdalis/Desktop/FFT/radix_4_SDF_bram/butterfly.v:40]
INFO: [Synth 8-4471] merging register 'gen_stages[0].stage_inst/b4/bi_reg_reg[15:0]' into 'gen_stages[0].stage_inst/b4/bi_reg_reg[15:0]' [/home/christodoulos-zerdalis/Desktop/FFT/radix_4_SDF_bram/butterfly.v:47]
INFO: [Synth 8-4471] merging register 'gen_stages[0].stage_inst/b4/cr_reg_reg[15:0]' into 'gen_stages[0].stage_inst/b4/cr_reg_reg[15:0]' [/home/christodoulos-zerdalis/Desktop/FFT/radix_4_SDF_bram/butterfly.v:42]
INFO: [Synth 8-4471] merging register 'gen_stages[0].stage_inst/b4/ci_reg_reg[15:0]' into 'gen_stages[0].stage_inst/b4/ci_reg_reg[15:0]' [/home/christodoulos-zerdalis/Desktop/FFT/radix_4_SDF_bram/butterfly.v:49]
INFO: [Synth 8-5542] Attribute ram_style/rom_style = distributed specified for ROM  "p_0_out". This will be implemented in logic
INFO: [Synth 8-5542] Attribute ram_style/rom_style = distributed specified for ROM  "p_0_out". This will be implemented in logic
DSP Report: Generating DSP gen_stages[0].stage_inst/b4/mul_m2r_reg_1_reg, operation Mode is: (A''*B2)'.
DSP Report: register gen_stages[0].stage_inst/b4/w2r_reg_reg is absorbed into DSP gen_stages[0].stage_inst/b4/mul_m2r_reg_1_reg.
DSP Report: register gen_stages[0].stage_inst/input_real_3_r_reg is absorbed into DSP gen_stages[0].stage_inst/b4/mul_m2r_reg_1_reg.
DSP Report: register gen_stages[0].stage_inst/b4/dr_reg_reg is absorbed into DSP gen_stages[0].stage_inst/b4/mul_m2r_reg_1_reg.
DSP Report: register gen_stages[0].stage_inst/b4/mul_m2r_reg_1_reg is absorbed into DSP gen_stages[0].stage_inst/b4/mul_m2r_reg_1_reg.
DSP Report: operator gen_stages[0].stage_inst/b4/mul_m2r_1 is absorbed into DSP gen_stages[0].stage_inst/b4/mul_m2r_reg_1_reg.
DSP Report: Generating DSP gen_stages[0].stage_inst/b4/m2r_reg_reg, operation Mode is: (PCIN-(A''*B2)')'.
DSP Report: register gen_stages[0].stage_inst/b4/w2i_reg_reg is absorbed into DSP gen_stages[0].stage_inst/b4/m2r_reg_reg.
DSP Report: register gen_stages[0].stage_inst/input_imag_3_r_reg is absorbed into DSP gen_stages[0].stage_inst/b4/m2r_reg_reg.
DSP Report: register gen_stages[0].stage_inst/b4/di_reg_reg is absorbed into DSP gen_stages[0].stage_inst/b4/m2r_reg_reg.
DSP Report: register gen_stages[0].stage_inst/b4/m2r_reg_reg is absorbed into DSP gen_stages[0].stage_inst/b4/m2r_reg_reg.
DSP Report: register gen_stages[0].stage_inst/b4/mul_m2r_reg_2_reg is absorbed into DSP gen_stages[0].stage_inst/b4/m2r_reg_reg.
DSP Report: operator gen_stages[0].stage_inst/b4/m2r is absorbed into DSP gen_stages[0].stage_inst/b4/m2r_reg_reg.
DSP Report: operator gen_stages[0].stage_inst/b4/mul_m2r_2 is absorbed into DSP gen_stages[0].stage_inst/b4/m2r_reg_reg.
DSP Report: Generating DSP gen_stages[0].stage_inst/b4/mul_m0r_reg_1_reg, operation Mode is: (A''*B2)'.
DSP Report: register gen_stages[0].stage_inst/b4/w2r_reg_reg is absorbed into DSP gen_stages[0].stage_inst/b4/mul_m0r_reg_1_reg.
DSP Report: register gen_stages[0].stage_inst/input_real_1_r_reg is absorbed into DSP gen_stages[0].stage_inst/b4/mul_m0r_reg_1_reg.
DSP Report: register gen_stages[0].stage_inst/b4/br_reg_reg is absorbed into DSP gen_stages[0].stage_inst/b4/mul_m0r_reg_1_reg.
DSP Report: register gen_stages[0].stage_inst/b4/mul_m0r_reg_1_reg is absorbed into DSP gen_stages[0].stage_inst/b4/mul_m0r_reg_1_reg.
DSP Report: operator gen_stages[0].stage_inst/b4/mul_m0r_1 is absorbed into DSP gen_stages[0].stage_inst/b4/mul_m0r_reg_1_reg.
DSP Report: Generating DSP gen_stages[0].stage_inst/b4/m0r_reg_reg, operation Mode is: (PCIN-(A''*B2)')'.
DSP Report: register gen_stages[0].stage_inst/input_imag_1_r_reg is absorbed into DSP gen_stages[0].stage_inst/b4/m0r_reg_reg.
DSP Report: register gen_stages[0].stage_inst/b4/bi_reg_reg is absorbed into DSP gen_stages[0].stage_inst/b4/m0r_reg_reg.
DSP Report: register gen_stages[0].stage_inst/b4/w2i_reg_reg is absorbed into DSP gen_stages[0].stage_inst/b4/m0r_reg_reg.
DSP Report: register gen_stages[0].stage_inst/b4/m0r_reg_reg is absorbed into DSP gen_stages[0].stage_inst/b4/m0r_reg_reg.
DSP Report: register gen_stages[0].stage_inst/b4/mul_m0r_reg_2_reg is absorbed into DSP gen_stages[0].stage_inst/b4/m0r_reg_reg.
DSP Report: operator gen_stages[0].stage_inst/b4/m0r is absorbed into DSP gen_stages[0].stage_inst/b4/m0r_reg_reg.
DSP Report: operator gen_stages[0].stage_inst/b4/mul_m0r_2 is absorbed into DSP gen_stages[0].stage_inst/b4/m0r_reg_reg.
DSP Report: Generating DSP gen_stages[0].stage_inst/b4/mul_m1r_reg_1_reg, operation Mode is: (A''*B2)'.
DSP Report: register gen_stages[0].stage_inst/input_real_2_r_reg is absorbed into DSP gen_stages[0].stage_inst/b4/mul_m1r_reg_1_reg.
DSP Report: register gen_stages[0].stage_inst/b4/cr_reg_reg is absorbed into DSP gen_stages[0].stage_inst/b4/mul_m1r_reg_1_reg.
DSP Report: register gen_stages[0].stage_inst/b4/w2r_reg_reg is absorbed into DSP gen_stages[0].stage_inst/b4/mul_m1r_reg_1_reg.
DSP Report: register gen_stages[0].stage_inst/b4/mul_m1r_reg_1_reg is absorbed into DSP gen_stages[0].stage_inst/b4/mul_m1r_reg_1_reg.
DSP Report: operator gen_stages[0].stage_inst/b4/mul_m1r_1 is absorbed into DSP gen_stages[0].stage_inst/b4/mul_m1r_reg_1_reg.
DSP Report: Generating DSP gen_stages[0].stage_inst/b4/m1r_reg_reg, operation Mode is: (PCIN-(A''*B2)')'.
DSP Report: register gen_stages[0].stage_inst/input_imag_2_r_reg is absorbed into DSP gen_stages[0].stage_inst/b4/m1r_reg_reg.
DSP Report: register gen_stages[0].stage_inst/b4/ci_reg_reg is absorbed into DSP gen_stages[0].stage_inst/b4/m1r_reg_reg.
DSP Report: register gen_stages[0].stage_inst/b4/w2i_reg_reg is absorbed into DSP gen_stages[0].stage_inst/b4/m1r_reg_reg.
DSP Report: register gen_stages[0].stage_inst/b4/m1r_reg_reg is absorbed into DSP gen_stages[0].stage_inst/b4/m1r_reg_reg.
DSP Report: register gen_stages[0].stage_inst/b4/mul_m1r_reg_2_reg is absorbed into DSP gen_stages[0].stage_inst/b4/m1r_reg_reg.
DSP Report: operator gen_stages[0].stage_inst/b4/m1r is absorbed into DSP gen_stages[0].stage_inst/b4/m1r_reg_reg.
DSP Report: operator gen_stages[0].stage_inst/b4/mul_m1r_2 is absorbed into DSP gen_stages[0].stage_inst/b4/m1r_reg_reg.
DSP Report: Generating DSP gen_stages[0].stage_inst/b4/mul_m2i_reg_1_reg, operation Mode is: (A''*B2)'.
DSP Report: register gen_stages[0].stage_inst/b4/w2i_reg_reg is absorbed into DSP gen_stages[0].stage_inst/b4/mul_m2i_reg_1_reg.
DSP Report: register gen_stages[0].stage_inst/input_real_3_r_reg is absorbed into DSP gen_stages[0].stage_inst/b4/mul_m2i_reg_1_reg.
DSP Report: register gen_stages[0].stage_inst/b4/dr_reg_reg is absorbed into DSP gen_stages[0].stage_inst/b4/mul_m2i_reg_1_reg.
DSP Report: register gen_stages[0].stage_inst/b4/mul_m2i_reg_1_reg is absorbed into DSP gen_stages[0].stage_inst/b4/mul_m2i_reg_1_reg.
DSP Report: operator gen_stages[0].stage_inst/b4/mul_m2i_1 is absorbed into DSP gen_stages[0].stage_inst/b4/mul_m2i_reg_1_reg.
DSP Report: Generating DSP gen_stages[0].stage_inst/b4/m2i_reg_reg, operation Mode is: (PCIN+(A''*B2)')'.
DSP Report: register gen_stages[0].stage_inst/input_imag_3_r_reg is absorbed into DSP gen_stages[0].stage_inst/b4/m2i_reg_reg.
DSP Report: register gen_stages[0].stage_inst/b4/di_reg_reg is absorbed into DSP gen_stages[0].stage_inst/b4/m2i_reg_reg.
DSP Report: register gen_stages[0].stage_inst/b4/w2r_reg_reg is absorbed into DSP gen_stages[0].stage_inst/b4/m2i_reg_reg.
DSP Report: register gen_stages[0].stage_inst/b4/m2i_reg_reg is absorbed into DSP gen_stages[0].stage_inst/b4/m2i_reg_reg.
DSP Report: register gen_stages[0].stage_inst/b4/mul_m2i_reg_2_reg is absorbed into DSP gen_stages[0].stage_inst/b4/m2i_reg_reg.
DSP Report: operator gen_stages[0].stage_inst/b4/m2i is absorbed into DSP gen_stages[0].stage_inst/b4/m2i_reg_reg.
DSP Report: operator gen_stages[0].stage_inst/b4/mul_m2i_2 is absorbed into DSP gen_stages[0].stage_inst/b4/m2i_reg_reg.
DSP Report: Generating DSP gen_stages[0].stage_inst/b4/mul_m0i_reg_1_reg, operation Mode is: (A''*B2)'.
DSP Report: register gen_stages[0].stage_inst/input_real_1_r_reg is absorbed into DSP gen_stages[0].stage_inst/b4/mul_m0i_reg_1_reg.
DSP Report: register gen_stages[0].stage_inst/b4/br_reg_reg is absorbed into DSP gen_stages[0].stage_inst/b4/mul_m0i_reg_1_reg.
DSP Report: register gen_stages[0].stage_inst/b4/w2i_reg_reg is absorbed into DSP gen_stages[0].stage_inst/b4/mul_m0i_reg_1_reg.
DSP Report: register gen_stages[0].stage_inst/b4/mul_m0i_reg_1_reg is absorbed into DSP gen_stages[0].stage_inst/b4/mul_m0i_reg_1_reg.
DSP Report: operator gen_stages[0].stage_inst/b4/mul_m0i_1 is absorbed into DSP gen_stages[0].stage_inst/b4/mul_m0i_reg_1_reg.
DSP Report: Generating DSP gen_stages[0].stage_inst/b4/m0i_reg_reg, operation Mode is: (PCIN+(A''*B2)')'.
DSP Report: register gen_stages[0].stage_inst/input_imag_1_r_reg is absorbed into DSP gen_stages[0].stage_inst/b4/m0i_reg_reg.
DSP Report: register gen_stages[0].stage_inst/b4/bi_reg_reg is absorbed into DSP gen_stages[0].stage_inst/b4/m0i_reg_reg.
DSP Report: register gen_stages[0].stage_inst/b4/w2r_reg_reg is absorbed into DSP gen_stages[0].stage_inst/b4/m0i_reg_reg.
DSP Report: register gen_stages[0].stage_inst/b4/m0i_reg_reg is absorbed into DSP gen_stages[0].stage_inst/b4/m0i_reg_reg.
DSP Report: register gen_stages[0].stage_inst/b4/mul_m0i_reg_2_reg is absorbed into DSP gen_stages[0].stage_inst/b4/m0i_reg_reg.
DSP Report: operator gen_stages[0].stage_inst/b4/m0i is absorbed into DSP gen_stages[0].stage_inst/b4/m0i_reg_reg.
DSP Report: operator gen_stages[0].stage_inst/b4/mul_m0i_2 is absorbed into DSP gen_stages[0].stage_inst/b4/m0i_reg_reg.
DSP Report: Generating DSP gen_stages[0].stage_inst/b4/mul_m1i_reg_1_reg, operation Mode is: (A''*B2)'.
DSP Report: register gen_stages[0].stage_inst/input_real_2_r_reg is absorbed into DSP gen_stages[0].stage_inst/b4/mul_m1i_reg_1_reg.
DSP Report: register gen_stages[0].stage_inst/b4/cr_reg_reg is absorbed into DSP gen_stages[0].stage_inst/b4/mul_m1i_reg_1_reg.
DSP Report: register gen_stages[0].stage_inst/b4/w2i_reg_reg is absorbed into DSP gen_stages[0].stage_inst/b4/mul_m1i_reg_1_reg.
DSP Report: register gen_stages[0].stage_inst/b4/mul_m1i_reg_1_reg is absorbed into DSP gen_stages[0].stage_inst/b4/mul_m1i_reg_1_reg.
DSP Report: operator gen_stages[0].stage_inst/b4/mul_m1i_1 is absorbed into DSP gen_stages[0].stage_inst/b4/mul_m1i_reg_1_reg.
DSP Report: Generating DSP gen_stages[0].stage_inst/b4/m1i_reg_reg, operation Mode is: (PCIN+(A''*B2)')'.
DSP Report: register gen_stages[0].stage_inst/input_imag_2_r_reg is absorbed into DSP gen_stages[0].stage_inst/b4/m1i_reg_reg.
DSP Report: register gen_stages[0].stage_inst/b4/ci_reg_reg is absorbed into DSP gen_stages[0].stage_inst/b4/m1i_reg_reg.
DSP Report: register gen_stages[0].stage_inst/b4/w2r_reg_reg is absorbed into DSP gen_stages[0].stage_inst/b4/m1i_reg_reg.
DSP Report: register gen_stages[0].stage_inst/b4/m1i_reg_reg is absorbed into DSP gen_stages[0].stage_inst/b4/m1i_reg_reg.
DSP Report: register gen_stages[0].stage_inst/b4/mul_m1i_reg_2_reg is absorbed into DSP gen_stages[0].stage_inst/b4/m1i_reg_reg.
DSP Report: operator gen_stages[0].stage_inst/b4/m1i is absorbed into DSP gen_stages[0].stage_inst/b4/m1i_reg_reg.
DSP Report: operator gen_stages[0].stage_inst/b4/mul_m1i_2 is absorbed into DSP gen_stages[0].stage_inst/b4/m1i_reg_reg.
WARNING: [Synth 8-3331] design memory__parameterized1 has unconnected port stride_segment_counter[3]
WARNING: [Synth 8-3331] design memory__parameterized1 has unconnected port stride_segment_counter[2]
WARNING: [Synth 8-3331] design memory__parameterized1 has unconnected port stride_segment_counter[1]
WARNING: [Synth 8-3331] design memory__parameterized1 has unconnected port stride_segment_counter[0]
WARNING: [Synth 8-3331] design memory__parameterized1 has unconnected port mem_counter_read[5]
WARNING: [Synth 8-3331] design memory__parameterized1 has unconnected port mem_counter_read[4]
WARNING: [Synth 8-3331] design memory__parameterized1 has unconnected port mem_counter_read[3]
WARNING: [Synth 8-3331] design memory__parameterized1 has unconnected port mem_counter_read[2]
WARNING: [Synth 8-3331] design memory__parameterized1 has unconnected port mem_counter_read[1]
WARNING: [Synth 8-3331] design memory__parameterized1 has unconnected port mem_counter_read[0]
WARNING: [Synth 8-3331] design memory__parameterized0 has unconnected port stride_segment_counter[1]
WARNING: [Synth 8-3331] design memory__parameterized0 has unconnected port stride_segment_counter[0]
WARNING: [Synth 8-3331] design memory__parameterized0 has unconnected port mem_counter_read[3]
WARNING: [Synth 8-3331] design memory__parameterized0 has unconnected port mem_counter_read[2]
WARNING: [Synth 8-3331] design memory__parameterized0 has unconnected port mem_counter_read[1]
WARNING: [Synth 8-3331] design memory__parameterized0 has unconnected port mem_counter_read[0]
WARNING: [Synth 8-3331] design memory has unconnected port mem_counter_read[1]
WARNING: [Synth 8-3331] design memory has unconnected port mem_counter_read[0]
INFO: [Synth 8-3886] merging instance 'gen_stages[0].stage_inst/twiddle_index_0_r_reg[2]' (FD) to 'gen_stages[0].stage_inst/twiddle_index_0_r_reg[7]'
INFO: [Synth 8-3886] merging instance 'gen_stages[0].stage_inst/twiddle_index_0_r_reg[1]' (FD) to 'gen_stages[0].stage_inst/twiddle_index_0_r_reg[7]'
INFO: [Synth 8-3886] merging instance 'gen_stages[0].stage_inst/twiddle_index_0_r_reg[0]' (FD) to 'gen_stages[0].stage_inst/twiddle_index_0_r_reg[7]'
INFO: [Synth 8-3886] merging instance 'gen_stages[0].stage_inst/twiddle_index_0_r_reg[7]' (FD) to 'gen_stages[0].stage_inst/twiddle_index_0_r_reg[6]'
INFO: [Synth 8-3886] merging instance 'gen_stages[0].stage_inst/twiddle_index_0_r_reg[3]' (FD) to 'gen_stages[0].stage_inst/twiddle_index_0_r_reg[6]'
INFO: [Synth 8-3886] merging instance 'gen_stages[0].stage_inst/twiddle_index_0_r_reg[4]' (FD) to 'gen_stages[0].stage_inst/twiddle_index_0_r_reg[6]'
INFO: [Synth 8-3886] merging instance 'gen_stages[0].stage_inst/twiddle_index_0_r_reg[6]' (FD) to 'gen_stages[0].stage_inst/twiddle_index_0_r_reg[5]'
INFO: [Synth 8-3333] propagating constant 0 across sequential element (\gen_stages[0].stage_inst/twiddle_index_0_r_reg[5] )
INFO: [Synth 8-3886] merging instance 'gen_stages[0].stage_inst/twiddle_index_0_rr_reg[2]' (FDR) to 'gen_stages[0].stage_inst/twiddle_index_0_rr_reg[7]'
INFO: [Synth 8-3886] merging instance 'gen_stages[0].stage_inst/twiddle_index_0_rr_reg[1]' (FDR) to 'gen_stages[0].stage_inst/twiddle_index_0_rr_reg[7]'
INFO: [Synth 8-3886] merging instance 'gen_stages[0].stage_inst/twiddle_index_0_rr_reg[0]' (FDR) to 'gen_stages[0].stage_inst/twiddle_index_0_rr_reg[7]'
INFO: [Synth 8-3886] merging instance 'gen_stages[0].stage_inst/twiddle_index_0_rr_reg[7]' (FDR) to 'gen_stages[0].stage_inst/twiddle_index_0_rr_reg[6]'
INFO: [Synth 8-3886] merging instance 'gen_stages[0].stage_inst/twiddle_index_0_rr_reg[3]' (FDR) to 'gen_stages[0].stage_inst/twiddle_index_0_rr_reg[6]'
INFO: [Synth 8-3886] merging instance 'gen_stages[0].stage_inst/twiddle_index_0_rr_reg[4]' (FDR) to 'gen_stages[0].stage_inst/twiddle_index_0_rr_reg[6]'
INFO: [Synth 8-3886] merging instance 'gen_stages[0].stage_inst/twiddle_index_0_rr_reg[6]' (FDR) to 'gen_stages[0].stage_inst/twiddle_index_0_rr_reg[5]'
INFO: [Synth 8-3886] merging instance 'gen_stages[0].stage_inst/twiddle_index_0_rrr_reg[2]' (FDR) to 'gen_stages[0].stage_inst/twiddle_index_0_rrr_reg[0]'
INFO: [Synth 8-3886] merging instance 'gen_stages[0].stage_inst/twiddle_index_0_rrr_reg[1]' (FDR) to 'gen_stages[0].stage_inst/twiddle_index_0_rrr_reg[0]'
INFO: [Synth 8-3886] merging instance 'gen_stages[0].stage_inst/twiddle_index_0_rrr_reg[0]' (FDR) to 'gen_stages[0].stage_inst/twiddle_index_0_rrr_reg[3]'
INFO: [Synth 8-3886] merging instance 'gen_stages[0].stage_inst/twiddle_index_0_rrr_reg[3]' (FDR) to 'gen_stages[0].stage_inst/twiddle_index_0_rrr_reg[4]'
INFO: [Synth 8-3886] merging instance 'gen_stages[0].stage_inst/twiddle_index_0_rrr_reg[4]' (FDR) to 'gen_stages[0].stage_inst/twiddle_index_0_rrr_reg[5]'
INFO: [Synth 8-3886] merging instance 'gen_stages[0].stage_inst/twiddle_index_0_rrr_reg[7]' (FDR) to 'gen_stages[0].stage_inst/twiddle_index_0_rrr_reg[5]'
INFO: [Synth 8-3886] merging instance 'gen_stages[0].stage_inst/twiddle_index_0_rrr_reg[6]' (FDR) to 'gen_stages[0].stage_inst/twiddle_index_0_rrr_reg[5]'
INFO: [Synth 8-3886] merging instance 'gen_stages[1].stage_inst/gen_memory.mem/ea_addr_D_reg[0]' (FDR) to 'gen_stages[1].stage_inst/gen_memory.mem/ea_addr_B_reg[0]'
INFO: [Synth 8-3886] merging instance 'gen_stages[1].stage_inst/gen_memory.mem/ea_addr_D_reg[2]' (FDR) to 'gen_stages[1].stage_inst/gen_memory.mem/ea_addr_A_reg[2]'
INFO: [Synth 8-3886] merging instance 'gen_stages[1].stage_inst/gen_memory.mem/ea_addr_A_reg[0]' (FDR) to 'gen_stages[1].stage_inst/twiddle_index_2_r_reg[4]'
INFO: [Synth 8-3886] merging instance 'gen_stages[1].stage_inst/gen_memory.mem/ea_addr_A_reg[2]' (FDR) to 'gen_stages[1].stage_inst/gen_memory.mem/ea_addr_B_reg[2]'
INFO: [Synth 8-3886] merging instance 'gen_stages[1].stage_inst/gen_memory.mem/ea_addr_B_reg[1]' (FDR) to 'gen_stages[1].stage_inst/twiddle_index_1_r_reg[6]'
INFO: [Synth 8-3886] merging instance 'gen_stages[1].stage_inst/gen_memory.mem/ea_addr_B_reg[2]' (FDR) to 'gen_stages[1].stage_inst/gen_memory.mem/ea_addr_C_reg[2]'
INFO: [Synth 8-3886] merging instance 'gen_stages[1].stage_inst/gen_memory.mem/ea_addr_C_reg[0]' (FDR) to 'gen_stages[1].stage_inst/twiddle_index_2_r_reg[4]'
INFO: [Synth 8-3886] merging instance 'gen_stages[1].stage_inst/twiddle_index_1_r_reg[2]' (FDR) to 'gen_stages[1].stage_inst/twiddle_index_0_r_reg[0]'
INFO: [Synth 8-3886] merging instance 'gen_stages[1].stage_inst/twiddle_index_1_r_reg[1]' (FDR) to 'gen_stages[1].stage_inst/twiddle_index_0_r_reg[0]'
INFO: [Synth 8-3886] merging instance 'gen_stages[1].stage_inst/twiddle_index_1_r_reg[0]' (FDR) to 'gen_stages[1].stage_inst/twiddle_index_0_r_reg[0]'
INFO: [Synth 8-3886] merging instance 'gen_stages[1].stage_inst/twiddle_index_1_r_reg[3]' (FDR) to 'gen_stages[1].stage_inst/twiddle_index_0_r_reg[0]'
INFO: [Synth 8-3886] merging instance 'gen_stages[1].stage_inst/twiddle_index_1_r_reg[4]' (FDR) to 'gen_stages[1].stage_inst/twiddle_index_0_r_reg[0]'
INFO: [Synth 8-3886] merging instance 'gen_stages[1].stage_inst/twiddle_index_1_r_reg[7]' (FDR) to 'gen_stages[1].stage_inst/twiddle_index_0_r_reg[0]'
INFO: [Synth 8-3886] merging instance 'gen_stages[1].stage_inst/twiddle_index_1_r_reg[6]' (FDR) to 'gen_stages[1].stage_inst/twiddle_index_0_r_reg[5]'
INFO: [Synth 8-3886] merging instance 'gen_stages[1].stage_inst/twiddle_index_1_r_reg[5]' (FDR) to 'gen_stages[1].stage_inst/twiddle_index_2_r_reg[4]'
INFO: [Synth 8-3886] merging instance 'gen_stages[1].stage_inst/twiddle_index_0_r_reg[1]' (FDR) to 'gen_stages[1].stage_inst/twiddle_index_0_r_reg[0]'
INFO: [Synth 8-3886] merging instance 'gen_stages[1].stage_inst/twiddle_index_0_r_reg[0]' (FDR) to 'gen_stages[1].stage_inst/twiddle_index_0_r_reg[2]'
INFO: [Synth 8-3886] merging instance 'gen_stages[1].stage_inst/twiddle_index_0_r_reg[2]' (FDR) to 'gen_stages[1].stage_inst/twiddle_index_0_r_reg[3]'
INFO: [Synth 8-3886] merging instance 'gen_stages[1].stage_inst/twiddle_index_0_r_reg[7]' (FDR) to 'gen_stages[1].stage_inst/twiddle_index_0_r_reg[3]'
INFO: [Synth 8-3886] merging instance 'gen_stages[1].stage_inst/twiddle_index_0_r_reg[3]' (FDR) to 'gen_stages[1].stage_inst/twiddle_index_0_r_reg[6]'
INFO: [Synth 8-3886] merging instance 'gen_stages[1].stage_inst/twiddle_index_0_r_reg[4]' (FDR) to 'gen_stages[1].stage_inst/twiddle_index_2_r_reg[4]'
INFO: [Synth 8-3886] merging instance 'gen_stages[1].stage_inst/twiddle_index_0_r_reg[6]' (FDR) to 'gen_stages[1].stage_inst/twiddle_index_2_r_reg[0]'
INFO: [Synth 8-3886] merging instance 'gen_stages[1].stage_inst/twiddle_index_0_r_reg[5]' (FDR) to 'gen_stages[1].stage_inst/butterfly_op_counter_reg_reg_reg[1]'
INFO: [Synth 8-3886] merging instance 'gen_stages[1].stage_inst/gen_memory.mem/pipe1_op_reg[0]' (FDR) to 'gen_stages[1].stage_inst/twiddle_index_2_r_reg[4]'
INFO: [Synth 8-3886] merging instance 'gen_stages[1].stage_inst/gen_memory.mem/pipe1_op_reg[1]' (FDR) to 'gen_stages[1].stage_inst/butterfly_op_counter_reg_reg_reg[1]'
INFO: [Synth 8-3886] merging instance 'gen_stages[1].stage_inst/butterfly_op_counter_reg_reg_reg[0]' (FDR) to 'gen_stages[1].stage_inst/twiddle_index_2_r_reg[4]'
INFO: [Synth 8-3886] merging instance 'gen_stages[1].stage_inst/twiddle_index_2_r_reg[2]' (FDR) to 'gen_stages[1].stage_inst/twiddle_index_2_r_reg[0]'
INFO: [Synth 8-3886] merging instance 'gen_stages[1].stage_inst/twiddle_index_2_r_reg[1]' (FDR) to 'gen_stages[1].stage_inst/twiddle_index_2_r_reg[0]'
INFO: [Synth 8-3886] merging instance 'gen_stages[1].stage_inst/twiddle_index_2_r_reg[0]' (FDR) to 'gen_stages[1].stage_inst/twiddle_index_2_r_reg[3]'
INFO: [Synth 8-3333] propagating constant 0 across sequential element (\gen_stages[1].stage_inst /\twiddle_index_2_r_reg[3] )
INFO: [Synth 8-3886] merging instance 'gen_stages[1].stage_inst/twiddle_index_1_rr_reg[2]' (FDR) to 'gen_stages[1].stage_inst/twiddle_index_2_rr_reg[3]'
INFO: [Synth 8-3886] merging instance 'gen_stages[1].stage_inst/twiddle_index_1_rr_reg[1]' (FDR) to 'gen_stages[1].stage_inst/twiddle_index_2_rr_reg[3]'
INFO: [Synth 8-3886] merging instance 'gen_stages[1].stage_inst/twiddle_index_1_rr_reg[0]' (FDR) to 'gen_stages[1].stage_inst/twiddle_index_2_rr_reg[3]'
INFO: [Synth 8-3886] merging instance 'gen_stages[1].stage_inst/twiddle_index_1_rr_reg[3]' (FDR) to 'gen_stages[1].stage_inst/twiddle_index_2_rr_reg[3]'
INFO: [Synth 8-3886] merging instance 'gen_stages[1].stage_inst/twiddle_index_1_rr_reg[4]' (FDR) to 'gen_stages[1].stage_inst/twiddle_index_2_rr_reg[3]'
INFO: [Synth 8-3886] merging instance 'gen_stages[1].stage_inst/twiddle_index_1_rr_reg[7]' (FDR) to 'gen_stages[1].stage_inst/twiddle_index_2_rr_reg[3]'
INFO: [Synth 8-3886] merging instance 'gen_stages[1].stage_inst/twiddle_index_1_rr_reg[6]' (FDR) to 'gen_stages[1].stage_inst/gen_memory.mem/pipe2_op_reg[1]'
INFO: [Synth 8-3886] merging instance 'gen_stages[1].stage_inst/twiddle_index_1_rr_reg[5]' (FDR) to 'gen_stages[1].stage_inst/butterfly_op_counter_reg_reg_reg_reg[0]'
INFO: [Synth 8-3886] merging instance 'gen_stages[1].stage_inst/twiddle_index_0_rr_reg[1]' (FDR) to 'gen_stages[1].stage_inst/twiddle_index_2_rr_reg[3]'
INFO: [Synth 8-3886] merging instance 'gen_stages[1].stage_inst/twiddle_index_0_rr_reg[0]' (FDR) to 'gen_stages[1].stage_inst/twiddle_index_2_rr_reg[3]'
INFO: [Synth 8-3886] merging instance 'gen_stages[1].stage_inst/twiddle_index_0_rr_reg[2]' (FDR) to 'gen_stages[1].stage_inst/twiddle_index_2_rr_reg[3]'
INFO: [Synth 8-3886] merging instance 'gen_stages[1].stage_inst/twiddle_index_0_rr_reg[7]' (FDR) to 'gen_stages[1].stage_inst/twiddle_index_2_rr_reg[3]'
INFO: [Synth 8-3886] merging instance 'gen_stages[1].stage_inst/twiddle_index_0_rr_reg[3]' (FDR) to 'gen_stages[1].stage_inst/twiddle_index_2_rr_reg[3]'
INFO: [Synth 8-3886] merging instance 'gen_stages[1].stage_inst/twiddle_index_0_rr_reg[4]' (FDR) to 'gen_stages[1].stage_inst/butterfly_op_counter_reg_reg_reg_reg[0]'
INFO: [Synth 8-3886] merging instance 'gen_stages[1].stage_inst/twiddle_index_0_rr_reg[6]' (FDR) to 'gen_stages[1].stage_inst/twiddle_index_2_rr_reg[3]'
INFO: [Synth 8-3886] merging instance 'gen_stages[1].stage_inst/twiddle_index_0_rr_reg[5]' (FDR) to 'gen_stages[1].stage_inst/gen_memory.mem/pipe2_op_reg[1]'
INFO: [Synth 8-3886] merging instance 'gen_stages[1].stage_inst/gen_memory.mem/pipe2_op_reg[0]' (FDR) to 'gen_stages[1].stage_inst/butterfly_op_counter_reg_reg_reg_reg[0]'
INFO: [Synth 8-3886] merging instance 'gen_stages[1].stage_inst/gen_memory.mem/pipe2_op_reg[1]' (FDR) to 'gen_stages[1].stage_inst/butterfly_op_counter_reg_reg_reg_reg[1]'
INFO: [Synth 8-3886] merging instance 'gen_stages[1].stage_inst/butterfly_op_counter_reg_reg_reg_reg[0]' (FDR) to 'gen_stages[1].stage_inst/twiddle_index_2_rr_reg[4]'
INFO: [Synth 8-3886] merging instance 'gen_stages[1].stage_inst/twiddle_index_2_rr_reg[2]' (FDR) to 'gen_stages[1].stage_inst/twiddle_index_2_rr_reg[3]'
INFO: [Synth 8-3886] merging instance 'gen_stages[1].stage_inst/twiddle_index_2_rr_reg[1]' (FDR) to 'gen_stages[1].stage_inst/twiddle_index_2_rr_reg[3]'
INFO: [Synth 8-3886] merging instance 'gen_stages[1].stage_inst/twiddle_index_2_rr_reg[0]' (FDR) to 'gen_stages[1].stage_inst/twiddle_index_2_rr_reg[3]'
INFO: [Synth 8-3886] merging instance 'gen_stages[1].stage_inst/twiddle_index_2_rr_reg[3]' (FDR) to 'gen_stages[1].stage_inst/twiddle_index_2_r_reg[3]'
INFO: [Synth 8-3886] merging instance 'gen_stages[1].stage_inst/twiddle_index_0_rrr_reg[1]' (FDR) to 'gen_stages[1].stage_inst/twiddle_index_2_rrr_reg[3]'
INFO: [Synth 8-3886] merging instance 'gen_stages[1].stage_inst/twiddle_index_0_rrr_reg[0]' (FDR) to 'gen_stages[1].stage_inst/twiddle_index_2_rrr_reg[3]'
INFO: [Synth 8-3886] merging instance 'gen_stages[1].stage_inst/twiddle_index_0_rrr_reg[2]' (FDR) to 'gen_stages[1].stage_inst/twiddle_index_2_rrr_reg[3]'
INFO: [Synth 8-3886] merging instance 'gen_stages[1].stage_inst/twiddle_index_0_rrr_reg[3]' (FDR) to 'gen_stages[1].stage_inst/twiddle_index_2_rrr_reg[3]'
INFO: [Synth 8-3886] merging instance 'gen_stages[1].stage_inst/twiddle_index_0_rrr_reg[4]' (FDR) to 'gen_stages[1].stage_inst/butterfly_op_counter_reg_reg_reg_reg_reg[0]'
INFO: [Synth 8-3886] merging instance 'gen_stages[1].stage_inst/twiddle_index_0_rrr_reg[7]' (FDR) to 'gen_stages[1].stage_inst/twiddle_index_2_rrr_reg[3]'
INFO: [Synth 8-3886] merging instance 'gen_stages[1].stage_inst/twiddle_index_0_rrr_reg[6]' (FDR) to 'gen_stages[1].stage_inst/twiddle_index_2_rrr_reg[3]'
INFO: [Synth 8-3886] merging instance 'gen_stages[1].stage_inst/twiddle_index_0_rrr_reg[5]' (FDR) to 'gen_stages[1].stage_inst/twiddle_index_1_rrr_reg[6]'
INFO: [Synth 8-3886] merging instance 'gen_stages[1].stage_inst/twiddle_index_2_rrr_reg[2]' (FDR) to 'gen_stages[1].stage_inst/twiddle_index_2_rrr_reg[3]'
INFO: [Synth 8-3886] merging instance 'gen_stages[1].stage_inst/twiddle_index_2_rrr_reg[1]' (FDR) to 'gen_stages[1].stage_inst/twiddle_index_2_rrr_reg[3]'
INFO: [Synth 8-3886] merging instance 'gen_stages[1].stage_inst/twiddle_index_2_rrr_reg[0]' (FDR) to 'gen_stages[1].stage_inst/twiddle_index_2_rrr_reg[3]'
INFO: [Synth 8-3886] merging instance 'gen_stages[1].stage_inst/twiddle_index_2_rrr_reg[3]' (FDR) to 'gen_stages[1].stage_inst/twiddle_index_1_rrr_reg[2]'
INFO: [Synth 8-3886] merging instance 'gen_stages[1].stage_inst/twiddle_index_2_rrr_reg[4]' (FDR) to 'gen_stages[1].stage_inst/butterfly_op_counter_reg_reg_reg_reg_reg[0]'
INFO: [Synth 8-3886] merging instance 'gen_stages[1].stage_inst/twiddle_index_1_rrr_reg[2]' (FDR) to 'gen_stages[1].stage_inst/twiddle_index_1_rrr_reg[1]'
INFO: [Synth 8-3886] merging instance 'gen_stages[1].stage_inst/twiddle_index_1_rrr_reg[1]' (FDR) to 'gen_stages[1].stage_inst/twiddle_index_1_rrr_reg[0]'
INFO: [Synth 8-3886] merging instance 'gen_stages[1].stage_inst/twiddle_index_1_rrr_reg[0]' (FDR) to 'gen_stages[1].stage_inst/twiddle_index_1_rrr_reg[3]'
INFO: [Synth 8-3886] merging instance 'gen_stages[1].stage_inst/twiddle_index_1_rrr_reg[3]' (FDR) to 'gen_stages[1].stage_inst/twiddle_index_1_rrr_reg[4]'
INFO: [Synth 8-3886] merging instance 'gen_stages[1].stage_inst/twiddle_index_1_rrr_reg[4]' (FDR) to 'gen_stages[1].stage_inst/twiddle_index_1_rrr_reg[7]'
INFO: [Synth 8-3886] merging instance 'gen_stages[1].stage_inst/twiddle_index_1_rrr_reg[6]' (FDR) to 'gen_stages[1].stage_inst/butterfly_op_counter_reg_reg_reg_reg_reg[1]'
INFO: [Synth 8-3886] merging instance 'gen_stages[1].stage_inst/twiddle_index_1_rrr_reg[5]' (FDR) to 'gen_stages[1].stage_inst/butterfly_op_counter_reg_reg_reg_reg_reg[0]'
INFO: [Synth 8-3333] propagating constant 0 across sequential element (\gen_stages[2].stage_inst /\twiddle_index_1_r_reg[2] )
INFO: [Synth 8-3333] propagating constant 0 across sequential element (\gen_stages[2].stage_inst /\twiddle_index_1_r_reg[1] )
INFO: [Synth 8-3333] propagating constant 0 across sequential element (\gen_stages[2].stage_inst /\twiddle_index_1_r_reg[0] )
INFO: [Synth 8-3886] merging instance 'gen_stages[2].stage_inst/twiddle_index_1_r_reg[3]' (FDR) to 'gen_stages[2].stage_inst/gen_memory.mem/ea_addr_D_reg[0]'
INFO: [Synth 8-3886] merging instance 'gen_stages[2].stage_inst/butterfly_op_counter_reg_reg_reg[0]' (FDR) to 'gen_stages[2].stage_inst/gen_memory.mem/ea_addr_D_reg[0]'
INFO: [Synth 8-3886] merging instance 'gen_stages[2].stage_inst/gen_memory.mem/pipe1_op_reg[0]' (FDR) to 'gen_stages[2].stage_inst/gen_memory.mem/ea_addr_D_reg[0]'
INFO: [Synth 8-3886] merging instance 'gen_stages[2].stage_inst/twiddle_index_1_r_reg[4]' (FDR) to 'gen_stages[2].stage_inst/gen_memory.mem/ea_addr_D_reg[1]'
INFO: [Synth 8-3886] merging instance 'gen_stages[2].stage_inst/butterfly_op_counter_reg_reg_reg[1]' (FDR) to 'gen_stages[2].stage_inst/gen_memory.mem/ea_addr_D_reg[1]'
INFO: [Synth 8-3886] merging instance 'gen_stages[2].stage_inst/gen_memory.mem/pipe1_op_reg[1]' (FDR) to 'gen_stages[2].stage_inst/gen_memory.mem/ea_addr_D_reg[1]'
INFO: [Synth 8-3333] propagating constant 0 across sequential element (\gen_stages[2].stage_inst /\twiddle_index_1_r_reg[7] )
INFO: [Synth 8-3886] merging instance 'gen_stages[2].stage_inst/twiddle_index_1_r_reg[6]' (FDR) to 'gen_stages[2].stage_inst/gen_memory.mem/ea_addr_B_reg[3]'
INFO: [Common 17-14] Message 'Synth 8-3886' appears 100 times and further instances of the messages will be disabled. Use the Tcl command set_msg_config to change the current settings.
INFO: [Synth 8-3333] propagating constant 0 across sequential element (\gen_stages[2].stage_inst /\twiddle_index_0_r_reg[1] )
INFO: [Synth 8-3333] propagating constant 0 across sequential element (\gen_stages[2].stage_inst /\twiddle_index_0_r_reg[0] )
INFO: [Synth 8-3333] propagating constant 0 across sequential element (\gen_stages[2].stage_inst /\twiddle_index_0_r_reg[7] )
INFO: [Synth 8-3333] propagating constant 0 across sequential element (\gen_stages[2].stage_inst /\twiddle_index_0_r_reg[6] )
INFO: [Synth 8-3333] propagating constant 0 across sequential element (\gen_stages[2].stage_inst /\twiddle_index_2_r_reg[1] )
INFO: [Synth 8-3333] propagating constant 0 across sequential element (\gen_stages[2].stage_inst /\twiddle_index_2_r_reg[0] )
INFO: [Synth 8-3333] propagating constant 0 across sequential element (\gen_stages[3].stage_inst /\twiddle_index_1_r_reg[0] )
INFO: [Synth 8-3333] propagating constant 0 across sequential element (\gen_stages[3].stage_inst /\twiddle_index_1_r_reg[7] )
INFO: [Synth 8-3333] propagating constant 0 across sequential element (\gen_stages[1].stage_inst /\twiddle_index_2_r_reg[3] )
INFO: [Synth 8-3333] propagating constant 0 across sequential element (\gen_stages[1].stage_inst /\twiddle_index_2_r_reg[3] )
WARNING: [Synth 8-3332] Sequential element (twiddle_index_0_rrr_reg_rep[7]) is unused and will be removed from module SdfUnit4_fast__parameterized0.
WARNING: [Synth 8-3332] Sequential element (twiddle_index_0_rrr_reg_rep[6]) is unused and will be removed from module SdfUnit4_fast__parameterized0.
WARNING: [Synth 8-3332] Sequential element (twiddle_index_0_rrr_reg_rep[3]) is unused and will be removed from module SdfUnit4_fast__parameterized0.
WARNING: [Synth 8-3332] Sequential element (twiddle_index_0_rrr_reg_rep[2]) is unused and will be removed from module SdfUnit4_fast__parameterized0.
WARNING: [Synth 8-3332] Sequential element (twiddle_index_0_rrr_reg_rep[1]) is unused and will be removed from module SdfUnit4_fast__parameterized0.
WARNING: [Synth 8-3332] Sequential element (twiddle_index_0_rrr_reg_rep[0]) is unused and will be removed from module SdfUnit4_fast__parameterized0.
WARNING: [Synth 8-3332] Sequential element (twiddle_index_1_rrr_reg_rep[7]) is unused and will be removed from module SdfUnit4_fast__parameterized0.
WARNING: [Synth 8-3332] Sequential element (twiddle_index_1_rrr_reg_rep[4]) is unused and will be removed from module SdfUnit4_fast__parameterized0.
WARNING: [Synth 8-3332] Sequential element (twiddle_index_1_rrr_reg_rep[3]) is unused and will be removed from module SdfUnit4_fast__parameterized0.
WARNING: [Synth 8-3332] Sequential element (twiddle_index_1_rrr_reg_rep[2]) is unused and will be removed from module SdfUnit4_fast__parameterized0.
WARNING: [Synth 8-3332] Sequential element (twiddle_index_1_rrr_reg_rep[1]) is unused and will be removed from module SdfUnit4_fast__parameterized0.
WARNING: [Synth 8-3332] Sequential element (twiddle_index_1_rrr_reg_rep[0]) is unused and will be removed from module SdfUnit4_fast__parameterized0.
WARNING: [Synth 8-3332] Sequential element (twiddle_index_2_rrr_reg_rep[3]) is unused and will be removed from module SdfUnit4_fast__parameterized0.
WARNING: [Synth 8-3332] Sequential element (twiddle_index_2_rrr_reg_rep[2]) is unused and will be removed from module SdfUnit4_fast__parameterized0.
WARNING: [Synth 8-3332] Sequential element (twiddle_index_2_rrr_reg_rep[1]) is unused and will be removed from module SdfUnit4_fast__parameterized0.
WARNING: [Synth 8-3332] Sequential element (twiddle_index_2_rrr_reg_rep[0]) is unused and will be removed from module SdfUnit4_fast__parameterized0.
WARNING: [Synth 8-3332] Sequential element (twiddle_index_0_rrr_reg_rep[7]) is unused and will be removed from module SdfUnit4_fast__parameterized1.
WARNING: [Synth 8-3332] Sequential element (twiddle_index_0_rrr_reg_rep[6]) is unused and will be removed from module SdfUnit4_fast__parameterized1.
WARNING: [Synth 8-3332] Sequential element (twiddle_index_0_rrr_reg_rep[1]) is unused and will be removed from module SdfUnit4_fast__parameterized1.
WARNING: [Synth 8-3332] Sequential element (twiddle_index_0_rrr_reg_rep[0]) is unused and will be removed from module SdfUnit4_fast__parameterized1.
WARNING: [Synth 8-3332] Sequential element (twiddle_index_1_rrr_reg_rep[7]) is unused and will be removed from module SdfUnit4_fast__parameterized1.
WARNING: [Synth 8-3332] Sequential element (twiddle_index_1_rrr_reg_rep[2]) is unused and will be removed from module SdfUnit4_fast__parameterized1.
WARNING: [Synth 8-3332] Sequential element (twiddle_index_1_rrr_reg_rep[1]) is unused and will be removed from module SdfUnit4_fast__parameterized1.
WARNING: [Synth 8-3332] Sequential element (twiddle_index_1_rrr_reg_rep[0]) is unused and will be removed from module SdfUnit4_fast__parameterized1.
WARNING: [Synth 8-3332] Sequential element (twiddle_index_2_rrr_reg_rep[1]) is unused and will be removed from module SdfUnit4_fast__parameterized1.
WARNING: [Synth 8-3332] Sequential element (twiddle_index_2_rrr_reg_rep[0]) is unused and will be removed from module SdfUnit4_fast__parameterized1.
WARNING: [Synth 8-3332] Sequential element (twiddle_index_1_rrr_reg_rep[7]) is unused and will be removed from module SdfUnit4_fast__parameterized2.
WARNING: [Synth 8-3332] Sequential element (twiddle_index_1_rrr_reg_rep[0]) is unused and will be removed from module SdfUnit4_fast__parameterized2.
WARNING: [Synth 8-3332] Sequential element (gen_stages[0].stage_inst/twiddle_index_0_rrr_reg_rep[7]) is unused and will be removed from module fft_top.
WARNING: [Synth 8-3332] Sequential element (gen_stages[0].stage_inst/twiddle_index_0_rrr_reg_rep[6]) is unused and will be removed from module fft_top.
WARNING: [Synth 8-3332] Sequential element (gen_stages[0].stage_inst/twiddle_index_0_rrr_reg_rep[5]) is unused and will be removed from module fft_top.
WARNING: [Synth 8-3332] Sequential element (gen_stages[0].stage_inst/twiddle_index_0_rrr_reg_rep[4]) is unused and will be removed from module fft_top.
WARNING: [Synth 8-3332] Sequential element (gen_stages[0].stage_inst/twiddle_index_0_rrr_reg_rep[3]) is unused and will be removed from module fft_top.
WARNING: [Synth 8-3332] Sequential element (gen_stages[0].stage_inst/twiddle_index_0_rrr_reg_rep[2]) is unused and will be removed from module fft_top.
WARNING: [Synth 8-3332] Sequential element (gen_stages[0].stage_inst/twiddle_index_0_rrr_reg_rep[1]) is unused and will be removed from module fft_top.
WARNING: [Synth 8-3332] Sequential element (gen_stages[0].stage_inst/twiddle_index_0_rrr_reg_rep[0]) is unused and will be removed from module fft_top.
---------------------------------------------------------------------------------
Finished Cross Boundary and Area Optimization : Time (s): cpu = 00:00:17 ; elapsed = 00:00:19 . Memory (MB): peak = 1857.727 ; gain = 502.832 ; free physical = 5737 ; free virtual = 16332
---------------------------------------------------------------------------------
---------------------------------------------------------------------------------
Start ROM, RAM, DSP and Shift Register Reporting
---------------------------------------------------------------------------------

ROM:
+--------------+------------+---------------+----------------+
|Module Name   | RTL Object | Depth x Width | Implemented As | 
+--------------+------------+---------------+----------------+
|SdfUnit4_fast | p_0_out    | 256x8         | LUT            | 
|SdfUnit4_fast | p_0_out    | 256x8         | LUT            | 
|SdfUnit4_fast | p_0_out    | 256x8         | LUT            | 
|SdfUnit4_fast | p_0_out    | 256x8         | LUT            | 
|SdfUnit4_fast | p_0_out    | 256x8         | LUT            | 
|SdfUnit4_fast | p_0_out    | 256x8         | LUT            | 
|SdfUnit4_fast | p_0_out    | 256x8         | LUT            | 
|SdfUnit4_fast | p_0_out    | 256x8         | LUT            | 
|SdfUnit4_fast | p_0_out    | 256x8         | LUT            | 
|SdfUnit4_fast | p_0_out    | 256x8         | LUT            | 
|SdfUnit4_fast | p_0_out    | 256x8         | LUT            | 
|SdfUnit4_fast | p_0_out    | 256x8         | LUT            | 
|SdfUnit4_fast | p_0_out    | 256x8         | LUT            | 
|SdfUnit4_fast | p_0_out    | 256x8         | LUT            | 
|SdfUnit4_fast | p_0_out    | 256x8         | LUT            | 
|SdfUnit4_fast | p_0_out    | 256x8         | LUT            | 
|SdfUnit4_fast | p_0_out    | 256x8         | LUT            | 
|SdfUnit4_fast | p_0_out    | 256x8         | LUT            | 
|SdfUnit4_fast | p_0_out    | 256x8         | LUT            | 
|SdfUnit4_fast | p_0_out    | 256x8         | LUT            | 
|SdfUnit4_fast | p_0_out    | 256x8         | LUT            | 
|SdfUnit4_fast | p_0_out    | 256x8         | LUT            | 
|SdfUnit4_fast | p_0_out    | 256x8         | LUT            | 
|SdfUnit4_fast | p_0_out    | 256x8         | LUT            | 
|SdfUnit4_fast | p_0_out    | 256x8         | LUT            | 
|SdfUnit4_fast | p_0_out    | 256x8         | LUT            | 
|SdfUnit4_fast | p_0_out    | 256x8         | LUT            | 
|SdfUnit4_fast | p_0_out    | 256x8         | LUT            | 
|SdfUnit4_fast | p_0_out    | 256x8         | LUT            | 
|SdfUnit4_fast | p_0_out    | 256x8         | LUT            | 
|SdfUnit4_fast | p_0_out    | 256x8         | LUT            | 
|SdfUnit4_fast | p_0_out    | 256x8         | LUT            | 
|SdfUnit4_fast | p_0_out    | 256x8         | LUT            | 
|SdfUnit4_fast | p_0_out    | 256x8         | LUT            | 
|SdfUnit4_fast | p_0_out    | 256x8         | LUT            | 
|SdfUnit4_fast | p_0_out    | 256x8         | LUT            | 
|SdfUnit4_fast | p_0_out    | 256x8         | LUT            | 
|SdfUnit4_fast | p_0_out    | 256x8         | LUT            | 
|fft_top       | p_0_out    | 256x8         | LUT            | 
|fft_top       | p_0_out    | 256x8         | LUT            | 
+--------------+------------+---------------+----------------+


Block RAM: Preliminary Mapping  Report (see note below)
+------------------------+------------+------------------------+---+---+------------------------+---+---+------------------+--------+--------+
|Module Name             | RTL Object | PORT A (Depth x Width) | W | R | PORT B (Depth x Width) | W | R | Ports driving FF | RAMB18 | RAMB36 | 
+------------------------+------------+------------------------+---+---+------------------------+---+---+------------------+--------+--------+
|memory__parameterized0: | mem_D_reg  | 32 x 32(READ_FIRST)    | W |   | 32 x 32(WRITE_FIRST)   |   | R | Port A and B     | 1      | 0      | 
|memory__parameterized0: | mem_C_reg  | 32 x 32(READ_FIRST)    | W |   | 32 x 32(WRITE_FIRST)   |   | R | Port A and B     | 1      | 0      | 
|memory__parameterized0: | mem_B_reg  | 32 x 32(READ_FIRST)    | W |   | 32 x 32(WRITE_FIRST)   |   | R | Port A and B     | 1      | 0      | 
|memory__parameterized0: | mem_A_reg  | 32 x 32(READ_FIRST)    | W |   | 32 x 32(WRITE_FIRST)   |   | R | Port A and B     | 1      | 0      | 
|memory__parameterized1: | mem_D_reg  | 128 x 32(READ_FIRST)   | W |   | 128 x 32(WRITE_FIRST)  |   | R | Port A and B     | 1      | 0      | 
|memory__parameterized1: | mem_C_reg  | 128 x 32(READ_FIRST)   | W |   | 128 x 32(WRITE_FIRST)  |   | R | Port A and B     | 1      | 0      | 
|memory__parameterized1: | mem_B_reg  | 128 x 32(READ_FIRST)   | W |   | 128 x 32(WRITE_FIRST)  |   | R | Port A and B     | 1      | 0      | 
|memory__parameterized1: | mem_A_reg  | 128 x 32(READ_FIRST)   | W |   | 128 x 32(WRITE_FIRST)  |   | R | Port A and B     | 1      | 0      | 
+------------------------+------------+------------------------+---+---+------------------------+---+---+------------------+--------+--------+

Note: The table above is a preliminary report that shows the Block RAMs at the current stage of the synthesis flow. Some Block RAMs may be reimplemented as non Block RAM primitives later in the synthesis flow. Multiple instantiated Block RAMs are reported only once. 

Distributed RAM: Preliminary Mapping  Report (see note below)
+---------------------------+--------------------------+-----------+----------------------+--------------+
|Module Name                | RTL Object               | Inference | Size (Depth x Width) | Primitives   | 
+---------------------------+--------------------------+-----------+----------------------+--------------+
|\gen_stages[1].stage_inst  | gen_memory.mem/mem_D_reg | Implied   | 8 x 32               | RAM32M x 6   | 
|\gen_stages[1].stage_inst  | gen_memory.mem/mem_C_reg | Implied   | 8 x 32               | RAM32M x 6   | 
|\gen_stages[1].stage_inst  | gen_memory.mem/mem_B_reg | Implied   | 8 x 32               | RAM32M x 6   | 
|\gen_stages[1].stage_inst  | gen_memory.mem/mem_A_reg | Implied   | 8 x 32               | RAM32M x 6   | 
+---------------------------+--------------------------+-----------+----------------------+--------------+

Note: The table above is a preliminary report that shows the Distributed RAMs at the current stage of the synthesis flow. Some Distributed RAMs may be reimplemented as non Distributed RAM primitives later in the synthesis flow. Multiple instantiated RAMs are reported only once.

DSP: Preliminary Mapping  Report (see note below)
+--------------------------+-------------------+--------+--------+--------+--------+--------+------+------+------+------+-------+------+------+
|Module Name               | DSP Mapping       | A Size | B Size | C Size | D Size | P Size | AREG | BREG | CREG | DREG | ADREG | MREG | PREG | 
+--------------------------+-------------------+--------+--------+--------+--------+--------+------+------+------+------+-------+------+------+
|butterfly_radix4_pipeline | (A2*B2)'          | 16     | 8      | -      | -      | 24     | 1    | 1    | -    | -    | -     | 1    | 0    | 
|butterfly_radix4_pipeline | (PCIN-(A2*B2)')'  | 16     | 8      | -      | -      | 24     | 1    | 1    | -    | -    | -     | 1    | 1    | 
|butterfly_radix4_pipeline | (A2*B2)'          | 16     | 8      | -      | -      | 24     | 1    | 1    | -    | -    | -     | 1    | 0    | 
|butterfly_radix4_pipeline | (PCIN-(A2*B2)')'  | 16     | 8      | -      | -      | 24     | 1    | 1    | -    | -    | -     | 1    | 1    | 
|butterfly_radix4_pipeline | (A2*B2)'          | 16     | 8      | -      | -      | 24     | 1    | 1    | -    | -    | -     | 1    | 0    | 
|butterfly_radix4_pipeline | (PCIN-(A2*B2)')'  | 16     | 8      | -      | -      | 24     | 1    | 1    | -    | -    | -     | 1    | 1    | 
|butterfly_radix4_pipeline | (A2*B2)'          | 16     | 8      | -      | -      | 24     | 1    | 1    | -    | -    | -     | 1    | 0    | 
|butterfly_radix4_pipeline | (PCIN+(A2*B2)')'  | 16     | 8      | -      | -      | 24     | 1    | 1    | -    | -    | -     | 1    | 1    | 
|butterfly_radix4_pipeline | (A2*B2)'          | 16     | 8      | -      | -      | 24     | 1    | 1    | -    | -    | -     | 1    | 0    | 
|butterfly_radix4_pipeline | (PCIN+(A2*B2)')'  | 16     | 8      | -      | -      | 24     | 1    | 1    | -    | -    | -     | 1    | 1    | 
|butterfly_radix4_pipeline | (A2*B2)'          | 16     | 8      | -      | -      | 24     | 1    | 1    | -    | -    | -     | 1    | 0    | 
|butterfly_radix4_pipeline | (PCIN+(A2*B2)')'  | 16     | 8      | -      | -      | 24     | 1    | 1    | -    | -    | -     | 1    | 1    | 
|butterfly_radix4_pipeline | (A2*B2)'          | 16     | 8      | -      | -      | 24     | 1    | 1    | -    | -    | -     | 1    | 0    | 
|butterfly_radix4_pipeline | (PCIN-(A2*B2)')'  | 16     | 8      | -      | -      | 24     | 1    | 1    | -    | -    | -     | 1    | 1    | 
|butterfly_radix4_pipeline | (A2*B2)'          | 16     | 8      | -      | -      | 24     | 1    | 1    | -    | -    | -     | 1    | 0    | 
|butterfly_radix4_pipeline | (PCIN-(A2*B2)')'  | 16     | 8      | -      | -      | 24     | 1    | 1    | -    | -    | -     | 1    | 1    | 
|butterfly_radix4_pipeline | (A2*B2)'          | 16     | 8      | -      | -      | 24     | 1    | 1    | -    | -    | -     | 1    | 0    | 
|butterfly_radix4_pipeline | (PCIN-(A2*B2)')'  | 16     | 8      | -      | -      | 24     | 1    | 1    | -    | -    | -     | 1    | 1    | 
|butterfly_radix4_pipeline | (A2*B2)'          | 16     | 8      | -      | -      | 24     | 1    | 1    | -    | -    | -     | 1    | 0    | 
|butterfly_radix4_pipeline | (PCIN+(A2*B2)')'  | 16     | 8      | -      | -      | 24     | 1    | 1    | -    | -    | -     | 1    | 1    | 
|butterfly_radix4_pipeline | (A2*B2)'          | 16     | 8      | -      | -      | 24     | 1    | 1    | -    | -    | -     | 1    | 0    | 
|butterfly_radix4_pipeline | (PCIN+(A2*B2)')'  | 16     | 8      | -      | -      | 24     | 1    | 1    | -    | -    | -     | 1    | 1    | 
|butterfly_radix4_pipeline | (A2*B2)'          | 16     | 8      | -      | -      | 24     | 1    | 1    | -    | -    | -     | 1    | 0    | 
|butterfly_radix4_pipeline | (PCIN+(A2*B2)')'  | 16     | 8      | -      | -      | 24     | 1    | 1    | -    | -    | -     | 1    | 1    | 
|butterfly_radix4_pipeline | (A2*B2)'          | 16     | 8      | -      | -      | 24     | 1    | 1    | -    | -    | -     | 1    | 0    | 
|butterfly_radix4_pipeline | (PCIN-(A2*B2)')'  | 16     | 8      | -      | -      | 24     | 1    | 1    | -    | -    | -     | 1    | 1    | 
|butterfly_radix4_pipeline | (A2*B2)'          | 16     | 8      | -      | -      | 24     | 1    | 1    | -    | -    | -     | 1    | 0    | 
|butterfly_radix4_pipeline | (PCIN-(A2*B2)')'  | 16     | 8      | -      | -      | 24     | 1    | 1    | -    | -    | -     | 1    | 1    | 
|butterfly_radix4_pipeline | (A2*B2)'          | 16     | 8      | -      | -      | 24     | 1    | 1    | -    | -    | -     | 1    | 0    | 
|butterfly_radix4_pipeline | (PCIN-(A2*B2)')'  | 16     | 8      | -      | -      | 24     | 1    | 1    | -    | -    | -     | 1    | 1    | 
|butterfly_radix4_pipeline | (A2*B2)'          | 16     | 8      | -      | -      | 24     | 1    | 1    | -    | -    | -     | 1    | 0    | 
|butterfly_radix4_pipeline | (PCIN+(A2*B2)')'  | 16     | 8      | -      | -      | 24     | 1    | 1    | -    | -    | -     | 1    | 1    | 
|butterfly_radix4_pipeline | (A2*B2)'          | 16     | 8      | -      | -      | 24     | 1    | 1    | -    | -    | -     | 1    | 0    | 
|butterfly_radix4_pipeline | (PCIN+(A2*B2)')'  | 16     | 8      | -      | -      | 24     | 1    | 1    | -    | -    | -     | 1    | 1    | 
|butterfly_radix4_pipeline | (A2*B2)'          | 16     | 8      | -      | -      | 24     | 1    | 1    | -    | -    | -     | 1    | 0    | 
|butterfly_radix4_pipeline | (PCIN+(A2*B2)')'  | 16     | 8      | -      | -      | 24     | 1    | 1    | -    | -    | -     | 1    | 1    | 
|butterfly_radix4_pipeline | (A''*B2)'         | 16     | 8      | -      | -      | 24     | 2    | 1    | -    | -    | -     | 1    | 0    | 
|butterfly_radix4_pipeline | (PCIN-(A''*B2)')' | 16     | 8      | -      | -      | 24     | 2    | 1    | -    | -    | -     | 1    | 1    | 
|butterfly_radix4_pipeline | (A''*B2)'         | 16     | 8      | -      | -      | 24     | 2    | 1    | -    | -    | -     | 1    | 0    | 
|fft_top                   | (PCIN-(A''*B2)')' | 16     | 8      | -      | -      | 24     | 2    | 1    | -    | -    | -     | 1    | 1    | 
|fft_top                   | (A''*B2)'         | 16     | 8      | -      | -      | 24     | 2    | 1    | -    | -    | -     | 1    | 0    | 
|fft_top                   | (PCIN-(A''*B2)')' | 16     | 8      | -      | -      | 24     | 2    | 1    | -    | -    | -     | 1    | 1    | 
|butterfly_radix4_pipeline | (A''*B2)'         | 16     | 8      | -      | -      | 24     | 2    | 1    | -    | -    | -     | 1    | 0    | 
|fft_top                   | (PCIN+(A''*B2)')' | 16     | 8      | -      | -      | 24     | 2    | 1    | -    | -    | -     | 1    | 1    | 
|fft_top                   | (A''*B2)'         | 16     | 8      | -      | -      | 24     | 2    | 1    | -    | -    | -     | 1    | 0    | 
|fft_top                   | (PCIN+(A''*B2)')' | 16     | 8      | -      | -      | 24     | 2    | 1    | -    | -    | -     | 1    | 1    | 
|fft_top                   | (A''*B2)'         | 16     | 8      | -      | -      | 24     | 2    | 1    | -    | -    | -     | 1    | 0    | 
|fft_top                   | (PCIN+(A''*B2)')' | 16     | 8      | -      | -      | 24     | 2    | 1    | -    | -    | -     | 1    | 1    | 
+--------------------------+-------------------+--------+--------+--------+--------+--------+------+------+------+------+-------+------+------+

Note: The table above is a preliminary report that shows the DSPs inferred at the current stage of the synthesis flow. Some DSP may be reimplemented as non DSP primitives later in the synthesis flow. Multiple instantiated DSPs are reported only once.
---------------------------------------------------------------------------------
Finished ROM, RAM, DSP and Shift Register Reporting
---------------------------------------------------------------------------------
INFO: [Synth 8-6837] The timing for the instance gen_stages[2].stage_inst/i_0/gen_memory.mem/mem_D_reg (implemented as a Block RAM) might be sub-optimal as no optional output register could be merged into the block ram. Providing additional output register may help in improving timing.
INFO: [Synth 8-6837] The timing for the instance gen_stages[2].stage_inst/i_1/gen_memory.mem/mem_C_reg (implemented as a Block RAM) might be sub-optimal as no optional output register could be merged into the block ram. Providing additional output register may help in improving timing.
INFO: [Synth 8-6837] The timing for the instance gen_stages[2].stage_inst/i_2/gen_memory.mem/mem_B_reg (implemented as a Block RAM) might be sub-optimal as no optional output register could be merged into the block ram. Providing additional output register may help in improving timing.
INFO: [Synth 8-6837] The timing for the instance gen_stages[2].stage_inst/i_3/gen_memory.mem/mem_A_reg (implemented as a Block RAM) might be sub-optimal as no optional output register could be merged into the block ram. Providing additional output register may help in improving timing.
INFO: [Synth 8-6837] The timing for the instance gen_stages[3].stage_inst/i_0/gen_memory.mem/mem_D_reg (implemented as a Block RAM) might be sub-optimal as no optional output register could be merged into the block ram. Providing additional output register may help in improving timing.
INFO: [Synth 8-6837] The timing for the instance gen_stages[3].stage_inst/i_1/gen_memory.mem/mem_C_reg (implemented as a Block RAM) might be sub-optimal as no optional output register could be merged into the block ram. Providing additional output register may help in improving timing.
INFO: [Synth 8-6837] The timing for the instance gen_stages[3].stage_inst/i_2/gen_memory.mem/mem_B_reg (implemented as a Block RAM) might be sub-optimal as no optional output register could be merged into the block ram. Providing additional output register may help in improving timing.
INFO: [Synth 8-6837] The timing for the instance gen_stages[3].stage_inst/i_3/gen_memory.mem/mem_A_reg (implemented as a Block RAM) might be sub-optimal as no optional output register could be merged into the block ram. Providing additional output register may help in improving timing.

Report RTL Partitions: 
+-+--------------+------------+----------+
| |RTL Partition |Replication |Instances |
+-+--------------+------------+----------+
+-+--------------+------------+----------+
---------------------------------------------------------------------------------
Start Applying XDC Timing Constraints
---------------------------------------------------------------------------------
---------------------------------------------------------------------------------
Finished Applying XDC Timing Constraints : Time (s): cpu = 00:00:22 ; elapsed = 00:00:25 . Memory (MB): peak = 1857.727 ; gain = 502.832 ; free physical = 5633 ; free virtual = 16227
---------------------------------------------------------------------------------
---------------------------------------------------------------------------------
Start Timing Optimization
---------------------------------------------------------------------------------
INFO: [Synth 8-5584] The signal gen_memory.mem/mem_D_reg is implemented as distributed LUT RAM for the following reason(s): The timing constraints suggest that the chosen mapping will yield better timing results.
INFO: [Synth 8-5584] The signal gen_memory.mem/mem_D_reg is implemented as distributed LUT RAM for the following reason(s): The timing constraints suggest that the chosen mapping will yield better timing results.
INFO: [Synth 8-5584] The signal gen_memory.mem/mem_C_reg is implemented as distributed LUT RAM for the following reason(s): The timing constraints suggest that the chosen mapping will yield better timing results.
INFO: [Synth 8-5584] The signal gen_memory.mem/mem_C_reg is implemented as distributed LUT RAM for the following reason(s): The timing constraints suggest that the chosen mapping will yield better timing results.
INFO: [Synth 8-5584] The signal gen_memory.mem/mem_B_reg is implemented as distributed LUT RAM for the following reason(s): The timing constraints suggest that the chosen mapping will yield better timing results.
INFO: [Synth 8-5584] The signal gen_memory.mem/mem_B_reg is implemented as distributed LUT RAM for the following reason(s): The timing constraints suggest that the chosen mapping will yield better timing results.
INFO: [Synth 8-5584] The signal gen_memory.mem/mem_A_reg is implemented as distributed LUT RAM for the following reason(s): The timing constraints suggest that the chosen mapping will yield better timing results.
INFO: [Synth 8-5584] The signal gen_memory.mem/mem_A_reg is implemented as distributed LUT RAM for the following reason(s): The timing constraints suggest that the chosen mapping will yield better timing results.
INFO: [Synth 8-5584] The signal gen_memory.mem/mem_D_reg is implemented as distributed LUT RAM for the following reason(s): The timing constraints suggest that the chosen mapping will yield better timing results.
INFO: [Synth 8-5584] The signal gen_memory.mem/mem_D_reg is implemented as distributed LUT RAM for the following reason(s): The timing constraints suggest that the chosen mapping will yield better timing results.
INFO: [Synth 8-5584] The signal gen_memory.mem/mem_C_reg is implemented as distributed LUT RAM for the following reason(s): The timing constraints suggest that the chosen mapping will yield better timing results.
INFO: [Synth 8-5584] The signal gen_memory.mem/mem_C_reg is implemented as distributed LUT RAM for the following reason(s): The timing constraints suggest that the chosen mapping will yield better timing results.
INFO: [Synth 8-5584] The signal gen_memory.mem/mem_B_reg is implemented as distributed LUT RAM for the following reason(s): The timing constraints suggest that the chosen mapping will yield better timing results.
INFO: [Synth 8-5584] The signal gen_memory.mem/mem_B_reg is implemented as distributed LUT RAM for the following reason(s): The timing constraints suggest that the chosen mapping will yield better timing results.
INFO: [Synth 8-5584] The signal gen_memory.mem/mem_A_reg is implemented as distributed LUT RAM for the following reason(s): The timing constraints suggest that the chosen mapping will yield better timing results.
INFO: [Synth 8-5584] The signal gen_memory.mem/mem_A_reg is implemented as distributed LUT RAM for the following reason(s): The timing constraints suggest that the chosen mapping will yield better timing results.
---------------------------------------------------------------------------------
Finished Timing Optimization : Time (s): cpu = 00:00:23 ; elapsed = 00:00:26 . Memory (MB): peak = 1857.727 ; gain = 502.832 ; free physical = 5731 ; free virtual = 16321
---------------------------------------------------------------------------------
---------------------------------------------------------------------------------
Start ROM, RAM, DSP and Shift Register Reporting
---------------------------------------------------------------------------------

Distributed RAM: Final Mapping  Report
+---------------------------+--------------------------+-----------+----------------------+--------------+
|Module Name                | RTL Object               | Inference | Size (Depth x Width) | Primitives   | 
+---------------------------+--------------------------+-----------+----------------------+--------------+
|\gen_stages[1].stage_inst  | gen_memory.mem/mem_D_reg | Implied   | 8 x 32               | RAM32M x 6   | 
|\gen_stages[1].stage_inst  | gen_memory.mem/mem_C_reg | Implied   | 8 x 32               | RAM32M x 6   | 
|\gen_stages[1].stage_inst  | gen_memory.mem/mem_B_reg | Implied   | 8 x 32               | RAM32M x 6   | 
|\gen_stages[1].stage_inst  | gen_memory.mem/mem_A_reg | Implied   | 8 x 32               | RAM32M x 6   | 
+---------------------------+--------------------------+-----------+----------------------+--------------+

---------------------------------------------------------------------------------
Finished ROM, RAM, DSP and Shift Register Reporting
---------------------------------------------------------------------------------

Report RTL Partitions: 
+-+--------------+------------+----------+
| |RTL Partition |Replication |Instances |
+-+--------------+------------+----------+
+-+--------------+------------+----------+
---------------------------------------------------------------------------------
Start Technology Mapping
---------------------------------------------------------------------------------
---------------------------------------------------------------------------------
Finished Technology Mapping : Time (s): cpu = 00:00:25 ; elapsed = 00:00:28 . Memory (MB): peak = 1887.266 ; gain = 532.371 ; free physical = 5694 ; free virtual = 16283
---------------------------------------------------------------------------------

Report RTL Partitions: 
+-+--------------+------------+----------+
| |RTL Partition |Replication |Instances |
+-+--------------+------------+----------+
+-+--------------+------------+----------+
---------------------------------------------------------------------------------
Start IO Insertion
---------------------------------------------------------------------------------
---------------------------------------------------------------------------------
Start Flattening Before IO Insertion
---------------------------------------------------------------------------------
---------------------------------------------------------------------------------
Finished Flattening Before IO Insertion
---------------------------------------------------------------------------------
---------------------------------------------------------------------------------
Start Final Netlist Cleanup
---------------------------------------------------------------------------------
---------------------------------------------------------------------------------
Finished Final Netlist Cleanup
---------------------------------------------------------------------------------
---------------------------------------------------------------------------------
Finished IO Insertion : Time (s): cpu = 00:00:26 ; elapsed = 00:00:29 . Memory (MB): peak = 1887.266 ; gain = 532.371 ; free physical = 5697 ; free virtual = 16286
---------------------------------------------------------------------------------

Report Check Netlist: 
+------+------------------+-------+---------+-------+------------------+
|      |Item              |Errors |Warnings |Status |Description       |
+------+------------------+-------+---------+-------+------------------+
|1     |multi_driven_nets |      0|        0|Passed |Multi driven nets |
+------+------------------+-------+---------+-------+------------------+
---------------------------------------------------------------------------------
Start Renaming Generated Instances
---------------------------------------------------------------------------------
---------------------------------------------------------------------------------
Finished Renaming Generated Instances : Time (s): cpu = 00:00:26 ; elapsed = 00:00:29 . Memory (MB): peak = 1887.266 ; gain = 532.371 ; free physical = 5697 ; free virtual = 16286
---------------------------------------------------------------------------------

Report RTL Partitions: 
+-+--------------+------------+----------+
| |RTL Partition |Replication |Instances |
+-+--------------+------------+----------+
+-+--------------+------------+----------+
---------------------------------------------------------------------------------
Start Rebuilding User Hierarchy
---------------------------------------------------------------------------------
---------------------------------------------------------------------------------
Finished Rebuilding User Hierarchy : Time (s): cpu = 00:00:27 ; elapsed = 00:00:30 . Memory (MB): peak = 1887.266 ; gain = 532.371 ; free physical = 5666 ; free virtual = 16259
---------------------------------------------------------------------------------
---------------------------------------------------------------------------------
Start Renaming Generated Ports
---------------------------------------------------------------------------------
---------------------------------------------------------------------------------
Finished Renaming Generated Ports : Time (s): cpu = 00:00:27 ; elapsed = 00:00:30 . Memory (MB): peak = 1887.266 ; gain = 532.371 ; free physical = 5680 ; free virtual = 16270
---------------------------------------------------------------------------------
---------------------------------------------------------------------------------
Start Handling Custom Attributes
---------------------------------------------------------------------------------
---------------------------------------------------------------------------------
Finished Handling Custom Attributes : Time (s): cpu = 00:00:27 ; elapsed = 00:00:30 . Memory (MB): peak = 1887.266 ; gain = 532.371 ; free physical = 5680 ; free virtual = 16269
---------------------------------------------------------------------------------
---------------------------------------------------------------------------------
Start Renaming Generated Nets
---------------------------------------------------------------------------------
---------------------------------------------------------------------------------
Finished Renaming Generated Nets : Time (s): cpu = 00:00:27 ; elapsed = 00:00:30 . Memory (MB): peak = 1887.266 ; gain = 532.371 ; free physical = 5680 ; free virtual = 16269
---------------------------------------------------------------------------------
---------------------------------------------------------------------------------
Start ROM, RAM, DSP and Shift Register Reporting
---------------------------------------------------------------------------------

Static Shift Register Report:
+------------+----------------------------------------------+--------+-------+--------------+--------------------+-------------------+--------+---------+
|Module Name | RTL Name                                     | Length | Width | Reset Signal | Pull out first Reg | Pull out last Reg | SRL16E | SRLC32E | 
+------------+----------------------------------------------+--------+-------+--------------+--------------------+-------------------+--------+---------+
|fft_top     | gen_stages[1].stage_inst/b4/ar_reg_1_reg[15] | 4      | 128   | YES          | NO                 | YES               | 128    | 0       | 
|fft_top     | gen_stages[1].stage_inst/output_en_reg       | 10     | 3     | YES          | NO                 | YES               | 3      | 0       | 
|fft_top     | gen_stages[0].stage_inst/output_en_reg       | 7      | 1     | YES          | NO                 | YES               | 1      | 0       | 
+------------+----------------------------------------------+--------+-------+--------------+--------------------+-------------------+--------+---------+

---------------------------------------------------------------------------------
Finished ROM, RAM, DSP and Shift Register Reporting
---------------------------------------------------------------------------------
---------------------------------------------------------------------------------
Start Writing Synthesis Report
---------------------------------------------------------------------------------

Report BlackBoxes: 
+-+--------------+----------+
| |BlackBox name |Instances |
+-+--------------+----------+
+-+--------------+----------+

Report Cell Usage: 
+------+----------+------+
|      |Cell      |Count |
+------+----------+------+
|1     |BUFG      |     1|
|2     |CARRY4    |   258|
|3     |DSP48E1   |     6|
|4     |DSP48E1_1 |     6|
|5     |DSP48E1_2 |     3|
|6     |DSP48E1_3 |    15|
|7     |DSP48E1_4 |    15|
|8     |DSP48E1_5 |     3|
|9     |LUT1      |    24|
|10    |LUT2      |  1200|
|11    |LUT3      |   150|
|12    |LUT4      |   162|
|13    |LUT5      |    28|
|14    |LUT6      |   876|
|15    |MUXF7     |    22|
|16    |MUXF8     |    10|
|17    |RAM32M    |    48|
|18    |RAM64M    |    80|
|19    |RAM64X1D  |    16|
|20    |SRL16E    |   132|
|21    |FDRE      |  3212|
|22    |IBUF      |   131|
|23    |OBUF      |   129|
+------+----------+------+

Report Instance Areas: 
+------+-----------------------------+------------------------------+------+
|      |Instance                     |Module                        |Cells |
+------+-----------------------------+------------------------------+------+
|1     |top                          |                              |  6527|
|2     |  \gen_stages[0].stage_inst  |SdfUnit4_fast                 |   849|
|3     |    b4                       |butterfly_radix4_pipeline_2   |   719|
|4     |  \gen_stages[1].stage_inst  |SdfUnit4_fast__parameterized0 |  1654|
|5     |    b4                       |butterfly_radix4_pipeline_1   |   730|
|6     |    \gen_memory.mem          |memory                        |   479|
|7     |  \gen_stages[2].stage_inst  |SdfUnit4_fast__parameterized1 |  1715|
|8     |    b4                       |butterfly_radix4_pipeline_0   |   722|
|9     |    \gen_memory.mem          |memory__parameterized0        |   483|
|10    |  \gen_stages[3].stage_inst  |SdfUnit4_fast__parameterized2 |  2039|
|11    |    b4                       |butterfly_radix4_pipeline     |   736|
|12    |    \gen_memory.mem          |memory__parameterized1        |   687|
+------+-----------------------------+------------------------------+------+
---------------------------------------------------------------------------------
Finished Writing Synthesis Report : Time (s): cpu = 00:00:27 ; elapsed = 00:00:30 . Memory (MB): peak = 1887.266 ; gain = 532.371 ; free physical = 5680 ; free virtual = 16269
---------------------------------------------------------------------------------
Synthesis finished with 0 errors, 0 critical warnings and 54 warnings.
Synthesis Optimization Runtime : Time (s): cpu = 00:00:23 ; elapsed = 00:00:25 . Memory (MB): peak = 1887.266 ; gain = 116.316 ; free physical = 5724 ; free virtual = 16314
Synthesis Optimization Complete : Time (s): cpu = 00:00:27 ; elapsed = 00:00:30 . Memory (MB): peak = 1887.273 ; gain = 532.371 ; free physical = 5724 ; free virtual = 16314
INFO: [Project 1-571] Translating synthesized netlist
INFO: [Netlist 29-17] Analyzing 482 Unisim elements for replacement
INFO: [Netlist 29-28] Unisim Transformation completed in 0 CPU seconds
INFO: [Project 1-570] Preparing netlist for logic optimization
INFO: [Opt 31-138] Pushed 0 inverter(s) to 0 load pin(s).
Netlist sorting complete. Time (s): cpu = 00:00:00 ; elapsed = 00:00:00 . Memory (MB): peak = 1919.281 ; gain = 0.000 ; free physical = 5681 ; free virtual = 16272
INFO: [Project 1-111] Unisim Transformation Summary:
  A total of 144 instances were transformed.
  RAM32M => RAM32M (RAMD32, RAMD32, RAMD32, RAMD32, RAMD32, RAMD32, RAMS32, RAMS32): 48 instances
  RAM64M => RAM64M (RAMD64E, RAMD64E, RAMD64E, RAMD64E): 80 instances
  RAM64X1D => RAM64X1D (RAMD64E, RAMD64E): 16 instances

INFO: [Common 17-83] Releasing license: Synthesis
282 Infos, 103 Warnings, 0 Critical Warnings and 0 Errors encountered.
synth_design completed successfully
synth_design: Time (s): cpu = 00:00:29 ; elapsed = 00:00:31 . Memory (MB): peak = 1919.281 ; gain = 564.387 ; free physical = 5697 ; free virtual = 16288
Netlist sorting complete. Time (s): cpu = 00:00:00 ; elapsed = 00:00:00 . Memory (MB): peak = 1919.281 ; gain = 0.000 ; free physical = 5696 ; free virtual = 16288
WARNING: [Constraints 18-5210] No constraints selected for write.
Resolution: This message can indicate that there are no constraints for the design, or it can indicate that the used_in flags are set such that the constraints are ignored. This later case is used when running synth_design to not write synthesis constraints to the resulting checkpoint. Instead, project constraints are read when the synthesized design is opened.
INFO: [Common 17-1381] The checkpoint '/home/christodoulos-zerdalis/Desktop/FFT/radix_4_SDF_bram/fft_bram/fft_bram.runs/synth_1/fft_top.dcp' has been generated.
INFO: [runtcl-4] Executing : report_utilization -file fft_top_utilization_synth.rpt -pb fft_top_utilization_synth.pb
INFO: [Common 17-206] Exiting Vivado at Tue Jan 20 04:10:34 2026...
