
*** Running vivado
    with args -log fft_top.vdi -applog -m64 -product Vivado -messageDb vivado.pb -mode batch -source fft_top.tcl -notrace


****** Vivado v2018.3 (64-bit)
  **** SW Build 2405991 on Thu Dec  6 23:36:41 MST 2018
  **** IP Build 2404404 on Fri Dec  7 01:43:56 MST 2018
    ** Copyright 1986-2018 Xilinx, Inc. All Rights Reserved.

source fft_top.tcl -notrace
Command: link_design -top fft_top -part xc7a200tfbg676-2
Design is defaulting to srcset: sources_1
Design is defaulting to constrset: constrs_1
INFO: [Netlist 29-17] Analyzing 890 Unisim elements for replacement
INFO: [Netlist 29-28] Unisim Transformation completed in 0 CPU seconds
INFO: [Project 1-479] Netlist was created with Vivado 2018.3
INFO: [Device 21-403] Loading part xc7a200tfbg676-2
INFO: [Project 1-570] Preparing netlist for logic optimization
Parsing XDC File [/home/christodoulos-zerdalis/Desktop/FFT/v4_radix_4_SDF_bram_adders/constraints.xdc]
CRITICAL WARNING: [Common 17-69] Command failed: 'Y9' is not a valid site or package pin name. [/home/christodoulos-zerdalis/Desktop/FFT/v4_radix_4_SDF_bram_adders/constraints.xdc:3]
Finished Parsing XDC File [/home/christodoulos-zerdalis/Desktop/FFT/v4_radix_4_SDF_bram_adders/constraints.xdc]
INFO: [Opt 31-138] Pushed 0 inverter(s) to 0 load pin(s).
Netlist sorting complete. Time (s): cpu = 00:00:00.01 ; elapsed = 00:00:00.01 . Memory (MB): peak = 1696.914 ; gain = 0.000 ; free physical = 3527 ; free virtual = 16456
INFO: [Project 1-111] Unisim Transformation Summary:
  A total of 144 instances were transformed.
  RAM32M => RAM32M (RAMD32, RAMD32, RAMD32, RAMD32, RAMD32, RAMD32, RAMS32, RAMS32): 48 instances
  RAM64M => RAM64M (RAMD64E, RAMD64E, RAMD64E, RAMD64E): 80 instances
  RAM64X1D => RAM64X1D (RAMD64E, RAMD64E): 16 instances

7 Infos, 0 Warnings, 1 Critical Warnings and 0 Errors encountered.
link_design completed successfully
link_design: Time (s): cpu = 00:00:07 ; elapsed = 00:00:08 . Memory (MB): peak = 1696.914 ; gain = 342.016 ; free physical = 3519 ; free virtual = 16456
Command: opt_design
Attempting to get a license for feature 'Implementation' and/or device 'xc7a200t'
INFO: [Common 17-349] Got license for feature 'Implementation' and/or device 'xc7a200t'
Running DRC as a precondition to command opt_design

Starting DRC Task
INFO: [DRC 23-27] Running DRC with 8 threads
INFO: [Project 1-461] DRC finished with 0 Errors
INFO: [Project 1-462] Please refer to the DRC report (report_drc) for more information.

Time (s): cpu = 00:00:00.92 ; elapsed = 00:00:00.97 . Memory (MB): peak = 1765.945 ; gain = 69.031 ; free physical = 3518 ; free virtual = 16455

Starting Cache Timing Information Task
INFO: [Timing 38-35] Done setting XDC timing constraints.
Ending Cache Timing Information Task | Checksum: 19f21254b

Time (s): cpu = 00:00:07 ; elapsed = 00:00:06 . Memory (MB): peak = 2282.641 ; gain = 516.695 ; free physical = 3091 ; free virtual = 16014

Starting Logic Optimization Task

Phase 1 Retarget
INFO: [Opt 31-138] Pushed 0 inverter(s) to 0 load pin(s).
INFO: [Opt 31-49] Retargeted 0 cell(s).
Phase 1 Retarget | Checksum: 19f21254b

Time (s): cpu = 00:00:02 ; elapsed = 00:00:00.87 . Memory (MB): peak = 2355.641 ; gain = 0.000 ; free physical = 2948 ; free virtual = 15884
INFO: [Opt 31-389] Phase Retarget created 0 cells and removed 0 cells

Phase 2 Constant propagation
INFO: [Opt 31-138] Pushed 0 inverter(s) to 0 load pin(s).
Phase 2 Constant propagation | Checksum: 19f21254b

Time (s): cpu = 00:00:02 ; elapsed = 00:00:01 . Memory (MB): peak = 2355.641 ; gain = 0.000 ; free physical = 2939 ; free virtual = 15893
INFO: [Opt 31-389] Phase Constant propagation created 0 cells and removed 0 cells

Phase 3 Sweep
Phase 3 Sweep | Checksum: d4cb63d7

Time (s): cpu = 00:00:02 ; elapsed = 00:00:02 . Memory (MB): peak = 2355.641 ; gain = 0.000 ; free physical = 2934 ; free virtual = 15884
INFO: [Opt 31-389] Phase Sweep created 0 cells and removed 0 cells

Phase 4 BUFG optimization
Phase 4 BUFG optimization | Checksum: d4cb63d7

Time (s): cpu = 00:00:03 ; elapsed = 00:00:02 . Memory (MB): peak = 2355.641 ; gain = 0.000 ; free physical = 2933 ; free virtual = 15882
INFO: [Opt 31-662] Phase BUFG optimization created 0 cells of which 0 are BUFGs and removed 0 cells.

Phase 5 Shift Register Optimization
Phase 5 Shift Register Optimization | Checksum: 16765d927

Time (s): cpu = 00:00:04 ; elapsed = 00:00:03 . Memory (MB): peak = 2355.641 ; gain = 0.000 ; free physical = 2932 ; free virtual = 15872
INFO: [Opt 31-389] Phase Shift Register Optimization created 0 cells and removed 0 cells

Phase 6 Post Processing Netlist
Phase 6 Post Processing Netlist | Checksum: 16765d927

Time (s): cpu = 00:00:04 ; elapsed = 00:00:03 . Memory (MB): peak = 2355.641 ; gain = 0.000 ; free physical = 2932 ; free virtual = 15872
INFO: [Opt 31-389] Phase Post Processing Netlist created 0 cells and removed 0 cells
Opt_design Change Summary
=========================


-------------------------------------------------------------------------------------------------------------------------
|  Phase                        |  #Cells created  |  #Cells Removed  |  #Constrained objects preventing optimizations  |
-------------------------------------------------------------------------------------------------------------------------
|  Retarget                     |               0  |               0  |                                              0  |
|  Constant propagation         |               0  |               0  |                                              0  |
|  Sweep                        |               0  |               0  |                                              0  |
|  BUFG optimization            |               0  |               0  |                                              0  |
|  Shift Register Optimization  |               0  |               0  |                                              0  |
|  Post Processing Netlist      |               0  |               0  |                                              0  |
-------------------------------------------------------------------------------------------------------------------------



Starting Connectivity Check Task

Time (s): cpu = 00:00:00.04 ; elapsed = 00:00:00.05 . Memory (MB): peak = 2355.641 ; gain = 0.000 ; free physical = 2929 ; free virtual = 15871
Ending Logic Optimization Task | Checksum: 16765d927

Time (s): cpu = 00:00:04 ; elapsed = 00:00:03 . Memory (MB): peak = 2355.641 ; gain = 0.000 ; free physical = 2925 ; free virtual = 15867

Starting Power Optimization Task
INFO: [Pwropt 34-132] Skipping clock gating for clocks with a period < 2.00 ns.
Ending Power Optimization Task | Checksum: 16765d927

Time (s): cpu = 00:00:00.02 ; elapsed = 00:00:00.03 . Memory (MB): peak = 2355.641 ; gain = 0.000 ; free physical = 2925 ; free virtual = 15865

Starting Final Cleanup Task
Ending Final Cleanup Task | Checksum: 16765d927

Time (s): cpu = 00:00:00 ; elapsed = 00:00:00 . Memory (MB): peak = 2355.641 ; gain = 0.000 ; free physical = 2925 ; free virtual = 15865

Starting Netlist Obfuscation Task
Netlist sorting complete. Time (s): cpu = 00:00:00 ; elapsed = 00:00:00 . Memory (MB): peak = 2355.641 ; gain = 0.000 ; free physical = 2925 ; free virtual = 15865
Ending Netlist Obfuscation Task | Checksum: 16765d927

Time (s): cpu = 00:00:00 ; elapsed = 00:00:00 . Memory (MB): peak = 2355.641 ; gain = 0.000 ; free physical = 2925 ; free virtual = 15865
INFO: [Common 17-83] Releasing license: Implementation
23 Infos, 0 Warnings, 1 Critical Warnings and 0 Errors encountered.
opt_design completed successfully
opt_design: Time (s): cpu = 00:00:13 ; elapsed = 00:00:11 . Memory (MB): peak = 2355.641 ; gain = 658.727 ; free physical = 2925 ; free virtual = 15865
Netlist sorting complete. Time (s): cpu = 00:00:00.01 ; elapsed = 00:00:00.01 . Memory (MB): peak = 2355.641 ; gain = 0.000 ; free physical = 2925 ; free virtual = 15865
INFO: [Timing 38-480] Writing timing data to binary archive.
Writing placer database...
Writing XDEF routing.
Writing XDEF routing logical nets.
Writing XDEF routing special nets.
Write XDEF Complete: Time (s): cpu = 00:00:00.04 ; elapsed = 00:00:00.01 . Memory (MB): peak = 2387.656 ; gain = 0.000 ; free physical = 2925 ; free virtual = 15866
Netlist sorting complete. Time (s): cpu = 00:00:00.01 ; elapsed = 00:00:00.01 . Memory (MB): peak = 2387.656 ; gain = 0.000 ; free physical = 2922 ; free virtual = 15866
INFO: [Common 17-1381] The checkpoint '/home/christodoulos-zerdalis/Desktop/FFT/v4_radix_4_SDF_bram_adders/fft_bram_adders/fft_bram_adders.runs/impl_2/fft_top_opt.dcp' has been generated.
write_checkpoint: Time (s): cpu = 00:00:06 ; elapsed = 00:00:06 . Memory (MB): peak = 2387.656 ; gain = 32.016 ; free physical = 2918 ; free virtual = 15860
INFO: [runtcl-4] Executing : report_drc -file fft_top_drc_opted.rpt -pb fft_top_drc_opted.pb -rpx fft_top_drc_opted.rpx
Command: report_drc -file fft_top_drc_opted.rpt -pb fft_top_drc_opted.pb -rpx fft_top_drc_opted.rpx
INFO: [IP_Flow 19-234] Refreshing IP repositories
INFO: [IP_Flow 19-1704] No user IP repositories specified
INFO: [IP_Flow 19-2313] Loaded Vivado IP repository '/tools/Xilinx/Vivado/2018.3/data/ip'.
INFO: [DRC 23-27] Running DRC with 8 threads
INFO: [Coretcl 2-168] The results of DRC are in file /home/christodoulos-zerdalis/Desktop/FFT/v4_radix_4_SDF_bram_adders/fft_bram_adders/fft_bram_adders.runs/impl_2/fft_top_drc_opted.rpt.
report_drc completed successfully
Command: place_design -directive ExtraTimingOpt
Attempting to get a license for feature 'Implementation' and/or device 'xc7a200t'
INFO: [Common 17-349] Got license for feature 'Implementation' and/or device 'xc7a200t'
INFO: [DRC 23-27] Running DRC with 8 threads
INFO: [Vivado_Tcl 4-198] DRC finished with 0 Errors
INFO: [Vivado_Tcl 4-199] Please refer to the DRC report (report_drc) for more information.
Running DRC as a precondition to command place_design
INFO: [DRC 23-27] Running DRC with 8 threads
INFO: [Vivado_Tcl 4-198] DRC finished with 0 Errors
INFO: [Vivado_Tcl 4-199] Please refer to the DRC report (report_drc) for more information.

Starting Placer Task
INFO: [Place 46-5] The placer was invoked with the 'ExtraTimingOpt' directive.
INFO: [Place 30-611] Multithreading enabled for place_design using a maximum of 8 CPUs

Phase 1 Placer Initialization

Phase 1.1 Placer Initialization Netlist Sorting
Netlist sorting complete. Time (s): cpu = 00:00:00 ; elapsed = 00:00:00 . Memory (MB): peak = 2427.676 ; gain = 0.000 ; free physical = 2871 ; free virtual = 15818
Phase 1.1 Placer Initialization Netlist Sorting | Checksum: 1334b896a

Time (s): cpu = 00:00:00.01 ; elapsed = 00:00:00.01 . Memory (MB): peak = 2427.676 ; gain = 0.000 ; free physical = 2871 ; free virtual = 15818
Netlist sorting complete. Time (s): cpu = 00:00:00.01 ; elapsed = 00:00:00 . Memory (MB): peak = 2427.676 ; gain = 0.000 ; free physical = 2871 ; free virtual = 15818

Phase 1.2 IO Placement/ Clock Placement/ Build Placer Device
INFO: [Timing 38-35] Done setting XDC timing constraints.
Phase 1.2 IO Placement/ Clock Placement/ Build Placer Device | Checksum: 14299965a

Time (s): cpu = 00:00:10 ; elapsed = 00:00:06 . Memory (MB): peak = 2428.922 ; gain = 1.246 ; free physical = 2727 ; free virtual = 15665

Phase 1.3 Build Placer Netlist Model
Phase 1.3 Build Placer Netlist Model | Checksum: 1d280c02d

Time (s): cpu = 00:00:17 ; elapsed = 00:00:09 . Memory (MB): peak = 2535.598 ; gain = 107.922 ; free physical = 2535 ; free virtual = 15468

Phase 1.4 Constrain Clocks/Macros
Phase 1.4 Constrain Clocks/Macros | Checksum: 1d280c02d

Time (s): cpu = 00:00:17 ; elapsed = 00:00:09 . Memory (MB): peak = 2535.598 ; gain = 107.922 ; free physical = 2535 ; free virtual = 15468
Phase 1 Placer Initialization | Checksum: 1d280c02d

Time (s): cpu = 00:00:17 ; elapsed = 00:00:09 . Memory (MB): peak = 2535.598 ; gain = 107.922 ; free physical = 2535 ; free virtual = 15464

Phase 2 Global Placement

Phase 2.1 Floorplanning
Phase 2.1 Floorplanning | Checksum: 22b71f9a4

Time (s): cpu = 00:00:20 ; elapsed = 00:00:10 . Memory (MB): peak = 2571.434 ; gain = 143.758 ; free physical = 2538 ; free virtual = 15456

Phase 2.2 Physical Synthesis In Placer
INFO: [Physopt 32-65] No nets found for high-fanout optimization.
INFO: [Physopt 32-232] Optimized 0 net. Created 0 new instance.
INFO: [Physopt 32-775] End 1 Pass. Optimized 0 net or cell. Created 0 new cell, deleted 0 existing cell and moved 0 existing cell
INFO: [Physopt 32-456] No candidate cells for DSP register optimization found in the design.
INFO: [Physopt 32-775] End 2 Pass. Optimized 0 net or cell. Created 0 new cell, deleted 0 existing cell and moved 0 existing cell
INFO: [Physopt 32-775] End 1 Pass. Optimized 0 net or cell. Created 0 new cell, deleted 0 existing cell and moved 0 existing cell
Netlist sorting complete. Time (s): cpu = 00:00:00 ; elapsed = 00:00:00 . Memory (MB): peak = 2571.434 ; gain = 0.000 ; free physical = 2809 ; free virtual = 15728
INFO: [Physopt 32-526] No candidate cells for BRAM register optimization found in the design
INFO: [Physopt 32-775] End 1 Pass. Optimized 0 net or cell. Created 0 new cell, deleted 0 existing cell and moved 0 existing cell
INFO: [Physopt 32-949] No candidate nets found for HD net replication
INFO: [Physopt 32-775] End 1 Pass. Optimized 0 net or cell. Created 0 new cell, deleted 0 existing cell and moved 0 existing cell
Netlist sorting complete. Time (s): cpu = 00:00:00.01 ; elapsed = 00:00:00 . Memory (MB): peak = 2571.434 ; gain = 0.000 ; free physical = 2809 ; free virtual = 15728

Summary of Physical Synthesis Optimizations
============================================


----------------------------------------------------------------------------------------------------------------------------------------
|  Optimization                  |  Added Cells  |  Removed Cells  |  Optimized Cells/Nets  |  Dont Touch  |  Iterations  |  Elapsed   |
----------------------------------------------------------------------------------------------------------------------------------------
|  Very High Fanout              |            0  |              0  |                     0  |           0  |           1  |  00:00:00  |
|  DSP Register                  |            0  |              0  |                     0  |           0  |           1  |  00:00:00  |
|  Shift Register                |            0  |              0  |                     0  |           0  |           1  |  00:00:00  |
|  BRAM Register                 |            0  |              0  |                     0  |           0  |           1  |  00:00:00  |
|  HD Interface Net Replication  |            0  |              0  |                     0  |           0  |           1  |  00:00:00  |
|  Total                         |            0  |              0  |                     0  |           0  |           5  |  00:00:00  |
----------------------------------------------------------------------------------------------------------------------------------------


Phase 2.2 Physical Synthesis In Placer | Checksum: 18ffb52ab

Time (s): cpu = 00:00:51 ; elapsed = 00:00:22 . Memory (MB): peak = 2571.434 ; gain = 143.758 ; free physical = 2809 ; free virtual = 15728
Phase 2 Global Placement | Checksum: 18bd627f3

Time (s): cpu = 00:00:52 ; elapsed = 00:00:22 . Memory (MB): peak = 2571.434 ; gain = 143.758 ; free physical = 2813 ; free virtual = 15731

Phase 3 Detail Placement

Phase 3.1 Commit Multi Column Macros
Phase 3.1 Commit Multi Column Macros | Checksum: 18bd627f3

Time (s): cpu = 00:00:53 ; elapsed = 00:00:23 . Memory (MB): peak = 2571.434 ; gain = 143.758 ; free physical = 2814 ; free virtual = 15732

Phase 3.2 Commit Most Macros & LUTRAMs
Phase 3.2 Commit Most Macros & LUTRAMs | Checksum: 1f0b8f81e

Time (s): cpu = 00:00:58 ; elapsed = 00:00:24 . Memory (MB): peak = 2571.434 ; gain = 143.758 ; free physical = 2831 ; free virtual = 15750

Phase 3.3 Area Swap Optimization
Phase 3.3 Area Swap Optimization | Checksum: 120df1020

Time (s): cpu = 00:00:58 ; elapsed = 00:00:25 . Memory (MB): peak = 2571.434 ; gain = 143.758 ; free physical = 2835 ; free virtual = 15754

Phase 3.4 Pipeline Register Optimization
Phase 3.4 Pipeline Register Optimization | Checksum: 11adabfaa

Time (s): cpu = 00:00:58 ; elapsed = 00:00:25 . Memory (MB): peak = 2571.434 ; gain = 143.758 ; free physical = 2836 ; free virtual = 15755

Phase 3.5 Fast Optimization
Phase 3.5 Fast Optimization | Checksum: 14da9469d

Time (s): cpu = 00:01:04 ; elapsed = 00:00:28 . Memory (MB): peak = 2571.434 ; gain = 143.758 ; free physical = 2845 ; free virtual = 15764

Phase 3.6 Small Shape Detail Placement
Phase 3.6 Small Shape Detail Placement | Checksum: 183a8a420

Time (s): cpu = 00:01:09 ; elapsed = 00:00:32 . Memory (MB): peak = 2571.434 ; gain = 143.758 ; free physical = 2812 ; free virtual = 15753

Phase 3.7 Re-assign LUT pins
Phase 3.7 Re-assign LUT pins | Checksum: 1663955a9

Time (s): cpu = 00:01:10 ; elapsed = 00:00:33 . Memory (MB): peak = 2571.434 ; gain = 143.758 ; free physical = 2806 ; free virtual = 15752

Phase 3.8 Pipeline Register Optimization
Phase 3.8 Pipeline Register Optimization | Checksum: 15b6d06e6

Time (s): cpu = 00:01:10 ; elapsed = 00:00:33 . Memory (MB): peak = 2571.434 ; gain = 143.758 ; free physical = 2806 ; free virtual = 15752

Phase 3.9 Fast Optimization
Phase 3.9 Fast Optimization | Checksum: 164cd6fa7

Time (s): cpu = 00:01:16 ; elapsed = 00:00:36 . Memory (MB): peak = 2571.434 ; gain = 143.758 ; free physical = 2811 ; free virtual = 15738
Phase 3 Detail Placement | Checksum: 164cd6fa7

Time (s): cpu = 00:01:16 ; elapsed = 00:00:37 . Memory (MB): peak = 2571.434 ; gain = 143.758 ; free physical = 2811 ; free virtual = 15738

Phase 4 Post Placement Optimization and Clean-Up

Phase 4.1 Post Commit Optimization
INFO: [Timing 38-35] Done setting XDC timing constraints.

Phase 4.1.1 Post Placement Optimization
Post Placement Optimization Initialization | Checksum: 540844c4

Phase 4.1.1.1 BUFG Insertion
INFO: [Place 46-33] Processed net reset_IBUF, BUFG insertion was skipped due to placement/routing conflicts.
INFO: [Place 46-46] BUFG insertion identified 1 candidate nets, 0 success, 0 bufg driver replicated, 1 skipped for placement/routing, 0 skipped for timing, 0 skipped for netlist change reason
Phase 4.1.1.1 BUFG Insertion | Checksum: 540844c4

Time (s): cpu = 00:01:24 ; elapsed = 00:00:39 . Memory (MB): peak = 2593.922 ; gain = 166.246 ; free physical = 2808 ; free virtual = 15761
INFO: [Place 30-746] Post Placement Timing Summary WNS=-0.532. For the most accurate timing information please run report_timing.
Phase 4.1.1 Post Placement Optimization | Checksum: 85cc355e

Time (s): cpu = 00:01:58 ; elapsed = 00:01:09 . Memory (MB): peak = 2595.422 ; gain = 167.746 ; free physical = 2809 ; free virtual = 15736
Phase 4.1 Post Commit Optimization | Checksum: 85cc355e

Time (s): cpu = 00:01:58 ; elapsed = 00:01:09 . Memory (MB): peak = 2595.422 ; gain = 167.746 ; free physical = 2809 ; free virtual = 15736
Post Placement Optimization Initialization | Checksum: 17d6d3573
INFO: [Place 46-33] Processed net reset_IBUF, BUFG insertion was skipped due to placement/routing conflicts.
INFO: [Place 46-46] BUFG insertion identified 1 candidate nets, 0 success, 0 bufg driver replicated, 1 skipped for placement/routing, 0 skipped for timing, 0 skipped for netlist change reason
INFO: [Place 30-746] Post Placement Timing Summary WNS=-0.700. For the most accurate timing information please run report_timing.

Phase 4.2 Post Placement Cleanup
Phase 4.2 Post Placement Cleanup | Checksum: e74a962b

Time (s): cpu = 00:03:03 ; elapsed = 00:02:04 . Memory (MB): peak = 2602.562 ; gain = 174.887 ; free physical = 2768 ; free virtual = 15697

Phase 4.3 Placer Reporting
Phase 4.3 Placer Reporting | Checksum: e74a962b

Time (s): cpu = 00:03:03 ; elapsed = 00:02:04 . Memory (MB): peak = 2602.562 ; gain = 174.887 ; free physical = 2768 ; free virtual = 15697

Phase 4.4 Final Placement Cleanup
Netlist sorting complete. Time (s): cpu = 00:00:00 ; elapsed = 00:00:00 . Memory (MB): peak = 2602.562 ; gain = 0.000 ; free physical = 2768 ; free virtual = 15697
Phase 4.4 Final Placement Cleanup | Checksum: 58366bb3

Time (s): cpu = 00:03:04 ; elapsed = 00:02:04 . Memory (MB): peak = 2602.562 ; gain = 174.887 ; free physical = 2769 ; free virtual = 15697
Phase 4 Post Placement Optimization and Clean-Up | Checksum: 58366bb3

Time (s): cpu = 00:03:04 ; elapsed = 00:02:04 . Memory (MB): peak = 2602.562 ; gain = 174.887 ; free physical = 2769 ; free virtual = 15697
Ending Placer Task | Checksum: 5097634a

Time (s): cpu = 00:03:04 ; elapsed = 00:02:04 . Memory (MB): peak = 2602.562 ; gain = 174.887 ; free physical = 2820 ; free virtual = 15749
INFO: [Common 17-83] Releasing license: Implementation
59 Infos, 0 Warnings, 1 Critical Warnings and 0 Errors encountered.
place_design completed successfully
place_design: Time (s): cpu = 00:03:06 ; elapsed = 00:02:06 . Memory (MB): peak = 2602.562 ; gain = 174.887 ; free physical = 2820 ; free virtual = 15749
Netlist sorting complete. Time (s): cpu = 00:00:00 ; elapsed = 00:00:00 . Memory (MB): peak = 2602.562 ; gain = 0.000 ; free physical = 2820 ; free virtual = 15749
INFO: [Timing 38-480] Writing timing data to binary archive.
Writing placer database...
Netlist sorting complete. Time (s): cpu = 00:00:00 ; elapsed = 00:00:00 . Memory (MB): peak = 2602.562 ; gain = 0.000 ; free physical = 2816 ; free virtual = 15756
Writing XDEF routing.
Writing XDEF routing logical nets.
Writing XDEF routing special nets.
Write XDEF Complete: Time (s): cpu = 00:00:03 ; elapsed = 00:00:01 . Memory (MB): peak = 2602.562 ; gain = 0.000 ; free physical = 2783 ; free virtual = 15747
INFO: [Common 17-1381] The checkpoint '/home/christodoulos-zerdalis/Desktop/FFT/v4_radix_4_SDF_bram_adders/fft_bram_adders/fft_bram_adders.runs/impl_2/fft_top_placed.dcp' has been generated.
write_checkpoint: Time (s): cpu = 00:00:07 ; elapsed = 00:00:05 . Memory (MB): peak = 2602.562 ; gain = 0.000 ; free physical = 2821 ; free virtual = 15750
INFO: [runtcl-4] Executing : report_io -file fft_top_io_placed.rpt
report_io: Time (s): cpu = 00:00:00.11 ; elapsed = 00:00:00.16 . Memory (MB): peak = 2602.562 ; gain = 0.000 ; free physical = 2797 ; free virtual = 15726
INFO: [runtcl-4] Executing : report_utilization -file fft_top_utilization_placed.rpt -pb fft_top_utilization_placed.pb
INFO: [runtcl-4] Executing : report_control_sets -verbose -file fft_top_control_sets_placed.rpt
report_control_sets: Time (s): cpu = 00:00:00.07 ; elapsed = 00:00:00.10 . Memory (MB): peak = 2602.562 ; gain = 0.000 ; free physical = 2818 ; free virtual = 15747
Command: phys_opt_design -directive Explore
Attempting to get a license for feature 'Implementation' and/or device 'xc7a200t'
INFO: [Common 17-349] Got license for feature 'Implementation' and/or device 'xc7a200t'
INFO: [Vivado_Tcl 4-137] Directive used for phys_opt_design is: Explore
Netlist sorting complete. Time (s): cpu = 00:00:00 ; elapsed = 00:00:00.01 . Memory (MB): peak = 2602.562 ; gain = 0.000 ; free physical = 2783 ; free virtual = 15720

Starting Physical Synthesis Task

Phase 1 Physical Synthesis Initialization
INFO: [Physopt 32-721] Multithreading enabled for phys_opt_design using a maximum of 8 CPUs
INFO: [Physopt 32-619] Estimated Timing Summary | WNS=-0.700 | TNS=-598.067 |
Phase 1 Physical Synthesis Initialization | Checksum: d82db6c2

Time (s): cpu = 00:00:08 ; elapsed = 00:00:03 . Memory (MB): peak = 2607.289 ; gain = 4.727 ; free physical = 2768 ; free virtual = 15705
INFO: [Physopt 32-619] Estimated Timing Summary | WNS=-0.700 | TNS=-598.067 |

Phase 2 Fanout Optimization
INFO: [Physopt 32-76] Pass 1. Identified 37 candidate nets for fanout optimization.
INFO: [Physopt 32-81] Processed net gen_stages[3].stage_inst/gen_memory.mem/ea_addr_D_reg__0[1]. Replicated 3 times.
INFO: [Physopt 32-81] Processed net gen_stages[1].stage_inst/stride_segment_counter_reg[1]. Replicated 4 times.
INFO: [Physopt 32-81] Processed net gen_stages[3].stage_inst/gen_memory.mem/ea_addr_A_reg[2]. Replicated 4 times.
INFO: [Physopt 32-81] Processed net gen_stages[3].stage_inst/gen_memory.mem/ea_addr_A_reg[1]. Replicated 4 times.
INFO: [Physopt 32-572] Net gen_stages[3].stage_inst/gen_memory.mem/ea_addr_D_reg__0[0] was not replicated.
Resolution: phys_opt_design can be forced to replicate a net driver using the option -force_replication_on_nets <list of net objects>.
INFO: [Physopt 32-81] Processed net gen_stages_r_4_n_0. Replicated 4 times.
INFO: [Physopt 32-81] Processed net gen_stages[3].stage_inst/gen_memory.mem/ea_addr_A_reg[0]. Replicated 7 times.
INFO: [Physopt 32-81] Processed net gen_stages[3].stage_inst/stride_segment_counter_reg[5]. Replicated 5 times.
INFO: [Physopt 32-81] Processed net gen_stages[2].stage_inst/gen_memory.mem/ea_addr_D_reg__0[2]. Replicated 2 times.
INFO: [Physopt 32-81] Processed net gen_stages[3].stage_inst/gen_memory.mem/ea_addr_A_reg[3]. Replicated 6 times.
INFO: [Physopt 32-81] Processed net gen_stages_r_2_n_0. Replicated 7 times.
INFO: [Physopt 32-572] Net gen_stages[3].stage_inst/gen_memory.mem/ea_addr_D_reg__0[2] was not replicated.
Resolution: phys_opt_design can be forced to replicate a net driver using the option -force_replication_on_nets <list of net objects>.
INFO: [Physopt 32-81] Processed net gen_stages[3].stage_inst/gen_memory.mem/mem_D_reg_0_63_0_2_i_4_n_0. Replicated 4 times.
INFO: [Physopt 32-81] Processed net gen_stages[3].stage_inst/gen_memory.mem/mem_D_reg_64_127_0_2_i_1_n_0. Replicated 6 times.
INFO: [Physopt 32-81] Processed net gen_stages[2].stage_inst/gen_memory.mem/ADDRA[0]. Replicated 3 times.
INFO: [Physopt 32-81] Processed net gen_stages[3].stage_inst/stride_segment_counter_reg[4]. Replicated 6 times.
INFO: [Physopt 32-81] Processed net gen_stages[3].stage_inst/gen_memory.mem/pipe1_op[4]. Replicated 5 times.
INFO: [Physopt 32-81] Processed net gen_stages[2].stage_inst/gen_memory.mem/p_0_in_0[1]. Replicated 4 times.
INFO: [Physopt 32-81] Processed net gen_stages_r_3_n_0. Replicated 4 times.
INFO: [Physopt 32-81] Processed net gen_stages_r_1_rep_n_0. Replicated 5 times.
INFO: [Physopt 32-81] Processed net gen_stages[1].stage_inst/stride_segment_counter_reg[0]. Replicated 4 times.
INFO: [Physopt 32-81] Processed net gen_stages[3].stage_inst/gen_memory.mem/ea_addr_C_reg__0[5]. Replicated 2 times.
INFO: [Physopt 32-81] Processed net gen_stages[0].stage_inst/b4/i___0_n_0. Replicated 1 times.
INFO: [Physopt 32-81] Processed net gen_stages[3].stage_inst/gen_memory.mem/ea_addr_D_reg__0[3]. Replicated 6 times.
INFO: [Physopt 32-81] Processed net gen_stages[3].stage_inst/b4/pm2r/p_4_in[0]. Replicated 1 times.
INFO: [Physopt 32-81] Processed net gen_stages[2].stage_inst/b4/pm0r/p_2_in[0]. Replicated 2 times.
INFO: [Physopt 32-81] Processed net gen_stages_r_2_rep_n_0. Replicated 4 times.
INFO: [Physopt 32-81] Processed net gen_stages[3].stage_inst/b4/pm2r/b_pipe_reg[5][6]_0. Replicated 4 times.
INFO: [Physopt 32-81] Processed net gen_stages[2].stage_inst/b4/pm2i/b_pipe_reg[4][5]_0. Replicated 2 times.
INFO: [Physopt 32-572] Net gen_stages[2].stage_inst/gen_memory.mem/ADDRA[1] was not replicated.
Resolution: phys_opt_design can be forced to replicate a net driver using the option -force_replication_on_nets <list of net objects>.
INFO: [Physopt 32-81] Processed net gen_stages[2].stage_inst/b4/pm0r/b_pipe_reg[5][6]_0. Replicated 2 times.
INFO: [Physopt 32-81] Processed net gen_stages[3].stage_inst/b4/i___13_n_0. Replicated 1 times.
INFO: [Physopt 32-81] Processed net gen_stages[1].stage_inst/b4/pm0r/b_pipe_reg[4][5]_0. Replicated 3 times.
INFO: [Physopt 32-81] Processed net gen_stages[2].stage_inst/b4/pm0i/p_2_in[0]. Replicated 2 times.
INFO: [Physopt 32-81] Processed net gen_stages[2].stage_inst/b4/pm0i/b_pipe_reg[5][6]_0. Replicated 1 times.
INFO: [Physopt 32-81] Processed net gen_stages[3].stage_inst/gen_memory.mem/ea_addr_D_reg__0[4]. Replicated 4 times.
INFO: [Physopt 32-81] Processed net gen_stages[2].stage_inst/b4/pm1i/p_2_in[0]. Replicated 3 times.
INFO: [Physopt 32-232] Optimized 34 nets. Created 125 new instances.
INFO: [Physopt 32-775] End 1 Pass. Optimized 34 nets or cells. Created 125 new cells, deleted 0 existing cell and moved 0 existing cell
INFO: [Physopt 32-619] Estimated Timing Summary | WNS=-0.700 | TNS=-526.559 |
Netlist sorting complete. Time (s): cpu = 00:00:00.09 ; elapsed = 00:00:00.09 . Memory (MB): peak = 2609.594 ; gain = 0.000 ; free physical = 2710 ; free virtual = 15662
Phase 2 Fanout Optimization | Checksum: accea249

Time (s): cpu = 00:01:10 ; elapsed = 00:00:20 . Memory (MB): peak = 2609.594 ; gain = 7.031 ; free physical = 2710 ; free virtual = 15662

Phase 3 Placement Based Optimization
INFO: [Physopt 32-660] Identified 250 candidate nets for placement-based optimization.
INFO: [Physopt 32-662] Processed net gen_stages[2].stage_inst/b4/p_0_in6_in[6].  Did not re-place instance gen_stages[2].stage_inst/b4/m1i_reg_reg[13]
INFO: [Physopt 32-663] Processed net gen_stages[2].stage_inst/b4/t0i_reg[11].  Re-placed instance gen_stages[2].stage_inst/b4/t0i_reg_reg[11]
INFO: [Physopt 32-662] Processed net gen_stages[2].stage_inst/b4/t0i_reg[7]_i_3__1_n_0.  Did not re-place instance gen_stages[2].stage_inst/b4/t0i_reg[7]_i_3__1
INFO: [Physopt 32-663] Processed net gen_stages[3].stage_inst/b4/t1i_reg[7].  Re-placed instance gen_stages[3].stage_inst/b4/t1i_reg_reg[7]
INFO: [Physopt 32-663] Processed net gen_stages[3].stage_inst/b4/p_0_in6_in[0].  Re-placed instance gen_stages[3].stage_inst/b4/m1i_reg_reg[7]
INFO: [Physopt 32-662] Processed net gen_stages[3].stage_inst/b4/i___155_n_0.  Did not re-place instance gen_stages[3].stage_inst/b4/i___155
INFO: [Physopt 32-663] Processed net gen_stages[0].stage_inst/b4/pm1i_2/p_1_in[3].  Re-placed instance gen_stages[0].stage_inst/b4/pm1i_2/cpa_a_pipe_reg[0][11]
INFO: [Physopt 32-663] Processed net gen_stages[0].stage_inst/b4/pm1i_2/cpa_carry_pipe_reg[1]__0.  Re-placed instance gen_stages[0].stage_inst/b4/pm1i_2/cpa_carry_pipe_reg[1]
INFO: [Physopt 32-662] Processed net gen_stages[0].stage_inst/b4/pm1i_2/product_reg[11]_srl3___gen_stages_r_1_i_2_n_0.  Did not re-place instance gen_stages[0].stage_inst/b4/pm1i_2/product_reg[11]_srl3___gen_stages_r_1_i_2
INFO: [Physopt 32-663] Processed net gen_stages[0].stage_inst/b4/t0r_reg[7].  Re-placed instance gen_stages[0].stage_inst/b4/t0r_reg_reg[7]
INFO: [Physopt 32-662] Processed net gen_stages[0].stage_inst/b4/p_0_in7_in[1].  Did not re-place instance gen_stages[0].stage_inst/b4/m1r_reg_reg[8]
INFO: [Physopt 32-662] Processed net gen_stages[1].stage_inst/b4/mul_m1i_reg_1[2].  Did not re-place instance gen_stages[1].stage_inst/b4/mul_m1i_reg_1_reg[2]
INFO: [Physopt 32-663] Processed net gen_stages[1].stage_inst/b4/p_0_in6_in[3].  Re-placed instance gen_stages[1].stage_inst/b4/m1i_reg_reg[10]
INFO: [Physopt 32-663] Processed net gen_stages[1].stage_inst/b4/p_0_in6_in[4].  Re-placed instance gen_stages[1].stage_inst/b4/m1i_reg_reg[11]
INFO: [Physopt 32-662] Processed net gen_stages[0].stage_inst/b4/t0r_reg[3]_i_4_n_0.  Did not re-place instance gen_stages[0].stage_inst/b4/t0r_reg[3]_i_4
INFO: [Physopt 32-662] Processed net gen_stages[1].stage_inst/b4/m1i_reg[8]_i_9_n_0.  Did not re-place instance gen_stages[1].stage_inst/b4/m1i_reg[8]_i_9
INFO: [Physopt 32-663] Processed net gen_stages[1].stage_inst/b4/p_0_in6_in[2].  Re-placed instance gen_stages[1].stage_inst/b4/m1i_reg_reg[9]
INFO: [Physopt 32-663] Processed net gen_stages[1].stage_inst/b4/pm1i/p_1_in[1].  Re-placed instance gen_stages[1].stage_inst/b4/pm1i/cpa_a_pipe_reg[0][9]
INFO: [Physopt 32-663] Processed net gen_stages[1].stage_inst/b4/pm1i/cpa_carry_pipe_reg[1]__0.  Re-placed instance gen_stages[1].stage_inst/b4/pm1i/cpa_carry_pipe_reg[1]
INFO: [Physopt 32-662] Processed net gen_stages[1].stage_inst/b4/pm1i/cpa_result_pipe_reg[2][11]_srl2___gen_stages_r_0_i_4_n_0.  Did not re-place instance gen_stages[1].stage_inst/b4/pm1i/cpa_result_pipe_reg[2][11]_srl2___gen_stages_r_0_i_4
INFO: [Physopt 32-663] Processed net gen_stages[3].stage_inst/b4/t1i_reg[4].  Re-placed instance gen_stages[3].stage_inst/b4/t1i_reg_reg[4]
INFO: [Physopt 32-663] Processed net gen_stages[1].stage_inst/b4/p_1_in1_in[1].  Re-placed instance gen_stages[1].stage_inst/b4/m0r_reg_reg[8]
INFO: [Physopt 32-662] Processed net gen_stages[0].stage_inst/b4/mul_m0r_reg_1[0].  Did not re-place instance gen_stages[0].stage_inst/b4/mul_m0r_reg_1_reg[0]
INFO: [Physopt 32-663] Processed net gen_stages[1].stage_inst/b4/t2r_reg[13].  Re-placed instance gen_stages[1].stage_inst/b4/t2r_reg_reg[13]
INFO: [Physopt 32-662] Processed net gen_stages[1].stage_inst/b4/t2r_reg[3]_i_4__0_n_0.  Did not re-place instance gen_stages[1].stage_inst/b4/t2r_reg[3]_i_4__0
INFO: [Physopt 32-663] Processed net gen_stages[0].stage_inst/b4/p_1_in1_in[12].  Re-placed instance gen_stages[0].stage_inst/b4/m0r_reg_reg[19]
INFO: [Physopt 32-663] Processed net gen_stages[2].stage_inst/b4/pm0i/p_1_in[1].  Re-placed instance gen_stages[2].stage_inst/b4/pm0i/cpa_a_pipe_reg[0][9]
INFO: [Physopt 32-663] Processed net gen_stages[2].stage_inst/b4/pm0i/cpa_carry_pipe_reg[1]__0.  Re-placed instance gen_stages[2].stage_inst/b4/pm0i/cpa_carry_pipe_reg[1]
INFO: [Physopt 32-662] Processed net gen_stages[2].stage_inst/b4/pm0i/cpa_result_pipe_reg[2][11]_srl2___gen_stages_r_0_i_4__0_n_0.  Did not re-place instance gen_stages[2].stage_inst/b4/pm0i/cpa_result_pipe_reg[2][11]_srl2___gen_stages_r_0_i_4__0
INFO: [Physopt 32-663] Processed net gen_stages[0].stage_inst/b4/ar_reg_1[0].  Re-placed instance gen_stages[0].stage_inst/b4/ar_reg_1_reg[0]
INFO: [Physopt 32-663] Processed net gen_stages[0].stage_inst/b4/t1r_reg[5].  Re-placed instance gen_stages[0].stage_inst/b4/t1r_reg_reg[5]
INFO: [Physopt 32-663] Processed net gen_stages[3].stage_inst/b4/p_0_in6_in[1].  Re-placed instance gen_stages[3].stage_inst/b4/m1i_reg_reg[8]
INFO: [Physopt 32-663] Processed net gen_stages[3].stage_inst/b4/pm1i_2/p_1_in[1].  Re-placed instance gen_stages[3].stage_inst/b4/pm1i_2/cpa_a_pipe_reg[0][9]
INFO: [Physopt 32-662] Processed net gen_stages[0].stage_inst/b4/i___22_n_0.  Did not re-place instance gen_stages[0].stage_inst/b4/i___22
INFO: [Physopt 32-662] Processed net gen_stages[0].stage_inst/b4/m0r_reg[7]_i_10_n_0.  Did not re-place instance gen_stages[0].stage_inst/b4/m0r_reg[7]_i_10
INFO: [Physopt 32-663] Processed net gen_stages[3].stage_inst/b4/i___156_n_0.  Re-placed instance gen_stages[3].stage_inst/b4/i___156
INFO: [Physopt 32-663] Processed net gen_stages[3].stage_inst/b4/pm1i_2/cpa_carry_pipe_reg[1]__0.  Re-placed instance gen_stages[3].stage_inst/b4/pm1i_2/cpa_carry_pipe_reg[1]
INFO: [Physopt 32-662] Processed net gen_stages[3].stage_inst/b4/pm1i_2/cpa_result_pipe_reg[2][11]_srl2___gen_stages_r_0_i_4__1_n_0.  Did not re-place instance gen_stages[3].stage_inst/b4/pm1i_2/cpa_result_pipe_reg[2][11]_srl2___gen_stages_r_0_i_4__1
INFO: [Physopt 32-663] Processed net gen_stages[1].stage_inst/b4/mul_m1i_reg_1[4].  Re-placed instance gen_stages[1].stage_inst/b4/mul_m1i_reg_1_reg[4]
INFO: [Physopt 32-663] Processed net gen_stages[2].stage_inst/b4/pm0i/p_1_in[0].  Re-placed instance gen_stages[2].stage_inst/b4/pm0i/cpa_a_pipe_reg[0][8]
INFO: [Physopt 32-663] Processed net gen_stages[1].stage_inst/b4/m1i_reg[8]_i_7_n_0.  Re-placed instance gen_stages[1].stage_inst/b4/m1i_reg[8]_i_7
INFO: [Physopt 32-662] Processed net gen_stages[2].stage_inst/b4/pm0i/cpa_result_pipe_reg[2][11]_srl2___gen_stages_r_0_i_5__0_n_0.  Did not re-place instance gen_stages[2].stage_inst/b4/pm0i/cpa_result_pipe_reg[2][11]_srl2___gen_stages_r_0_i_5__0
INFO: [Physopt 32-663] Processed net gen_stages[2].stage_inst/b4/p_1_in1_in[2].  Re-placed instance gen_stages[2].stage_inst/b4/m0r_reg_reg[9]
INFO: [Physopt 32-662] Processed net gen_stages[2].stage_inst/b4/mul_m0r_reg_1[4].  Did not re-place instance gen_stages[2].stage_inst/b4/mul_m0r_reg_1_reg[4]
INFO: [Physopt 32-662] Processed net gen_stages[2].stage_inst/b4/i___49_n_0.  Did not re-place instance gen_stages[2].stage_inst/b4/i___49
INFO: [Physopt 32-663] Processed net gen_stages[0].stage_inst/b4/ar_reg_1[1].  Re-placed instance gen_stages[0].stage_inst/b4/ar_reg_1_reg[1]
INFO: [Physopt 32-663] Processed net gen_stages[1].stage_inst/b4/pm2r/csa_cin_r.  Re-placed instance gen_stages[1].stage_inst/b4/pm2r/csa_cin_r_reg
INFO: [Physopt 32-663] Processed net gen_stages[1].stage_inst/b4/pm2i_2/cpa_carry_pipe_reg[0]__0.  Re-placed instance gen_stages[1].stage_inst/b4/pm2i_2/cpa_carry_pipe_reg[0]
INFO: [Physopt 32-662] Processed net gen_stages[1].stage_inst/b4/pm2i_2/cpa_result_pipe_reg[2][3]_srl3___gen_stages_r_1_i_5_n_0.  Did not re-place instance gen_stages[1].stage_inst/b4/pm2i_2/cpa_result_pipe_reg[2][3]_srl3___gen_stages_r_1_i_5
INFO: [Physopt 32-663] Processed net gen_stages[1].stage_inst/b4/p_1_in[0].  Re-placed instance gen_stages[1].stage_inst/b4/m0i_reg_reg[7]
INFO: [Physopt 32-663] Processed net gen_stages[1].stage_inst/b4/t3i_reg[8].  Re-placed instance gen_stages[1].stage_inst/b4/t3i_reg_reg[8]
INFO: [Physopt 32-663] Processed net gen_stages[1].stage_inst/b4/i___133_n_0.  Re-placed instance gen_stages[1].stage_inst/b4/i___133
INFO: [Physopt 32-663] Processed net gen_stages[1].stage_inst/b4/p_1_in1_in[0].  Re-placed instance gen_stages[1].stage_inst/b4/m0r_reg_reg[7]
INFO: [Physopt 32-663] Processed net gen_stages[1].stage_inst/b4/t2r_reg[3]_i_5__0_n_0.  Re-placed instance gen_stages[1].stage_inst/b4/t2r_reg[3]_i_5__0
INFO: [Physopt 32-663] Processed net gen_stages[0].stage_inst/b4/ai_reg_1[0].  Re-placed instance gen_stages[0].stage_inst/b4/ai_reg_1_reg[0]
INFO: [Physopt 32-663] Processed net gen_stages[0].stage_inst/b4/t0i_reg[4].  Re-placed instance gen_stages[0].stage_inst/b4/t0i_reg_reg[4]
INFO: [Physopt 32-663] Processed net gen_stages[3].stage_inst/b4/p_1_in1_in[1].  Re-placed instance gen_stages[3].stage_inst/b4/m0r_reg_reg[8]
INFO: [Physopt 32-663] Processed net gen_stages[2].stage_inst/b4/p_1_in1_in[14].  Re-placed instance gen_stages[2].stage_inst/b4/m0r_reg_reg[21]
INFO: [Physopt 32-662] Processed net gen_stages[1].stage_inst/b4/mul_m1i_reg_1[1].  Did not re-place instance gen_stages[1].stage_inst/b4/mul_m1i_reg_1_reg[1]
INFO: [Physopt 32-662] Processed net gen_stages[2].stage_inst/b4/mul_m0r_reg_1[0].  Did not re-place instance gen_stages[2].stage_inst/b4/mul_m0r_reg_1_reg[0]
INFO: [Physopt 32-663] Processed net gen_stages[3].stage_inst/b4/mul_m0r_reg_1[3].  Re-placed instance gen_stages[3].stage_inst/b4/mul_m0r_reg_1_reg[3]
INFO: [Physopt 32-662] Processed net gen_stages[0].stage_inst/b4/t0i_reg[3]_i_5_n_0.  Did not re-place instance gen_stages[0].stage_inst/b4/t0i_reg[3]_i_5
INFO: [Physopt 32-662] Processed net gen_stages[1].stage_inst/b4/m1i_reg[8]_i_10_n_0.  Did not re-place instance gen_stages[1].stage_inst/b4/m1i_reg[8]_i_10
INFO: [Physopt 32-662] Processed net gen_stages[2].stage_inst/b4/i___45_n_0.  Did not re-place instance gen_stages[2].stage_inst/b4/i___45
INFO: [Physopt 32-662] Processed net gen_stages[3].stage_inst/b4/i___48_n_0.  Did not re-place instance gen_stages[3].stage_inst/b4/i___48
INFO: [Physopt 32-663] Processed net gen_stages[0].stage_inst/b4/mul_m0r_reg_1[12].  Re-placed instance gen_stages[0].stage_inst/b4/mul_m0r_reg_1_reg[12]
INFO: [Physopt 32-663] Processed net gen_stages[1].stage_inst/b4/p_0_in6_in[6].  Re-placed instance gen_stages[1].stage_inst/b4/m1i_reg_reg[13]
INFO: [Physopt 32-662] Processed net gen_stages[0].stage_inst/b4/m0r_reg[15]_i_5_n_0.  Did not re-place instance gen_stages[0].stage_inst/b4/m0r_reg[15]_i_5
INFO: [Physopt 32-662] Processed net gen_stages[2].stage_inst/b4/p_0_in6_in[2].  Did not re-place instance gen_stages[2].stage_inst/b4/m1i_reg_reg[9]
INFO: [Physopt 32-662] Processed net gen_stages[2].stage_inst/b4/t0i_reg[3]_i_3__1_n_0.  Did not re-place instance gen_stages[2].stage_inst/b4/t0i_reg[3]_i_3__1
INFO: [Physopt 32-662] Processed net gen_stages[0].stage_inst/b4/p_0_in7_in[0].  Did not re-place instance gen_stages[0].stage_inst/b4/m1r_reg_reg[7]
INFO: [Physopt 32-662] Processed net gen_stages[0].stage_inst/b4/t0r_reg[3]_i_5_n_0.  Did not re-place instance gen_stages[0].stage_inst/b4/t0r_reg[3]_i_5
INFO: [Physopt 32-663] Processed net gen_stages[2].stage_inst/b4/mul_m1i_reg_1[13].  Re-placed instance gen_stages[2].stage_inst/b4/mul_m1i_reg_1_reg[13]
INFO: [Physopt 32-663] Processed net gen_stages[2].stage_inst/b4/p_0_in6_in[15].  Re-placed instance gen_stages[2].stage_inst/b4/m1i_reg_reg[22]
INFO: [Physopt 32-662] Processed net gen_stages[2].stage_inst/b4/m1i_reg[15]_i_4_n_0.  Did not re-place instance gen_stages[2].stage_inst/b4/m1i_reg[15]_i_4
INFO: [Physopt 32-663] Processed net gen_stages[3].stage_inst/b4/t1i_reg[9].  Re-placed instance gen_stages[3].stage_inst/b4/t1i_reg_reg[9]
INFO: [Physopt 32-663] Processed net gen_stages[0].stage_inst/b4/mul_m0r_reg_1[9].  Re-placed instance gen_stages[0].stage_inst/b4/mul_m0r_reg_1_reg[9]
INFO: [Physopt 32-663] Processed net gen_stages[2].stage_inst/b4/mul_m1i_reg_1[7].  Re-placed instance gen_stages[2].stage_inst/b4/mul_m1i_reg_1_reg[7]
INFO: [Physopt 32-662] Processed net gen_stages[0].stage_inst/b4/m0r_reg[11]_i_4_n_0.  Did not re-place instance gen_stages[0].stage_inst/b4/m0r_reg[11]_i_4
INFO: [Physopt 32-662] Processed net gen_stages[2].stage_inst/b4/m1i_reg[7]_i_3_n_0.  Did not re-place instance gen_stages[2].stage_inst/b4/m1i_reg[7]_i_3
INFO: [Physopt 32-662] Processed net gen_stages[2].stage_inst/b4/p_0_in6_in[7].  Did not re-place instance gen_stages[2].stage_inst/b4/m1i_reg_reg[14]
INFO: [Physopt 32-662] Processed net gen_stages[2].stage_inst/b4/t0i_reg[7]_i_2__1_n_0.  Did not re-place instance gen_stages[2].stage_inst/b4/t0i_reg[7]_i_2__1
INFO: [Physopt 32-663] Processed net gen_stages[1].stage_inst/b4/pm1i_2/p_1_in[5].  Re-placed instance gen_stages[1].stage_inst/b4/pm1i_2/cpa_a_pipe_reg[0][13]
INFO: [Physopt 32-663] Processed net gen_stages[1].stage_inst/b4/pm1i_2/cpa_carry_pipe_reg[1]__0.  Re-placed instance gen_stages[1].stage_inst/b4/pm1i_2/cpa_carry_pipe_reg[1]
INFO: [Physopt 32-662] Processed net gen_stages[1].stage_inst/b4/pm1i_2/cpa_result_pipe_reg[2][15]_srl2___gen_stages_r_0_i_4_n_0.  Did not re-place instance gen_stages[1].stage_inst/b4/pm1i_2/cpa_result_pipe_reg[2][15]_srl2___gen_stages_r_0_i_4
INFO: [Physopt 32-663] Processed net gen_stages[3].stage_inst/b4/p_1_in1_in[13].  Re-placed instance gen_stages[3].stage_inst/b4/m0r_reg_reg[20]
INFO: [Physopt 32-663] Processed net gen_stages[2].stage_inst/b4/pm0r_2/csa_sum_r[7].  Re-placed instance gen_stages[2].stage_inst/b4/pm0r_2/csa_sum_r_reg[7]
INFO: [Physopt 32-663] Processed net gen_stages[2].stage_inst/b4/pm0r_2/cpa_carry_pipe_reg[0]__0.  Re-placed instance gen_stages[2].stage_inst/b4/pm0r_2/cpa_carry_pipe_reg[0]
INFO: [Physopt 32-662] Processed net gen_stages[2].stage_inst/b4/pm0r_2/cpa_result_pipe_reg[2][7]_srl3___gen_stages_r_1_i_2_n_0.  Did not re-place instance gen_stages[2].stage_inst/b4/pm0r_2/cpa_result_pipe_reg[2][7]_srl3___gen_stages_r_1_i_2
INFO: [Physopt 32-663] Processed net gen_stages[3].stage_inst/b4/pm0i_2/p_1_in[1].  Re-placed instance gen_stages[3].stage_inst/b4/pm0i_2/cpa_a_pipe_reg[0][9]
INFO: [Physopt 32-662] Processed net gen_stages[3].stage_inst/b4/pm0i_2/cpa_result_pipe_reg[2][11]_srl2___gen_stages_r_0_i_4__1_n_0.  Did not re-place instance gen_stages[3].stage_inst/b4/pm0i_2/cpa_result_pipe_reg[2][11]_srl2___gen_stages_r_0_i_4__1
INFO: [Physopt 32-662] Processed net gen_stages[3].stage_inst/b4/pm0i_2/cpa_result_pipe_reg[2][14]_srl2___gen_stages_r_0_n_0.  Did not re-place instance gen_stages[3].stage_inst/b4/pm0i_2/cpa_result_pipe_reg[2][14]_srl2___gen_stages_r_0
INFO: [Physopt 32-663] Processed net gen_stages[2].stage_inst/b4/p_0_in6_in[5].  Re-placed instance gen_stages[2].stage_inst/b4/m1i_reg_reg[12]
INFO: [Physopt 32-662] Processed net gen_stages[2].stage_inst/b4/t0i_reg[7]_i_4__1_n_0.  Did not re-place instance gen_stages[2].stage_inst/b4/t0i_reg[7]_i_4__1
INFO: [Physopt 32-663] Processed net gen_stages[2].stage_inst/b4/mul_m1i_reg_1[12].  Re-placed instance gen_stages[2].stage_inst/b4/mul_m1i_reg_1_reg[12]
INFO: [Physopt 32-662] Processed net gen_stages[2].stage_inst/b4/m1i_reg[15]_i_5_n_0.  Did not re-place instance gen_stages[2].stage_inst/b4/m1i_reg[15]_i_5
INFO: [Physopt 32-662] Processed net gen_stages[2].stage_inst/b4/mul_m0r_reg_1[1].  Did not re-place instance gen_stages[2].stage_inst/b4/mul_m0r_reg_1_reg[1]
INFO: [Physopt 32-663] Processed net gen_stages[1].stage_inst/b4/p_0_in6_in[15].  Re-placed instance gen_stages[1].stage_inst/b4/m1i_reg_reg[22]
INFO: [Physopt 32-662] Processed net gen_stages[2].stage_inst/b4/i___46_n_0.  Did not re-place instance gen_stages[2].stage_inst/b4/i___46
INFO: [Physopt 32-663] Processed net gen_stages[2].stage_inst/b4/pm0i/cpa_b_pipe_reg[0]__0[9].  Re-placed instance gen_stages[2].stage_inst/b4/pm0i/cpa_b_pipe_reg[0][9]
INFO: [Physopt 32-663] Processed net gen_stages[3].stage_inst/b4/t0i_reg[6].  Re-placed instance gen_stages[3].stage_inst/b4/t0i_reg_reg[6]
INFO: [Physopt 32-663] Processed net gen_stages[3].stage_inst/b4/t0i_reg[3]_i_5__2_n_0.  Re-placed instance gen_stages[3].stage_inst/b4/t0i_reg[3]_i_5__2
INFO: [Physopt 32-662] Processed net gen_stages[2].stage_inst/b4/mul_m1i_reg_1[6].  Did not re-place instance gen_stages[2].stage_inst/b4/mul_m1i_reg_1_reg[6]
INFO: [Physopt 32-662] Processed net gen_stages[2].stage_inst/b4/m1i_reg[7]_i_4_n_0.  Did not re-place instance gen_stages[2].stage_inst/b4/m1i_reg[7]_i_4
INFO: [Physopt 32-663] Processed net gen_stages[1].stage_inst/b4/t2r_reg[14].  Re-placed instance gen_stages[1].stage_inst/b4/t2r_reg_reg[14]
INFO: [Physopt 32-662] Processed net gen_stages[0].stage_inst/b4/mul_m0r_reg_1[1].  Did not re-place instance gen_stages[0].stage_inst/b4/mul_m0r_reg_1_reg[1]
INFO: [Physopt 32-663] Processed net gen_stages[3].stage_inst/b4/t1i_reg[10].  Re-placed instance gen_stages[3].stage_inst/b4/t1i_reg_reg[10]
INFO: [Physopt 32-663] Processed net gen_stages[3].stage_inst/b4/t0i_reg[3].  Re-placed instance gen_stages[3].stage_inst/b4/t0i_reg_reg[3]
INFO: [Physopt 32-663] Processed net gen_stages[3].stage_inst/b4/mul_m0r_reg_1[4].  Re-placed instance gen_stages[3].stage_inst/b4/mul_m0r_reg_1_reg[4]
INFO: [Physopt 32-663] Processed net gen_stages[0].stage_inst/b4/pm2i_2/cpa_b_pipe_reg[0]__0[9].  Re-placed instance gen_stages[0].stage_inst/b4/pm2i_2/cpa_b_pipe_reg[0][9]
INFO: [Physopt 32-663] Processed net gen_stages[0].stage_inst/b4/pm2i_2/cpa_carry_pipe_reg[1]__0.  Re-placed instance gen_stages[0].stage_inst/b4/pm2i_2/cpa_carry_pipe_reg[1]
INFO: [Physopt 32-662] Processed net gen_stages[0].stage_inst/b4/pm2i_2/product_reg[11]_srl3___gen_stages_r_1_i_4_n_0.  Did not re-place instance gen_stages[0].stage_inst/b4/pm2i_2/product_reg[11]_srl3___gen_stages_r_1_i_4
INFO: [Physopt 32-663] Processed net gen_stages[3].stage_inst/b4/i___49_n_0.  Re-placed instance gen_stages[3].stage_inst/b4/i___49
INFO: [Physopt 32-663] Processed net gen_stages[1].stage_inst/b4/t2r_reg[4].  Re-placed instance gen_stages[1].stage_inst/b4/t2r_reg_reg[4]
INFO: [Physopt 32-663] Processed net gen_stages[2].stage_inst/b4/p_1_in1_in[1].  Re-placed instance gen_stages[2].stage_inst/b4/m0r_reg_reg[8]
INFO: [Physopt 32-663] Processed net gen_stages[1].stage_inst/b4/pm1r/p_1_in[1].  Re-placed instance gen_stages[1].stage_inst/b4/pm1r/cpa_a_pipe_reg[0][9]
INFO: [Physopt 32-662] Processed net gen_stages[1].stage_inst/b4/pm1r/cpa_result_pipe_reg[2][11]_srl2___gen_stages_r_0_i_4__0_n_0.  Did not re-place instance gen_stages[1].stage_inst/b4/pm1r/cpa_result_pipe_reg[2][11]_srl2___gen_stages_r_0_i_4__0
INFO: [Physopt 32-662] Processed net gen_stages[1].stage_inst/b4/pm1r/cpa_result_pipe_reg[2][15]_srl2___gen_stages_r_0_n_0.  Did not re-place instance gen_stages[1].stage_inst/b4/pm1r/cpa_result_pipe_reg[2][15]_srl2___gen_stages_r_0
INFO: [Physopt 32-663] Processed net gen_stages[3].stage_inst/b4/p_1_in1_in[9].  Re-placed instance gen_stages[3].stage_inst/b4/m0r_reg_reg[16]
INFO: [Physopt 32-663] Processed net gen_stages[3].stage_inst/b4/mul_m0r_reg_1[13].  Re-placed instance gen_stages[3].stage_inst/b4/mul_m0r_reg_1_reg[13]
INFO: [Physopt 32-662] Processed net gen_stages[3].stage_inst/b4/i___58_n_0.  Did not re-place instance gen_stages[3].stage_inst/b4/i___58
INFO: [Physopt 32-663] Processed net gen_stages[3].stage_inst/b4/t0r_reg[7].  Re-placed instance gen_stages[3].stage_inst/b4/t0r_reg_reg[7]
INFO: [Physopt 32-663] Processed net gen_stages[3].stage_inst/b4/p_0_in7_in[0].  Re-placed instance gen_stages[3].stage_inst/b4/m1r_reg_reg[7]
INFO: [Physopt 32-662] Processed net gen_stages[3].stage_inst/b4/p_0_in7_in[1].  Did not re-place instance gen_stages[3].stage_inst/b4/m1r_reg_reg[8]
INFO: [Physopt 32-662] Processed net gen_stages[3].stage_inst/b4/t0r_reg[3]_i_4__2_n_0.  Did not re-place instance gen_stages[3].stage_inst/b4/t0r_reg[3]_i_4__2
INFO: [Physopt 32-662] Processed net gen_stages[3].stage_inst/b4/t0r_reg[3]_i_5__2_n_0.  Did not re-place instance gen_stages[3].stage_inst/b4/t0r_reg[3]_i_5__2
INFO: [Physopt 32-663] Processed net gen_stages[1].stage_inst/b4/t3i_reg[15].  Re-placed instance gen_stages[1].stage_inst/b4/t3i_reg_reg[15]
INFO: [Physopt 32-663] Processed net gen_stages[3].stage_inst/b4/t1i_reg[6].  Re-placed instance gen_stages[3].stage_inst/b4/t1i_reg_reg[6]
INFO: [Physopt 32-663] Processed net gen_stages[1].stage_inst/b4/pm1i_2/p_1_in[2].  Re-placed instance gen_stages[1].stage_inst/b4/pm1i_2/cpa_a_pipe_reg[0][10]
INFO: [Physopt 32-662] Processed net gen_stages[1].stage_inst/b4/pm1i_2/cpa_result_pipe_reg[2][11]_srl2___gen_stages_r_0_i_3_n_0.  Did not re-place instance gen_stages[1].stage_inst/b4/pm1i_2/cpa_result_pipe_reg[2][11]_srl2___gen_stages_r_0_i_3
INFO: [Physopt 32-663] Processed net gen_stages[2].stage_inst/b4/p_0_in6_in[10].  Re-placed instance gen_stages[2].stage_inst/b4/m1i_reg_reg[17]
INFO: [Physopt 32-663] Processed net gen_stages[1].stage_inst/b4/pm0r_2/csa_cin_r.  Re-placed instance gen_stages[1].stage_inst/b4/pm0r_2/csa_cin_r_reg
INFO: [Physopt 32-663] Processed net gen_stages[1].stage_inst/b4/pm1i/cpa_b_pipe_reg[0]__0[9].  Re-placed instance gen_stages[1].stage_inst/b4/pm1i/cpa_b_pipe_reg[0][9]
INFO: [Physopt 32-662] Processed net gen_stages[1].stage_inst/b4/pm0i/cpa_result_pipe_reg[2][6]_srl3___gen_stages_r_1_n_0.  Did not re-place instance gen_stages[1].stage_inst/b4/pm0i/cpa_result_pipe_reg[2][6]_srl3___gen_stages_r_1
INFO: [Physopt 32-663] Processed net gen_stages[1].stage_inst/b4/pm1i_2/p_1_in[0].  Re-placed instance gen_stages[1].stage_inst/b4/pm1i_2/cpa_a_pipe_reg[0][8]
INFO: [Physopt 32-662] Processed net gen_stages[1].stage_inst/b4/pm1i_2/cpa_result_pipe_reg[2][11]_srl2___gen_stages_r_0_i_5_n_0.  Did not re-place instance gen_stages[1].stage_inst/b4/pm1i_2/cpa_result_pipe_reg[2][11]_srl2___gen_stages_r_0_i_5
INFO: [Physopt 32-662] Processed net gen_stages[3].stage_inst/b4/pm0i_2/cpa_result_pipe_reg[2][12]_srl2___gen_stages_r_0_n_0.  Did not re-place instance gen_stages[3].stage_inst/b4/pm0i_2/cpa_result_pipe_reg[2][12]_srl2___gen_stages_r_0
INFO: [Physopt 32-663] Processed net gen_stages[3].stage_inst/b4/t1i_reg[5].  Re-placed instance gen_stages[3].stage_inst/b4/t1i_reg_reg[5]
INFO: [Physopt 32-663] Processed net gen_stages[2].stage_inst/b4/mul_m0r_reg_1[3].  Re-placed instance gen_stages[2].stage_inst/b4/mul_m0r_reg_1_reg[3]
INFO: [Physopt 32-662] Processed net gen_stages[2].stage_inst/b4/i___48_n_0.  Did not re-place instance gen_stages[2].stage_inst/b4/i___48
INFO: [Physopt 32-663] Processed net gen_stages[3].stage_inst/b4/i___46_n_0.  Re-placed instance gen_stages[3].stage_inst/b4/i___46
INFO: [Physopt 32-663] Processed net gen_stages[3].stage_inst/b4/mul_m0r_reg_2[1].  Re-placed instance gen_stages[3].stage_inst/b4/mul_m0r_reg_2_reg[1]
INFO: [Physopt 32-663] Processed net gen_stages[2].stage_inst/b4/p_0_in6_in[12].  Re-placed instance gen_stages[2].stage_inst/b4/m1i_reg_reg[19]
INFO: [Physopt 32-663] Processed net gen_stages[2].stage_inst/b4/pm0r/p_1_in[5].  Re-placed instance gen_stages[2].stage_inst/b4/pm0r/cpa_a_pipe_reg[0][13]
INFO: [Physopt 32-663] Processed net gen_stages[2].stage_inst/b4/pm0r/cpa_carry_pipe_reg[1]__0.  Re-placed instance gen_stages[2].stage_inst/b4/pm0r/cpa_carry_pipe_reg[1]
INFO: [Physopt 32-662] Processed net gen_stages[2].stage_inst/b4/pm0r/cpa_result_pipe_reg[2][15]_srl2___gen_stages_r_0_i_4__1_n_0.  Did not re-place instance gen_stages[2].stage_inst/b4/pm0r/cpa_result_pipe_reg[2][15]_srl2___gen_stages_r_0_i_4__1
INFO: [Physopt 32-663] Processed net gen_stages[2].stage_inst/b4/pm0r_2/csa_sum_r[0].  Re-placed instance gen_stages[2].stage_inst/b4/pm0r_2/csa_sum_r_reg[0]
INFO: [Physopt 32-663] Processed net gen_stages[0].stage_inst/b4/pm0i_2/cpa_a_pipe_reg[1]__0[16].  Re-placed instance gen_stages[0].stage_inst/b4/pm0i_2/cpa_a_pipe_reg[1][16]
INFO: [Physopt 32-663] Processed net gen_stages[2].stage_inst/b4/pm1i_2/p_1_in[0].  Re-placed instance gen_stages[2].stage_inst/b4/pm1i_2/cpa_a_pipe_reg[0][8]
INFO: [Physopt 32-662] Processed net gen_stages[0].stage_inst/b4/pm0i_2/product_reg[19]_srl2___gen_stages_r_0_i_5_n_0.  Did not re-place instance gen_stages[0].stage_inst/b4/pm0i_2/product_reg[19]_srl2___gen_stages_r_0_i_5
INFO: [Physopt 32-662] Processed net gen_stages[2].stage_inst/b4/pm0r_2/cpa_result_pipe_reg[2][3]_srl3___gen_stages_r_1_i_5_n_0.  Did not re-place instance gen_stages[2].stage_inst/b4/pm0r_2/cpa_result_pipe_reg[2][3]_srl3___gen_stages_r_1_i_5
INFO: [Physopt 32-663] Processed net gen_stages[2].stage_inst/b4/pm1i_2/cpa_carry_pipe_reg[1]__0.  Re-placed instance gen_stages[2].stage_inst/b4/pm1i_2/cpa_carry_pipe_reg[1]
INFO: [Physopt 32-662] Processed net gen_stages[2].stage_inst/b4/pm1i_2/cpa_result_pipe_reg[2][11]_srl2___gen_stages_r_0_i_5__0_n_0.  Did not re-place instance gen_stages[2].stage_inst/b4/pm1i_2/cpa_result_pipe_reg[2][11]_srl2___gen_stages_r_0_i_5__0
INFO: [Physopt 32-662] Processed net gen_stages[0].stage_inst/b4/pm0i_2/cpa_a_pipe_reg[1][21]_1.  Did not re-place instance gen_stages[0].stage_inst/b4/pm0i_2/product_reg[21]_srl2___gen_stages_r_0
INFO: [Physopt 32-663] Processed net gen_stages[3].stage_inst/b4/t1i_reg[13].  Re-placed instance gen_stages[3].stage_inst/b4/t1i_reg_reg[13]
INFO: [Physopt 32-662] Processed net gen_stages[1].stage_inst/b4/p_0_in_0[0].  Did not re-place instance gen_stages[1].stage_inst/b4/m2i_reg_reg[7]
INFO: [Physopt 32-663] Processed net gen_stages[1].stage_inst/b4/p_0_in7_in[0].  Re-placed instance gen_stages[1].stage_inst/b4/m1r_reg_reg[7]
INFO: [Physopt 32-663] Processed net gen_stages[1].stage_inst/b4/t2r_reg[11].  Re-placed instance gen_stages[1].stage_inst/b4/t2r_reg_reg[11]
INFO: [Physopt 32-662] Processed net gen_stages[1].stage_inst/b4/t0r_reg[3]_i_5__0_n_0.  Did not re-place instance gen_stages[1].stage_inst/b4/t0r_reg[3]_i_5__0
INFO: [Physopt 32-663] Processed net gen_stages[1].stage_inst/b4/t0r_reg[15].  Re-placed instance gen_stages[1].stage_inst/b4/t0r_reg_reg[15]
INFO: [Physopt 32-663] Processed net gen_stages[0].stage_inst/b4/pm2i_2/p_1_in[0].  Re-placed instance gen_stages[0].stage_inst/b4/pm2i_2/cpa_a_pipe_reg[0][8]
INFO: [Physopt 32-663] Processed net gen_stages[1].stage_inst/b4/mul_m1i_reg_1[10].  Re-placed instance gen_stages[1].stage_inst/b4/mul_m1i_reg_1_reg[10]
INFO: [Physopt 32-662] Processed net gen_stages[3].stage_inst/b4/mul_m0r_reg_1[1].  Did not re-place instance gen_stages[3].stage_inst/b4/mul_m0r_reg_1_reg[1]
INFO: [Physopt 32-662] Processed net gen_stages[1].stage_inst/b4/m1i_reg[12]_i_4_n_0.  Did not re-place instance gen_stages[1].stage_inst/b4/m1i_reg[12]_i_4
INFO: [Physopt 32-663] Processed net gen_stages[2].stage_inst/b4/pm1i/cpa_carry_pipe_reg[0]__0.  Re-placed instance gen_stages[2].stage_inst/b4/pm1i/cpa_carry_pipe_reg[0]
INFO: [Physopt 32-663] Processed net gen_stages[2].stage_inst/b4/pm1i/cpa_carry_pipe_reg[1]__0.  Re-placed instance gen_stages[2].stage_inst/b4/pm1i/cpa_carry_pipe_reg[1]
INFO: [Physopt 32-662] Processed net gen_stages[2].stage_inst/b4/pm1i/cpa_result_pipe_reg[2][11]_srl2___gen_stages_r_0_i_5__0_n_0.  Did not re-place instance gen_stages[2].stage_inst/b4/pm1i/cpa_result_pipe_reg[2][11]_srl2___gen_stages_r_0_i_5__0
INFO: [Physopt 32-663] Processed net gen_stages[2].stage_inst/b4/pm0r_2/cpa_b_pipe_reg[0]__0[9].  Re-placed instance gen_stages[2].stage_inst/b4/pm0r_2/cpa_b_pipe_reg[0][9]
INFO: [Common 17-14] Message 'Physopt 32-663' appears 100 times and further instances of the messages will be disabled. Use the Tcl command set_msg_config to change the current settings.
INFO: [Physopt 32-662] Processed net gen_stages[2].stage_inst/b4/pm0r_2/cpa_result_pipe_reg[2][11]_srl2___gen_stages_r_0_i_4__0_n_0.  Did not re-place instance gen_stages[2].stage_inst/b4/pm0r_2/cpa_result_pipe_reg[2][11]_srl2___gen_stages_r_0_i_4__0
INFO: [Physopt 32-662] Processed net gen_stages[2].stage_inst/b4/pm0r_2/cpa_result_pipe_reg[2][12]_srl2___gen_stages_r_0_n_0.  Did not re-place instance gen_stages[2].stage_inst/b4/pm0r_2/cpa_result_pipe_reg[2][12]_srl2___gen_stages_r_0
INFO: [Physopt 32-662] Processed net gen_stages[2].stage_inst/b4/pm1i/cpa_result_pipe_reg[2][11]_srl2___gen_stages_r_0_i_4__0_n_0.  Did not re-place instance gen_stages[2].stage_inst/b4/pm1i/cpa_result_pipe_reg[2][11]_srl2___gen_stages_r_0_i_4__0
INFO: [Physopt 32-662] Processed net gen_stages[2].stage_inst/b4/pm0r/cpa_result_pipe_reg[2][11]_srl2___gen_stages_r_0_i_3__1_n_0.  Did not re-place instance gen_stages[2].stage_inst/b4/pm0r/cpa_result_pipe_reg[2][11]_srl2___gen_stages_r_0_i_3__1
INFO: [Physopt 32-662] Processed net gen_stages[0].stage_inst/b4/i___23_n_0.  Did not re-place instance gen_stages[0].stage_inst/b4/i___23
INFO: [Physopt 32-662] Processed net gen_stages[1].stage_inst/b4/pm1i/cpa_result_pipe_reg[2][15]_srl2___gen_stages_r_0_n_0.  Did not re-place instance gen_stages[1].stage_inst/b4/pm1i/cpa_result_pipe_reg[2][15]_srl2___gen_stages_r_0
INFO: [Physopt 32-662] Processed net gen_stages[3].stage_inst/b4/mul_m0r_reg_1[0].  Did not re-place instance gen_stages[3].stage_inst/b4/mul_m0r_reg_1_reg[0]
INFO: [Physopt 32-662] Processed net gen_stages[3].stage_inst/b4/i___45_n_0.  Did not re-place instance gen_stages[3].stage_inst/b4/i___45
INFO: [Physopt 32-662] Processed net gen_stages[2].stage_inst/b4/mul_m1i_reg_1[0].  Did not re-place instance gen_stages[2].stage_inst/b4/mul_m1i_reg_1_reg[0]
INFO: [Physopt 32-662] Processed net gen_stages[2].stage_inst/b4/m1i_reg[7]_i_10_n_0.  Did not re-place instance gen_stages[2].stage_inst/b4/m1i_reg[7]_i_10
INFO: [Physopt 32-662] Processed net gen_stages[3].stage_inst/b4/pm0r_2/cpa_result_pipe_reg[2][11]_srl2___gen_stages_r_0_i_4__1_n_0.  Did not re-place instance gen_stages[3].stage_inst/b4/pm0r_2/cpa_result_pipe_reg[2][11]_srl2___gen_stages_r_0_i_4__1
INFO: [Physopt 32-662] Processed net gen_stages[3].stage_inst/b4/pm0r_2/cpa_result_pipe_reg[2][15]_srl2___gen_stages_r_0_n_0.  Did not re-place instance gen_stages[3].stage_inst/b4/pm0r_2/cpa_result_pipe_reg[2][15]_srl2___gen_stages_r_0
INFO: [Physopt 32-662] Processed net gen_stages[0].stage_inst/b4/i___25_n_0.  Did not re-place instance gen_stages[0].stage_inst/b4/i___25
INFO: [Physopt 32-662] Processed net gen_stages[0].stage_inst/b4/pm0i_2/product_reg[19]_srl2___gen_stages_r_0_i_3_n_0.  Did not re-place instance gen_stages[0].stage_inst/b4/pm0i_2/product_reg[19]_srl2___gen_stages_r_0_i_3
INFO: [Physopt 32-662] Processed net gen_stages[2].stage_inst/b4/pm0r_2/cpa_result_pipe_reg[2][11]_srl2___gen_stages_r_0_n_0.  Did not re-place instance gen_stages[2].stage_inst/b4/pm0r_2/cpa_result_pipe_reg[2][11]_srl2___gen_stages_r_0
INFO: [Physopt 32-662] Processed net gen_stages[1].stage_inst/b4/p_0_in5_in[0].  Did not re-place instance gen_stages[1].stage_inst/b4/m2r_reg_reg[7]
INFO: [Physopt 32-662] Processed net gen_stages[3].stage_inst/b4/t0i_reg[15].  Did not re-place instance gen_stages[3].stage_inst/b4/t0i_reg_reg[15]
INFO: [Physopt 32-662] Processed net gen_stages[1].stage_inst/b4/pm1i/cpa_result_pipe_reg[2][11]_srl2___gen_stages_r_0_n_0.  Did not re-place instance gen_stages[1].stage_inst/b4/pm1i/cpa_result_pipe_reg[2][11]_srl2___gen_stages_r_0
INFO: [Physopt 32-662] Processed net gen_stages[3].stage_inst/b4/i___47_n_0.  Did not re-place instance gen_stages[3].stage_inst/b4/i___47
INFO: [Physopt 32-662] Processed net gen_stages[1].stage_inst/b4/t0r_reg[3]_i_3__0_n_0.  Did not re-place instance gen_stages[1].stage_inst/b4/t0r_reg[3]_i_3__0
INFO: [Physopt 32-662] Processed net gen_stages[3].stage_inst/b4/i___52_n_0.  Did not re-place instance gen_stages[3].stage_inst/b4/i___52
INFO: [Physopt 32-662] Processed net gen_stages[2].stage_inst/b4/pm0i/cpa_result_pipe_reg[2][15]_srl2___gen_stages_r_0_n_0.  Did not re-place instance gen_stages[2].stage_inst/b4/pm0i/cpa_result_pipe_reg[2][15]_srl2___gen_stages_r_0
INFO: [Physopt 32-662] Processed net gen_stages[1].stage_inst/b4/pm2i_2/cpa_result_pipe_reg[2][7]_srl3___gen_stages_r_1_i_3_n_0.  Did not re-place instance gen_stages[1].stage_inst/b4/pm2i_2/cpa_result_pipe_reg[2][7]_srl3___gen_stages_r_1_i_3
INFO: [Physopt 32-662] Processed net gen_stages[2].stage_inst/b4/i___54_n_0.  Did not re-place instance gen_stages[2].stage_inst/b4/i___54
INFO: [Physopt 32-662] Processed net gen_stages[0].stage_inst/b4/m0r_reg[7]_i_9_n_0.  Did not re-place instance gen_stages[0].stage_inst/b4/m0r_reg[7]_i_9
INFO: [Physopt 32-662] Processed net gen_stages[1].stage_inst/b4/mul_m1i_reg_1[6].  Did not re-place instance gen_stages[1].stage_inst/b4/mul_m1i_reg_1_reg[6]
INFO: [Physopt 32-662] Processed net gen_stages[1].stage_inst/b4/m1i_reg[8]_i_5_n_0.  Did not re-place instance gen_stages[1].stage_inst/b4/m1i_reg[8]_i_5
INFO: [Physopt 32-662] Processed net gen_stages[2].stage_inst/b4/pm2i/cpa_result_pipe_reg[2][3]_srl3___gen_stages_r_1_i_5__0_n_0.  Did not re-place instance gen_stages[2].stage_inst/b4/pm2i/cpa_result_pipe_reg[2][3]_srl3___gen_stages_r_1_i_5__0
INFO: [Physopt 32-662] Processed net gen_stages[0].stage_inst/b4/pm1i_2/product_reg[15]_srl3___gen_stages_r_1_i_5_n_0.  Did not re-place instance gen_stages[0].stage_inst/b4/pm1i_2/product_reg[15]_srl3___gen_stages_r_1_i_5
INFO: [Physopt 32-662] Processed net gen_stages[1].stage_inst/b4/m1i_reg[12]_i_3_n_0.  Did not re-place instance gen_stages[1].stage_inst/b4/m1i_reg[12]_i_3
INFO: [Physopt 32-662] Processed net gen_stages[1].stage_inst/b4/pm1i/cpa_result_pipe_reg[2][15]_srl2___gen_stages_r_0_i_4_n_0.  Did not re-place instance gen_stages[1].stage_inst/b4/pm1i/cpa_result_pipe_reg[2][15]_srl2___gen_stages_r_0_i_4
INFO: [Physopt 32-662] Processed net gen_stages[3].stage_inst/b4/t0i_reg[3]_i_4__2_n_0.  Did not re-place instance gen_stages[3].stage_inst/b4/t0i_reg[3]_i_4__2
INFO: [Physopt 32-662] Processed net gen_stages[2].stage_inst/SR[0].  Did not re-place instance gen_stages[2].stage_inst/gen_input_logic.stride_segment_counter[5]_i_1
INFO: [Physopt 32-662] Processed net gen_stages[2].stage_inst/b4/pm0i/cpa_result_pipe_reg[2][15]_srl2___gen_stages_r_0_i_4__0_n_0.  Did not re-place instance gen_stages[2].stage_inst/b4/pm0i/cpa_result_pipe_reg[2][15]_srl2___gen_stages_r_0_i_4__0
INFO: [Physopt 32-662] Processed net gen_stages[2].stage_inst/b4/pm1r_2/cpa_result_pipe_reg[2][3]_srl3___gen_stages_r_1_i_4_n_0.  Did not re-place instance gen_stages[2].stage_inst/b4/pm1r_2/cpa_result_pipe_reg[2][3]_srl3___gen_stages_r_1_i_4
INFO: [Physopt 32-662] Processed net gen_stages[1].stage_inst/b4/pm1r/cpa_result_pipe_reg[2][13]_srl2___gen_stages_r_0_n_0.  Did not re-place instance gen_stages[1].stage_inst/b4/pm1r/cpa_result_pipe_reg[2][13]_srl2___gen_stages_r_0
INFO: [Physopt 32-662] Processed net gen_stages[2].stage_inst/b4/pm1r_2/cpa_result_pipe_reg[2][5]_srl3___gen_stages_r_1_n_0.  Did not re-place instance gen_stages[2].stage_inst/b4/pm1r_2/cpa_result_pipe_reg[2][5]_srl3___gen_stages_r_1
INFO: [Physopt 32-662] Processed net gen_stages[0].stage_inst/b4/t0r_reg[3]_i_2_n_0.  Did not re-place instance gen_stages[0].stage_inst/b4/t0r_reg[3]_i_2
INFO: [Physopt 32-661] Optimized 144 nets.  Re-placed 144 instances.
INFO: [Physopt 32-775] End 1 Pass. Optimized 144 nets or cells. Created 0 new cell, deleted 0 existing cell and moved 144 existing cells
INFO: [Physopt 32-619] Estimated Timing Summary | WNS=-0.587 | TNS=-492.596 |
Netlist sorting complete. Time (s): cpu = 00:00:00.01 ; elapsed = 00:00:00 . Memory (MB): peak = 2609.594 ; gain = 0.000 ; free physical = 2643 ; free virtual = 15598
Phase 3 Placement Based Optimization | Checksum: 100bda822

Time (s): cpu = 00:02:15 ; elapsed = 00:00:32 . Memory (MB): peak = 2609.594 ; gain = 7.031 ; free physical = 2643 ; free virtual = 15598

Phase 4 MultiInst Placement Optimization
INFO: [Physopt 32-660] Identified 100 candidate nets for placement-based optimization.
INFO: [Physopt 32-662] Processed net gen_stages[1].stage_inst/b4/pm2i_2/cpa_carry_pipe_reg[1]__0.  Did not re-place instance gen_stages[1].stage_inst/b4/pm2i_2/cpa_carry_pipe_reg[1]/Q
INFO: [Physopt 32-662] Processed net gen_stages[2].stage_inst/b4/p_1_in1_in[13].  Did not re-place instance gen_stages[2].stage_inst/b4/m0r_reg_reg[20]/Q
INFO: [Physopt 32-662] Processed net gen_stages[0].stage_inst/b4/mul_m0r_reg_1[0].  Did not re-place instance gen_stages[0].stage_inst/b4/mul_m0r_reg_1_reg[0]/Q
INFO: [Physopt 32-662] Processed net gen_stages[1].stage_inst/b4/mul_m1i_reg_1[2].  Did not re-place instance gen_stages[1].stage_inst/b4/mul_m1i_reg_1_reg[2]/Q
INFO: [Physopt 32-662] Processed net gen_stages[1].stage_inst/b4/p_0_in6_in[13].  Did not re-place instance gen_stages[1].stage_inst/b4/m1i_reg_reg[20]/Q
INFO: [Physopt 32-662] Processed net gen_stages[0].stage_inst/b4/mul_m1r_reg_1[8].  Did not re-place instance gen_stages[0].stage_inst/b4/mul_m1r_reg_1_reg[8]/Q
INFO: [Physopt 32-662] Processed net gen_stages[0].stage_inst/b4/p_0_in7_in[14].  Did not re-place instance gen_stages[0].stage_inst/b4/m1r_reg_reg[21]/Q
INFO: [Physopt 32-662] Processed net gen_stages[0].stage_inst/b4/pm0i_2/p_1_in[3].  Did not re-place instance gen_stages[0].stage_inst/b4/pm0i_2/cpa_a_pipe_reg[0][11]/Q
INFO: [Physopt 32-662] Processed net gen_stages[2].stage_inst/b4/mul_m0r_reg_1[0].  Did not re-place instance gen_stages[2].stage_inst/b4/mul_m0r_reg_1_reg[0]/Q
INFO: [Physopt 32-662] Processed net gen_stages[3].stage_inst/b4/pm1i/p_1_in[5].  Did not re-place instance gen_stages[3].stage_inst/b4/pm1i/cpa_a_pipe_reg[0][13]/Q
INFO: [Physopt 32-662] Processed net gen_stages[0].stage_inst/b4/p_1_in1_in[0].  Did not re-place instance gen_stages[0].stage_inst/b4/m0r_reg_reg[7]/Q
INFO: [Physopt 32-662] Processed net gen_stages[1].stage_inst/b4/p_0_in6_in[11].  Did not re-place instance gen_stages[1].stage_inst/b4/m1i_reg_reg[18]/Q
INFO: [Physopt 32-662] Processed net gen_stages[2].stage_inst/b4/pm2r/csa_sum_r[0].  Did not re-place instance gen_stages[2].stage_inst/b4/pm2r/csa_sum_r_reg[0]/Q
INFO: [Physopt 32-662] Processed net gen_stages[1].stage_inst/b4/ar_reg_1[0].  Did not re-place instance gen_stages[1].stage_inst/b4/ar_reg_1_reg[0]/Q
INFO: [Physopt 32-662] Processed net gen_stages[3].stage_inst/b4/pm2r/b_pipe_reg[3][6]_srl5___gen_stages_r_3_i_2__1_n_0.  Did not re-place instance gen_stages[3].stage_inst/b4/pm2r/b_pipe_reg[3][6]_srl5___gen_stages_r_3_i_2__1/O
INFO: [Physopt 32-662] Processed net gen_stages[2].stage_inst/b4/p_0_in6_in[4].  Did not re-place instance gen_stages[2].stage_inst/b4/m1i_reg_reg[11]/Q
INFO: [Physopt 32-662] Processed net gen_stages[1].stage_inst/b4/p_0_in6_in[8].  Did not re-place instance gen_stages[1].stage_inst/b4/m1i_reg_reg[15]/Q
INFO: [Physopt 32-662] Processed net gen_stages[0].stage_inst/b4/pm0i_2/p_1_in[1].  Did not re-place instance gen_stages[0].stage_inst/b4/pm0i_2/cpa_a_pipe_reg[0][9]/Q
INFO: [Physopt 32-662] Processed net gen_stages[1].stage_inst/b4/mul_m1i_reg_1[1].  Did not re-place instance gen_stages[1].stage_inst/b4/mul_m1i_reg_1_reg[1]/Q
INFO: [Physopt 32-662] Processed net gen_stages[0].stage_inst/b4/ar_reg_1[8].  Did not re-place instance gen_stages[0].stage_inst/b4/ar_reg_1_reg[8]/Q
INFO: [Physopt 32-662] Processed net gen_stages[2].stage_inst/b4/mul_m0r_reg_1[1].  Did not re-place instance gen_stages[2].stage_inst/b4/mul_m0r_reg_1_reg[1]/Q
INFO: [Physopt 32-662] Processed net gen_stages[3].stage_inst/gen_memory.mem/pipe_rdata_B0[3].  Did not re-place instance gen_stages[3].stage_inst/gen_memory.mem/pipe_rdata_B[3]_i_1/O
INFO: [Physopt 32-662] Processed net gen_stages[1].stage_inst/b4/pm1r/p_1_in[0].  Did not re-place instance gen_stages[1].stage_inst/b4/pm1r/cpa_a_pipe_reg[0][8]/Q
INFO: [Physopt 32-662] Processed net gen_stages[2].stage_inst/b4/pm1r_2/csa_sum_r[0].  Did not re-place instance gen_stages[2].stage_inst/b4/pm1r_2/csa_sum_r_reg[0]/Q
INFO: [Physopt 32-662] Processed net gen_stages[2].stage_inst/b4/pm0r_2/p_1_in[1].  Did not re-place instance gen_stages[2].stage_inst/b4/pm0r_2/cpa_a_pipe_reg[0][9]/Q
INFO: [Physopt 32-662] Processed net gen_stages[0].stage_inst/b4/mul_m1r_reg_1[1].  Did not re-place instance gen_stages[0].stage_inst/b4/mul_m1r_reg_1_reg[1]/Q
INFO: [Physopt 32-662] Processed net gen_stages[1].stage_inst/b4/pm1r/p_1_in[3].  Did not re-place instance gen_stages[1].stage_inst/b4/pm1r/cpa_a_pipe_reg[0][11]/Q
INFO: [Physopt 32-662] Processed net gen_stages[0].stage_inst/b4/mul_m0r_reg_1[1].  Did not re-place instance gen_stages[0].stage_inst/b4/mul_m0r_reg_1_reg[1]/Q
INFO: [Physopt 32-662] Processed net gen_stages[3].stage_inst/b4/pm1r/p_1_in[1].  Did not re-place instance gen_stages[3].stage_inst/b4/pm1r/cpa_a_pipe_reg[0][9]/Q
INFO: [Physopt 32-662] Processed net gen_stages[0].stage_inst/b4/pm0i_2/cpa_b_pipe_reg[0]__0[10].  Did not re-place instance gen_stages[0].stage_inst/b4/pm0i_2/cpa_b_pipe_reg[0][10]/Q
INFO: [Physopt 32-661] Optimized 24 nets.  Re-placed 54 instances.
INFO: [Physopt 32-775] End 1 Pass. Optimized 24 nets or cells. Created 0 new cell, deleted 0 existing cell and moved 54 existing cells
INFO: [Physopt 32-619] Estimated Timing Summary | WNS=-0.583 | TNS=-489.066 |
Netlist sorting complete. Time (s): cpu = 00:00:00.01 ; elapsed = 00:00:00.01 . Memory (MB): peak = 2609.594 ; gain = 0.000 ; free physical = 2626 ; free virtual = 15590
Phase 4 MultiInst Placement Optimization | Checksum: 85530d74

Time (s): cpu = 00:02:38 ; elapsed = 00:00:36 . Memory (MB): peak = 2609.594 ; gain = 7.031 ; free physical = 2626 ; free virtual = 15590

Phase 5 Rewire
INFO: [Physopt 32-246] Starting Signal Push optimization...
INFO: [Physopt 32-77] Pass 1. Identified 3 candidate nets for rewire optimization.
INFO: [Physopt 32-134] Processed net gen_stages[1].stage_inst/gen_input_logic.flush_count_reg[4]_0. Rewiring did not optimize the net.
INFO: [Physopt 32-134] Processed net gen_stages[2].stage_inst/gen_input_logic.flush_count_reg[4]_0. Rewiring did not optimize the net.
INFO: [Physopt 32-134] Processed net gen_stages[3].stage_inst/gen_input_logic.flush_count_reg[4]_0. Rewiring did not optimize the net.
INFO: [Physopt 32-232] Optimized 0 net. Created 0 new instance.
INFO: [Physopt 32-775] End 1 Pass. Optimized 0 net or cell. Created 0 new cell, deleted 0 existing cell and moved 0 existing cell
Netlist sorting complete. Time (s): cpu = 00:00:00 ; elapsed = 00:00:00.01 . Memory (MB): peak = 2617.598 ; gain = 0.000 ; free physical = 2638 ; free virtual = 15595
Netlist sorting complete. Time (s): cpu = 00:00:00 ; elapsed = 00:00:00 . Memory (MB): peak = 2617.598 ; gain = 0.000 ; free physical = 2638 ; free virtual = 15595
Phase 5 Rewire | Checksum: d8de448d

Time (s): cpu = 00:02:40 ; elapsed = 00:00:36 . Memory (MB): peak = 2617.598 ; gain = 15.035 ; free physical = 2638 ; free virtual = 15595

Phase 6 Critical Cell Optimization
INFO: [Physopt 32-46] Identified 30 candidate nets for critical-cell optimization.
INFO: [Physopt 32-572] Net gen_stages[0].stage_inst/b4/mul_m0r_reg_1[0] was not replicated.
Resolution: phys_opt_design can be forced to replicate a net driver using the option -force_replication_on_nets <list of net objects>.
INFO: [Physopt 32-601] Processed net gen_stages[1].stage_inst/b4/mul_m1i_reg_1[2]. Net driver gen_stages[1].stage_inst/b4/mul_m1i_reg_1_reg[2] was replaced.
INFO: [Physopt 32-601] Processed net gen_stages[0].stage_inst/b4/mul_m1r_reg_1[8]. Net driver gen_stages[0].stage_inst/b4/mul_m1r_reg_1_reg[8] was replaced.
INFO: [Physopt 32-572] Net gen_stages[2].stage_inst/b4/mul_m0r_reg_1[0] was not replicated.
Resolution: phys_opt_design can be forced to replicate a net driver using the option -force_replication_on_nets <list of net objects>.
INFO: [Physopt 32-601] Processed net gen_stages[1].stage_inst/b4/ar_reg_1[0]. Net driver gen_stages[1].stage_inst/b4/ar_reg_1_reg[0] was replaced.
INFO: [Physopt 32-572] Net gen_stages[1].stage_inst/b4/mul_m1i_reg_1[1] was not replicated.
Resolution: phys_opt_design can be forced to replicate a net driver using the option -force_replication_on_nets <list of net objects>.
INFO: [Physopt 32-601] Processed net gen_stages[0].stage_inst/b4/ar_reg_1[8]. Net driver gen_stages[0].stage_inst/b4/ar_reg_1_reg[8] was replaced.
INFO: [Physopt 32-572] Net gen_stages[2].stage_inst/b4/mul_m0r_reg_1[1] was not replicated.
Resolution: phys_opt_design can be forced to replicate a net driver using the option -force_replication_on_nets <list of net objects>.
INFO: [Physopt 32-601] Processed net gen_stages[1].stage_inst/b4/pm1r/p_1_in[0]. Net driver gen_stages[1].stage_inst/b4/pm1r/cpa_a_pipe_reg[0][8] was replaced.
INFO: [Physopt 32-81] Processed net gen_stages[2].stage_inst/b4/pm1r_2/csa_sum_r[0]. Replicated 1 times.
INFO: [Physopt 32-571] Net gen_stages[3].stage_inst/b4/p_0_in7_in[1] was not replicated.
INFO: [Physopt 32-571] Net gen_stages[2].stage_inst/b4/p_0_in6_in[6] was not replicated.
INFO: [Physopt 32-572] Net gen_stages[2].stage_inst/b4/pm0r_2/p_1_in[1] was not replicated.
Resolution: phys_opt_design can be forced to replicate a net driver using the option -force_replication_on_nets <list of net objects>.
INFO: [Physopt 32-601] Processed net gen_stages[2].stage_inst/b4/pm2r/csa_sum_r[0]. Net driver gen_stages[2].stage_inst/b4/pm2r/csa_sum_r_reg[0] was replaced.
INFO: [Physopt 32-572] Net gen_stages[0].stage_inst/b4/mul_m1r_reg_1[1] was not replicated.
Resolution: phys_opt_design can be forced to replicate a net driver using the option -force_replication_on_nets <list of net objects>.
INFO: [Physopt 32-601] Processed net gen_stages[1].stage_inst/b4/pm1r/p_1_in[3]. Net driver gen_stages[1].stage_inst/b4/pm1r/cpa_a_pipe_reg[0][11] was replaced.
INFO: [Physopt 32-572] Net gen_stages[0].stage_inst/b4/mul_m0r_reg_1[1] was not replicated.
Resolution: phys_opt_design can be forced to replicate a net driver using the option -force_replication_on_nets <list of net objects>.
INFO: [Physopt 32-601] Processed net gen_stages[3].stage_inst/b4/pm1r/p_1_in[1]. Net driver gen_stages[3].stage_inst/b4/pm1r/cpa_a_pipe_reg[0][9] was replaced.
INFO: [Physopt 32-572] Net gen_stages[0].stage_inst/b4/mul_m1r_reg_1[4] was not replicated.
Resolution: phys_opt_design can be forced to replicate a net driver using the option -force_replication_on_nets <list of net objects>.
INFO: [Physopt 32-601] Processed net gen_stages[2].stage_inst/b4/pm0i/csa_sum_r[7]. Net driver gen_stages[2].stage_inst/b4/pm0i/csa_sum_r_reg[7] was replaced.
INFO: [Physopt 32-572] Net gen_stages[0].stage_inst/b4/ar_reg_1[1] was not replicated.
Resolution: phys_opt_design can be forced to replicate a net driver using the option -force_replication_on_nets <list of net objects>.
INFO: [Physopt 32-601] Processed net gen_stages[0].stage_inst/b4/mul_m0r_reg_1[12]. Net driver gen_stages[0].stage_inst/b4/mul_m0r_reg_1_reg[12] was replaced.
INFO: [Physopt 32-601] Processed net gen_stages[1].stage_inst/b4/pm0i_2/p_1_in[1]. Net driver gen_stages[1].stage_inst/b4/pm0i_2/cpa_a_pipe_reg[0][9] was replaced.
INFO: [Physopt 32-601] Processed net gen_stages[2].stage_inst/b4/pm0r_2/p_1_in[3]. Net driver gen_stages[2].stage_inst/b4/pm0r_2/cpa_a_pipe_reg[0][11] was replaced.
INFO: [Physopt 32-81] Processed net gen_stages[3].stage_inst/input_real_1_r[15]. Replicated 1 times.
INFO: [Physopt 32-601] Processed net gen_stages[3].stage_inst/gen_memory.mem/mem_A_reg_0_63_31_31_i_1_n_0. Net driver gen_stages[3].stage_inst/gen_memory.mem/mem_A_reg_0_63_31_31_i_1 was replaced.
INFO: [Physopt 32-601] Processed net gen_stages[0].stage_inst/b4/p_0_in6_in[5]. Net driver gen_stages[0].stage_inst/b4/m1i_reg_reg[12] was replaced.
INFO: [Physopt 32-601] Processed net gen_stages[1].stage_inst/b4/pm1r_2/p_1_in[0]. Net driver gen_stages[1].stage_inst/b4/pm1r_2/cpa_a_pipe_reg[0][8] was replaced.
INFO: [Physopt 32-572] Net gen_stages[2].stage_inst/b4/pm0r_2/p_1_in[0] was not replicated.
Resolution: phys_opt_design can be forced to replicate a net driver using the option -force_replication_on_nets <list of net objects>.
INFO: [Physopt 32-232] Optimized 17 nets. Created 2 new instances.
INFO: [Physopt 32-775] End 1 Pass. Optimized 17 nets or cells. Created 2 new cells, deleted 0 existing cell and moved 0 existing cell
INFO: [Physopt 32-619] Estimated Timing Summary | WNS=-0.583 | TNS=-483.320 |
Netlist sorting complete. Time (s): cpu = 00:00:00.02 ; elapsed = 00:00:00.01 . Memory (MB): peak = 2617.598 ; gain = 0.000 ; free physical = 2630 ; free virtual = 15587
Phase 6 Critical Cell Optimization | Checksum: 46906884

Time (s): cpu = 00:02:52 ; elapsed = 00:00:39 . Memory (MB): peak = 2617.598 ; gain = 15.035 ; free physical = 2630 ; free virtual = 15586

Phase 7 Fanout Optimization
INFO: [Physopt 32-76] Pass 1. Identified 22 candidate nets for fanout optimization.
INFO: [Physopt 32-81] Processed net gen_stages[3].stage_inst/gen_memory.mem/ea_addr_D_reg__0[1]. Replicated 2 times.
INFO: [Physopt 32-81] Processed net gen_stages[3].stage_inst/gen_memory.mem/ea_addr_D_reg__0[0]. Replicated 4 times.
INFO: [Physopt 32-81] Processed net gen_stages_r_10_n_0. Replicated 2 times.
INFO: [Physopt 32-81] Processed net gen_stages[3].stage_inst/stride_segment_counter_reg[5]_repN_4. Replicated 1 times.
INFO: [Physopt 32-81] Processed net gen_stages_r_1_rep__1_n_0. Replicated 2 times.
INFO: [Physopt 32-572] Net gen_stages[3].stage_inst/gen_memory.mem/ea_addr_A_reg[0]_repN_4 was not replicated.
Resolution: phys_opt_design can be forced to replicate a net driver using the option -force_replication_on_nets <list of net objects>.
INFO: [Physopt 32-572] Net gen_stages[1].stage_inst/stride_segment_counter_reg[1]_repN_2 was not replicated.
Resolution: phys_opt_design can be forced to replicate a net driver using the option -force_replication_on_nets <list of net objects>.
INFO: [Physopt 32-81] Processed net gen_stages[3].stage_inst/b4/pm2i/b_pipe_reg[4][5]_0. Replicated 1 times.
INFO: [Physopt 32-81] Processed net gen_stages[2].stage_inst/twiddle_index_0_rrr[2]. Replicated 2 times.
INFO: [Physopt 32-81] Processed net gen_stages[2].stage_inst/stride_segment_counter_reg[3]. Replicated 5 times.
INFO: [Physopt 32-81] Processed net gen_stages[2].stage_inst/b4/pm1i/p_3_in[0]. Replicated 1 times.
INFO: [Physopt 32-81] Processed net gen_stages[2].stage_inst/b4/pm0i/b_pipe_reg[4][5]_0. Replicated 2 times.
INFO: [Physopt 32-81] Processed net gen_stages[2].stage_inst/b4/i___16_n_0. Replicated 1 times.
INFO: [Physopt 32-81] Processed net gen_stages[2].stage_inst/b4/pm1r/b_pipe_reg[4][5]_0. Replicated 2 times.
INFO: [Physopt 32-601] Processed net gen_stages[3].stage_inst/gen_memory.mem/ea_addr_D_reg__0[3]_repN_1. Net driver gen_stages[3].stage_inst/gen_memory.mem/ea_addr_D_reg[3]_replica_1 was replaced.
INFO: [Physopt 32-81] Processed net gen_stages[2].stage_inst/b4/pm2r/p_3_in[0]. Replicated 3 times.
INFO: [Physopt 32-81] Processed net gen_stages[2].stage_inst/b4/pm1i/b_pipe_reg[5][6]_0. Replicated 2 times.
INFO: [Physopt 32-81] Processed net gen_stages[1].stage_inst/b4/pm0r/p_5_in[0]. Replicated 3 times.
INFO: [Physopt 32-572] Net gen_stages[3].stage_inst/stride_segment_counter_reg[5]_repN_2 was not replicated.
Resolution: phys_opt_design can be forced to replicate a net driver using the option -force_replication_on_nets <list of net objects>.
INFO: [Physopt 32-572] Net gen_stages[0].stage_inst/b4/i___0_n_0_repN was not replicated.
Resolution: phys_opt_design can be forced to replicate a net driver using the option -force_replication_on_nets <list of net objects>.
INFO: [Physopt 32-601] Processed net gen_stages[3].stage_inst/gen_memory.mem/ea_addr_D_reg__0[3]_repN. Net driver gen_stages[3].stage_inst/gen_memory.mem/ea_addr_D_reg[3]_replica was replaced.
INFO: [Physopt 32-81] Processed net gen_stages[3].stage_inst/stride_segment_counter_reg[4]_repN_4. Replicated 1 times.
INFO: [Physopt 32-232] Optimized 18 nets. Created 34 new instances.
INFO: [Physopt 32-775] End 1 Pass. Optimized 18 nets or cells. Created 34 new cells, deleted 0 existing cell and moved 0 existing cell
INFO: [Physopt 32-619] Estimated Timing Summary | WNS=-0.583 | TNS=-471.978 |
Netlist sorting complete. Time (s): cpu = 00:00:00.08 ; elapsed = 00:00:00.08 . Memory (MB): peak = 2617.598 ; gain = 0.000 ; free physical = 2643 ; free virtual = 15591
Phase 7 Fanout Optimization | Checksum: c1c2285a

Time (s): cpu = 00:03:19 ; elapsed = 00:00:48 . Memory (MB): peak = 2617.598 ; gain = 15.035 ; free physical = 2643 ; free virtual = 15591

Phase 8 Placement Based Optimization
INFO: [Physopt 32-660] Identified 250 candidate nets for placement-based optimization.
INFO: [Physopt 32-662] Processed net gen_stages[0].stage_inst/b4/mul_m0r_reg_1[0].  Did not re-place instance gen_stages[0].stage_inst/b4/mul_m0r_reg_1_reg[0]
INFO: [Physopt 32-662] Processed net gen_stages[1].stage_inst/b4/mul_m1i_reg_1[2].  Did not re-place instance gen_stages[1].stage_inst/b4/mul_m1i_reg_1_reg[2]
INFO: [Physopt 32-662] Processed net gen_stages[0].stage_inst/b4/m0r_reg[7]_i_10_n_0.  Did not re-place instance gen_stages[0].stage_inst/b4/m0r_reg[7]_i_10
INFO: [Physopt 32-662] Processed net gen_stages[1].stage_inst/b4/m1i_reg[8]_i_9_n_0.  Did not re-place instance gen_stages[1].stage_inst/b4/m1i_reg[8]_i_9
INFO: [Physopt 32-662] Processed net gen_stages[2].stage_inst/b4/mul_m0r_reg_1[0].  Did not re-place instance gen_stages[2].stage_inst/b4/mul_m0r_reg_1_reg[0]
INFO: [Physopt 32-662] Processed net gen_stages[2].stage_inst/b4/i___45_n_0.  Did not re-place instance gen_stages[2].stage_inst/b4/i___45
INFO: [Physopt 32-662] Processed net gen_stages[1].stage_inst/b4/mul_m1i_reg_1[1].  Did not re-place instance gen_stages[1].stage_inst/b4/mul_m1i_reg_1_reg[1]
INFO: [Physopt 32-662] Processed net gen_stages[1].stage_inst/b4/m1i_reg[8]_i_10_n_0.  Did not re-place instance gen_stages[1].stage_inst/b4/m1i_reg[8]_i_10
INFO: [Physopt 32-662] Processed net gen_stages[2].stage_inst/b4/mul_m0r_reg_1[1].  Did not re-place instance gen_stages[2].stage_inst/b4/mul_m0r_reg_1_reg[1]
INFO: [Physopt 32-662] Processed net gen_stages[2].stage_inst/b4/i___46_n_0.  Did not re-place instance gen_stages[2].stage_inst/b4/i___46
INFO: [Physopt 32-662] Processed net gen_stages[3].stage_inst/b4/p_0_in7_in[1].  Did not re-place instance gen_stages[3].stage_inst/b4/m1r_reg_reg[8]
INFO: [Physopt 32-662] Processed net gen_stages[3].stage_inst/b4/t0r_reg[3]_i_4__2_n_0.  Did not re-place instance gen_stages[3].stage_inst/b4/t0r_reg[3]_i_4__2
INFO: [Physopt 32-662] Processed net gen_stages[2].stage_inst/b4/p_0_in6_in[6].  Did not re-place instance gen_stages[2].stage_inst/b4/m1i_reg_reg[13]
INFO: [Physopt 32-662] Processed net gen_stages[2].stage_inst/b4/pm0r_2/p_1_in[1].  Did not re-place instance gen_stages[2].stage_inst/b4/pm0r_2/cpa_a_pipe_reg[0][9]
INFO: [Physopt 32-662] Processed net gen_stages[2].stage_inst/b4/pm0r_2/cpa_result_pipe_reg[2][11]_srl2___gen_stages_r_0_i_4__0_n_0.  Did not re-place instance gen_stages[2].stage_inst/b4/pm0r_2/cpa_result_pipe_reg[2][11]_srl2___gen_stages_r_0_i_4__0
INFO: [Physopt 32-662] Processed net gen_stages[2].stage_inst/b4/t0i_reg[7]_i_3__1_n_0.  Did not re-place instance gen_stages[2].stage_inst/b4/t0i_reg[7]_i_3__1
INFO: [Physopt 32-662] Processed net gen_stages[2].stage_inst/b4/pm0r_2/cpa_result_pipe_reg[2][12]_srl2___gen_stages_r_0_n_0.  Did not re-place instance gen_stages[2].stage_inst/b4/pm0r_2/cpa_result_pipe_reg[2][12]_srl2___gen_stages_r_0
INFO: [Physopt 32-662] Processed net gen_stages[0].stage_inst/b4/mul_m1r_reg_1[1].  Did not re-place instance gen_stages[0].stage_inst/b4/mul_m1r_reg_1_reg[1]
INFO: [Physopt 32-662] Processed net gen_stages[0].stage_inst/b4/m1r_reg[7]_i_9_n_0.  Did not re-place instance gen_stages[0].stage_inst/b4/m1r_reg[7]_i_9
INFO: [Physopt 32-662] Processed net gen_stages[1].stage_inst/b4/t0r_reg[3]_i_2__0_n_0.  Did not re-place instance gen_stages[1].stage_inst/b4/t0r_reg[3]_i_2__0
INFO: [Physopt 32-662] Processed net gen_stages[0].stage_inst/b4/mul_m0r_reg_1[1].  Did not re-place instance gen_stages[0].stage_inst/b4/mul_m0r_reg_1_reg[1]
INFO: [Physopt 32-662] Processed net gen_stages[0].stage_inst/b4/pm2r/cpa_result_pipe_reg[2][15]_srl2___gen_stages_r_0_i_4_n_0.  Did not re-place instance gen_stages[0].stage_inst/b4/pm2r/cpa_result_pipe_reg[2][15]_srl2___gen_stages_r_0_i_4
INFO: [Physopt 32-662] Processed net gen_stages[2].stage_inst/b4/p_1_in1_in[14].  Did not re-place instance gen_stages[2].stage_inst/b4/m0r_reg_reg[21]
INFO: [Physopt 32-662] Processed net gen_stages[1].stage_inst/b4/pm2i_2/cpa_result_pipe_reg[2][11]_srl2___gen_stages_r_0_i_4_n_0.  Did not re-place instance gen_stages[1].stage_inst/b4/pm2i_2/cpa_result_pipe_reg[2][11]_srl2___gen_stages_r_0_i_4
INFO: [Physopt 32-662] Processed net gen_stages[1].stage_inst/b4/pm1r/cpa_result_pipe_reg[2][11]_srl2___gen_stages_r_0_i_4__0_n_0.  Did not re-place instance gen_stages[1].stage_inst/b4/pm1r/cpa_result_pipe_reg[2][11]_srl2___gen_stages_r_0_i_4__0
INFO: [Physopt 32-662] Processed net gen_stages[1].stage_inst/b4/pm1r/cpa_result_pipe_reg[2][15]_srl2___gen_stages_r_0_n_0.  Did not re-place instance gen_stages[1].stage_inst/b4/pm1r/cpa_result_pipe_reg[2][15]_srl2___gen_stages_r_0
INFO: [Physopt 32-662] Processed net gen_stages[2].stage_inst/b4/pm0r_2/cpa_result_pipe_reg[2][11]_srl2___gen_stages_r_0_n_0.  Did not re-place instance gen_stages[2].stage_inst/b4/pm0r_2/cpa_result_pipe_reg[2][11]_srl2___gen_stages_r_0
INFO: [Physopt 32-662] Processed net gen_stages[2].stage_inst/b4/pm0r_2/p_1_in[0].  Did not re-place instance gen_stages[2].stage_inst/b4/pm0r_2/cpa_a_pipe_reg[0][8]
INFO: [Physopt 32-662] Processed net gen_stages[2].stage_inst/b4/pm1r_2/csa_sum_r[0]_repN.  Did not re-place instance gen_stages[2].stage_inst/b4/pm1r_2/csa_sum_r_reg[0]_replica
INFO: [Physopt 32-662] Processed net gen_stages[2].stage_inst/b4/pm0r_2/cpa_result_pipe_reg[2][11]_srl2___gen_stages_r_0_i_5__0_n_0.  Did not re-place instance gen_stages[2].stage_inst/b4/pm0r_2/cpa_result_pipe_reg[2][11]_srl2___gen_stages_r_0_i_5__0
INFO: [Physopt 32-662] Processed net gen_stages[2].stage_inst/b4/pm1r_2/cpa_result_pipe_reg[2][3]_srl3___gen_stages_r_1_i_5_n_0.  Did not re-place instance gen_stages[2].stage_inst/b4/pm1r_2/cpa_result_pipe_reg[2][3]_srl3___gen_stages_r_1_i_5
INFO: [Physopt 32-662] Processed net gen_stages[2].stage_inst/b4/pm1r_2/cpa_result_pipe_reg[2][5]_srl3___gen_stages_r_1_n_0.  Did not re-place instance gen_stages[2].stage_inst/b4/pm1r_2/cpa_result_pipe_reg[2][5]_srl3___gen_stages_r_1
INFO: [Physopt 32-662] Processed net gen_stages[1].stage_inst/b4/p_0_in7_in[1].  Did not re-place instance gen_stages[1].stage_inst/b4/m1r_reg_reg[8]
INFO: [Physopt 32-662] Processed net gen_stages[1].stage_inst/b4/t0r_reg[3]_i_4__0_n_0.  Did not re-place instance gen_stages[1].stage_inst/b4/t0r_reg[3]_i_4__0
INFO: [Physopt 32-662] Processed net gen_stages[3].stage_inst/b4/pm2i_2/sum_pipe_reg[5][2]_srl4___gen_stages_r_2_n_0.  Did not re-place instance gen_stages[3].stage_inst/b4/pm2i_2/sum_pipe_reg[5][2]_srl4___gen_stages_r_2
INFO: [Physopt 32-662] Processed net gen_stages[0].stage_inst/b4/mul_m1r_reg_1[0].  Did not re-place instance gen_stages[0].stage_inst/b4/mul_m1r_reg_1_reg[0]
INFO: [Physopt 32-662] Processed net gen_stages[0].stage_inst/b4/m1r_reg[7]_i_10_n_0.  Did not re-place instance gen_stages[0].stage_inst/b4/m1r_reg[7]_i_10
INFO: [Physopt 32-662] Processed net gen_stages[3].stage_inst/b4/pm2r_2/cpa_result_pipe_reg[2][11]_srl2___gen_stages_r_0_i_5__1_n_0.  Did not re-place instance gen_stages[3].stage_inst/b4/pm2r_2/cpa_result_pipe_reg[2][11]_srl2___gen_stages_r_0_i_5__1
INFO: [Physopt 32-662] Processed net gen_stages[0].stage_inst/b4/m1r_reg[7]_i_6_n_0.  Did not re-place instance gen_stages[0].stage_inst/b4/m1r_reg[7]_i_6
INFO: [Physopt 32-662] Processed net gen_stages[2].stage_inst/b4/mul_m1i_reg_1[0].  Did not re-place instance gen_stages[2].stage_inst/b4/mul_m1i_reg_1_reg[0]
INFO: [Physopt 32-662] Processed net gen_stages[1].stage_inst/b4/pm0i/cpa_result_pipe_reg[2][4]_srl3___gen_stages_r_1_i_4_n_0.  Did not re-place instance gen_stages[1].stage_inst/b4/pm0i/cpa_result_pipe_reg[2][4]_srl3___gen_stages_r_1_i_4
INFO: [Physopt 32-662] Processed net gen_stages[1].stage_inst/b4/pm0i/cpa_result_pipe_reg[2][6]_srl3___gen_stages_r_1_n_0.  Did not re-place instance gen_stages[1].stage_inst/b4/pm0i/cpa_result_pipe_reg[2][6]_srl3___gen_stages_r_1
INFO: [Physopt 32-662] Processed net gen_stages[0].stage_inst/SR[0].  Did not re-place instance gen_stages[0].stage_inst/gen_input_logic.stride_segment_counter[1]_i_1
INFO: [Physopt 32-662] Processed net gen_stages[0].stage_inst/b4/ar_reg_1[1].  Did not re-place instance gen_stages[0].stage_inst/b4/ar_reg_1_reg[1]
INFO: [Physopt 32-662] Processed net gen_stages[1].stage_inst/gen_input_logic.flush_count_reg[4]_0.  Did not re-place instance gen_stages[1].stage_inst/gen_input_logic.stride_segment_counter[1]_i_3
INFO: [Physopt 32-662] Processed net gen_stages[1].stage_inst/b4/pm1r/p_1_in[0].  Did not re-place instance gen_stages[1].stage_inst/b4/pm1r/cpa_a_pipe_reg[0][8]
INFO: [Physopt 32-662] Processed net gen_stages[0].stage_inst/b4/t0r_reg[3]_i_4_n_0.  Did not re-place instance gen_stages[0].stage_inst/b4/t0r_reg[3]_i_4
INFO: [Physopt 32-662] Processed net gen_stages[1].stage_inst/b4/pm1r/cpa_result_pipe_reg[2][11]_srl2___gen_stages_r_0_i_5_n_0.  Did not re-place instance gen_stages[1].stage_inst/b4/pm1r/cpa_result_pipe_reg[2][11]_srl2___gen_stages_r_0_i_5
INFO: [Physopt 32-662] Processed net gen_stages[3].stage_inst/b4/m1i_reg[7]_i_9__0_n_0.  Did not re-place instance gen_stages[3].stage_inst/b4/m1i_reg[7]_i_9__0
INFO: [Physopt 32-662] Processed net gen_stages[2].stage_inst/b4/p_0_in6_in[2].  Did not re-place instance gen_stages[2].stage_inst/b4/m1i_reg_reg[9]
INFO: [Physopt 32-662] Processed net gen_stages[3].stage_inst/b4/p_0_in7_in[0].  Did not re-place instance gen_stages[3].stage_inst/b4/m1r_reg_reg[7]
INFO: [Physopt 32-662] Processed net gen_stages[2].stage_inst/b4/t0i_reg[3]_i_3__1_n_0.  Did not re-place instance gen_stages[2].stage_inst/b4/t0i_reg[3]_i_3__1
INFO: [Physopt 32-662] Processed net gen_stages[3].stage_inst/b4/i___85_n_0.  Did not re-place instance gen_stages[3].stage_inst/b4/i___85
INFO: [Physopt 32-662] Processed net gen_stages[3].stage_inst/b4/pm2r/w2re[6].  Did not re-place instance gen_stages[3].stage_inst/b4/pm2r/b_pipe_reg[3][6]_srl5___gen_stages_r_3_i_1__7
INFO: [Physopt 32-662] Processed net gen_stages[3].stage_inst/b4/pm2r/b_pipe_reg[3][6]_srl5___gen_stages_r_3_n_0.  Did not re-place instance gen_stages[3].stage_inst/b4/pm2r/b_pipe_reg[3][6]_srl5___gen_stages_r_3
INFO: [Physopt 32-662] Processed net gen_stages[3].stage_inst/b4/pm1i_2/cpa_result_pipe_reg[2][3]_srl3___gen_stages_r_1_i_5__1_n_0.  Did not re-place instance gen_stages[3].stage_inst/b4/pm1i_2/cpa_result_pipe_reg[2][3]_srl3___gen_stages_r_1_i_5__1
INFO: [Physopt 32-662] Processed net gen_stages[3].stage_inst/b4/t1i_reg[13].  Did not re-place instance gen_stages[3].stage_inst/b4/t1i_reg_reg[13]
INFO: [Physopt 32-662] Processed net gen_stages[3].stage_inst/b4/p_0_in6_in[4].  Did not re-place instance gen_stages[3].stage_inst/b4/m1i_reg_reg[11]
INFO: [Physopt 32-662] Processed net gen_stages[3].stage_inst/b4/p_0_in7_in[4].  Did not re-place instance gen_stages[3].stage_inst/b4/m1r_reg_reg[11]
INFO: [Physopt 32-662] Processed net gen_stages[2].stage_inst/b4/p_0_in6_in[7].  Did not re-place instance gen_stages[2].stage_inst/b4/m1i_reg_reg[14]
INFO: [Physopt 32-662] Processed net gen_stages[2].stage_inst/b4/pm2i_2/cpa_result_pipe_reg[2][11]_srl2___gen_stages_r_0_i_5__0_n_0.  Did not re-place instance gen_stages[2].stage_inst/b4/pm2i_2/cpa_result_pipe_reg[2][11]_srl2___gen_stages_r_0_i_5__0
INFO: [Physopt 32-662] Processed net gen_stages[2].stage_inst/b4/t0i_reg[7]_i_2__1_n_0.  Did not re-place instance gen_stages[2].stage_inst/b4/t0i_reg[7]_i_2__1
INFO: [Physopt 32-662] Processed net gen_stages[0].stage_inst/b4/t0r_reg[3]_i_5_n_0.  Did not re-place instance gen_stages[0].stage_inst/b4/t0r_reg[3]_i_5
INFO: [Physopt 32-662] Processed net gen_stages[3].stage_inst/b4/m1i_reg[7]_i_5__0_n_0.  Did not re-place instance gen_stages[3].stage_inst/b4/m1i_reg[7]_i_5__0
INFO: [Physopt 32-662] Processed net gen_stages[1].stage_inst/b4/t0r_reg[7]_i_5__0_n_0.  Did not re-place instance gen_stages[1].stage_inst/b4/t0r_reg[7]_i_5__0
INFO: [Physopt 32-662] Processed net gen_stages[3].stage_inst/b4/pm2r/b_pipe_reg[0][3]_srl2___gen_stages_r_0_i_5_n_0.  Did not re-place instance gen_stages[3].stage_inst/b4/pm2r/b_pipe_reg[0][3]_srl2___gen_stages_r_0_i_5
INFO: [Physopt 32-662] Processed net gen_stages[3].stage_inst/b4/pm2r/b_pipe_reg[0][3]_srl2___gen_stages_r_0_n_0.  Did not re-place instance gen_stages[3].stage_inst/b4/pm2r/b_pipe_reg[0][3]_srl2___gen_stages_r_0
INFO: [Physopt 32-662] Processed net gen_stages[1].stage_inst/b4/pm0i/csa_sum_r[2].  Did not re-place instance gen_stages[1].stage_inst/b4/pm0i/csa_sum_r_reg[2]
INFO: [Physopt 32-662] Processed net gen_stages[1].stage_inst/b4/p_0_in7_in[2].  Did not re-place instance gen_stages[1].stage_inst/b4/m1r_reg_reg[9]
INFO: [Physopt 32-662] Processed net gen_stages[1].stage_inst/b4/t0r_reg[3]_i_3__0_n_0.  Did not re-place instance gen_stages[1].stage_inst/b4/t0r_reg[3]_i_3__0
INFO: [Physopt 32-662] Processed net gen_stages[2].stage_inst/b4/p_0_in_0[14].  Did not re-place instance gen_stages[2].stage_inst/b4/m2i_reg_reg[21]
INFO: [Physopt 32-662] Processed net gen_stages[1].stage_inst/b4/pm2r/cpa_result_pipe_reg[2][11]_srl2___gen_stages_r_0_i_4__0_n_0.  Did not re-place instance gen_stages[1].stage_inst/b4/pm2r/cpa_result_pipe_reg[2][11]_srl2___gen_stages_r_0_i_4__0
INFO: [Physopt 32-662] Processed net gen_stages[0].stage_inst/b4/pm0i_2/product_reg[19]_srl2___gen_stages_r_0_i_4_n_0.  Did not re-place instance gen_stages[0].stage_inst/b4/pm0i_2/product_reg[19]_srl2___gen_stages_r_0_i_4
INFO: [Physopt 32-662] Processed net gen_stages[0].stage_inst/b4/pm0i_2/cpa_a_pipe_reg[1][21]_1.  Did not re-place instance gen_stages[0].stage_inst/b4/pm0i_2/product_reg[21]_srl2___gen_stages_r_0
INFO: [Physopt 32-662] Processed net gen_stages[1].stage_inst/SR[0].  Did not re-place instance gen_stages[1].stage_inst/gen_input_logic.stride_segment_counter[3]_i_1
INFO: [Physopt 32-662] Processed net gen_stages[3].stage_inst/b4/pm2r_2/cpa_result_pipe_reg[2][11]_srl2___gen_stages_r_0_i_4__1_n_0.  Did not re-place instance gen_stages[3].stage_inst/b4/pm2r_2/cpa_result_pipe_reg[2][11]_srl2___gen_stages_r_0_i_4__1
INFO: [Physopt 32-662] Processed net gen_stages[2].stage_inst/b4/pm1i_2/csa_sum_r[0].  Did not re-place instance gen_stages[2].stage_inst/b4/pm1i_2/csa_sum_r_reg[0]
INFO: [Physopt 32-662] Processed net gen_stages[3].stage_inst/b4/p_0_in6_in[5].  Did not re-place instance gen_stages[3].stage_inst/b4/m1i_reg_reg[12]
INFO: [Physopt 32-662] Processed net gen_stages[0].stage_inst/b4/m0r_reg[11]_i_4_n_0.  Did not re-place instance gen_stages[0].stage_inst/b4/m0r_reg[11]_i_4
INFO: [Physopt 32-662] Processed net gen_stages[2].stage_inst/b4/pm1i_2/cpa_result_pipe_reg[2][3]_srl3___gen_stages_r_1_i_5__0_n_0.  Did not re-place instance gen_stages[2].stage_inst/b4/pm1i_2/cpa_result_pipe_reg[2][3]_srl3___gen_stages_r_1_i_5__0
INFO: [Physopt 32-662] Processed net gen_stages[1].stage_inst/b4/pm0r_2/cpa_result_pipe_reg[2][11]_srl2___gen_stages_r_0_i_4_n_0.  Did not re-place instance gen_stages[1].stage_inst/b4/pm0r_2/cpa_result_pipe_reg[2][11]_srl2___gen_stages_r_0_i_4
INFO: [Physopt 32-662] Processed net gen_stages[1].stage_inst/b4/pm2r/cpa_result_pipe_reg[2][15]_srl2___gen_stages_r_0_i_5__0_n_0.  Did not re-place instance gen_stages[1].stage_inst/b4/pm2r/cpa_result_pipe_reg[2][15]_srl2___gen_stages_r_0_i_5__0
INFO: [Physopt 32-662] Processed net gen_stages[2].stage_inst/b4/pm2r_2/cpa_result_pipe_reg[2][3]_srl3___gen_stages_r_1_i_5__0_n_0.  Did not re-place instance gen_stages[2].stage_inst/b4/pm2r_2/cpa_result_pipe_reg[2][3]_srl3___gen_stages_r_1_i_5__0
INFO: [Physopt 32-662] Processed net gen_stages[3].stage_inst/b4/pm2r/cpa_result_pipe_reg[2][11]_srl2___gen_stages_r_0_i_4__2_n_0.  Did not re-place instance gen_stages[3].stage_inst/b4/pm2r/cpa_result_pipe_reg[2][11]_srl2___gen_stages_r_0_i_4__2
INFO: [Physopt 32-662] Processed net gen_stages[3].stage_inst/b4/pm2r/cpa_result_pipe_reg[2][12]_srl2___gen_stages_r_0_n_0.  Did not re-place instance gen_stages[3].stage_inst/b4/pm2r/cpa_result_pipe_reg[2][12]_srl2___gen_stages_r_0
INFO: [Physopt 32-662] Processed net gen_stages[3].stage_inst/b4/pm0r_2/cpa_result_pipe_reg[2][3]_srl3___gen_stages_r_1_i_5__0_n_0.  Did not re-place instance gen_stages[3].stage_inst/b4/pm0r_2/cpa_result_pipe_reg[2][3]_srl3___gen_stages_r_1_i_5__0
INFO: [Physopt 32-662] Processed net gen_stages[3].stage_inst/b4/pm0r_2/cpa_result_pipe_reg[2][5]_srl3___gen_stages_r_1_n_0.  Did not re-place instance gen_stages[3].stage_inst/b4/pm0r_2/cpa_result_pipe_reg[2][5]_srl3___gen_stages_r_1
INFO: [Physopt 32-662] Processed net gen_stages[0].stage_inst/b4/t0r_reg[7]_i_5_n_0.  Did not re-place instance gen_stages[0].stage_inst/b4/t0r_reg[7]_i_5
INFO: [Physopt 32-662] Processed net gen_stages[1].stage_inst/b4/p_1_in1_in[5].  Did not re-place instance gen_stages[1].stage_inst/b4/m0r_reg_reg[12]
INFO: [Physopt 32-662] Processed net gen_stages[1].stage_inst/b4/t2r_reg[11].  Did not re-place instance gen_stages[1].stage_inst/b4/t2r_reg_reg[11]
INFO: [Physopt 32-662] Processed net gen_stages[1].stage_inst/b4/t2r_reg[7]_i_4__0_n_0.  Did not re-place instance gen_stages[1].stage_inst/b4/t2r_reg[7]_i_4__0
INFO: [Physopt 32-662] Processed net gen_stages[0].stage_inst/b4/m1r_reg[11]_i_4_n_0.  Did not re-place instance gen_stages[0].stage_inst/b4/m1r_reg[11]_i_4
INFO: [Physopt 32-662] Processed net gen_stages[2].stage_inst/b4/pm0i/cpa_carry_pipe_reg[0]__0.  Did not re-place instance gen_stages[2].stage_inst/b4/pm0i/cpa_carry_pipe_reg[0]
INFO: [Physopt 32-662] Processed net gen_stages[2].stage_inst/b4/pm0i/cpa_result_pipe_reg[2][3]_srl3___gen_stages_r_1_i_5_n_0.  Did not re-place instance gen_stages[2].stage_inst/b4/pm0i/cpa_result_pipe_reg[2][3]_srl3___gen_stages_r_1_i_5
INFO: [Physopt 32-662] Processed net gen_stages[2].stage_inst/b4/p_0_in6_in[5].  Did not re-place instance gen_stages[2].stage_inst/b4/m1i_reg_reg[12]
INFO: [Physopt 32-662] Processed net gen_stages[0].stage_inst/b4/m1r_reg[7]_i_8_n_0.  Did not re-place instance gen_stages[0].stage_inst/b4/m1r_reg[7]_i_8
INFO: [Physopt 32-662] Processed net gen_stages[0].stage_inst/b4/t0i_reg[3]_i_4_n_0.  Did not re-place instance gen_stages[0].stage_inst/b4/t0i_reg[3]_i_4
INFO: [Physopt 32-662] Processed net gen_stages[2].stage_inst/b4/t0i_reg[7]_i_4__1_n_0.  Did not re-place instance gen_stages[2].stage_inst/b4/t0i_reg[7]_i_4__1
INFO: [Physopt 32-662] Processed net gen_stages[3].stage_inst/b4/pm0r_2/cpa_result_pipe_reg[2][3]_srl3___gen_stages_r_1_i_2__0_n_0.  Did not re-place instance gen_stages[3].stage_inst/b4/pm0r_2/cpa_result_pipe_reg[2][3]_srl3___gen_stages_r_1_i_2__0
INFO: [Physopt 32-662] Processed net gen_stages[0].stage_inst/b4/pm2r/p_1_in[1].  Did not re-place instance gen_stages[0].stage_inst/b4/pm2r/cpa_a_pipe_reg[0][9]
INFO: [Physopt 32-662] Processed net gen_stages[2].stage_inst/b4/mul_m0r_reg_1[5].  Did not re-place instance gen_stages[2].stage_inst/b4/mul_m0r_reg_1_reg[5]
INFO: [Physopt 32-662] Processed net gen_stages[0].stage_inst/b4/pm2r/cpa_result_pipe_reg[2][11]_srl2___gen_stages_r_0_i_4_n_0.  Did not re-place instance gen_stages[0].stage_inst/b4/pm2r/cpa_result_pipe_reg[2][11]_srl2___gen_stages_r_0_i_4
INFO: [Physopt 32-662] Processed net gen_stages[0].stage_inst/b4/t0i_reg[7]_i_5_n_0.  Did not re-place instance gen_stages[0].stage_inst/b4/t0i_reg[7]_i_5
INFO: [Physopt 32-662] Processed net gen_stages[2].stage_inst/b4/i___49_n_0.  Did not re-place instance gen_stages[2].stage_inst/b4/i___49
INFO: [Physopt 32-662] Processed net gen_stages[2].stage_inst/b4/i___50_n_0.  Did not re-place instance gen_stages[2].stage_inst/b4/i___50
INFO: [Physopt 32-662] Processed net gen_stages[0].stage_inst/b4/m0r_reg[7]_i_9_n_0.  Did not re-place instance gen_stages[0].stage_inst/b4/m0r_reg[7]_i_9
INFO: [Physopt 32-662] Processed net gen_stages[2].stage_inst/b4/t0i_reg[11]_i_3__1_n_0.  Did not re-place instance gen_stages[2].stage_inst/b4/t0i_reg[11]_i_3__1
INFO: [Physopt 32-662] Processed net gen_stages[0].stage_inst/b4/t0r_reg[11]_i_4_n_0.  Did not re-place instance gen_stages[0].stage_inst/b4/t0r_reg[11]_i_4
INFO: [Physopt 32-662] Processed net gen_stages[0].stage_inst/b4/t0r_reg[11]_i_5_n_0.  Did not re-place instance gen_stages[0].stage_inst/b4/t0r_reg[11]_i_5
INFO: [Physopt 32-662] Processed net gen_stages[1].stage_inst/b4/mul_m0r_reg_1[2].  Did not re-place instance gen_stages[1].stage_inst/b4/mul_m0r_reg_1_reg[2]
INFO: [Physopt 32-662] Processed net gen_stages[2].stage_inst/b4/mul_m0r_reg_1[8].  Did not re-place instance gen_stages[2].stage_inst/b4/mul_m0r_reg_1_reg[8]
INFO: [Physopt 32-662] Processed net gen_stages[1].stage_inst/b4/i___42_n_0.  Did not re-place instance gen_stages[1].stage_inst/b4/i___42
INFO: [Physopt 32-662] Processed net gen_stages[1].stage_inst/b4/pm1i/cpa_result_pipe_reg[2][11]_srl2___gen_stages_r_0_i_2_n_0.  Did not re-place instance gen_stages[1].stage_inst/b4/pm1i/cpa_result_pipe_reg[2][11]_srl2___gen_stages_r_0_i_2
INFO: [Physopt 32-662] Processed net gen_stages[2].stage_inst/b4/p_1_in1_in[15].  Did not re-place instance gen_stages[2].stage_inst/b4/m0r_reg_reg[22]
INFO: [Physopt 32-662] Processed net gen_stages[1].stage_inst/b4/pm1i/cpa_result_pipe_reg[2][15]_srl2___gen_stages_r_0_n_0.  Did not re-place instance gen_stages[1].stage_inst/b4/pm1i/cpa_result_pipe_reg[2][15]_srl2___gen_stages_r_0
INFO: [Physopt 32-662] Processed net gen_stages[0].stage_inst/b4/pm0i_2/product_reg[19]_srl2___gen_stages_r_0_i_5_n_0.  Did not re-place instance gen_stages[0].stage_inst/b4/pm0i_2/product_reg[19]_srl2___gen_stages_r_0_i_5
INFO: [Physopt 32-662] Processed net gen_stages[1].stage_inst/b4/pm2r/cpa_result_pipe_reg[2][15]_srl2___gen_stages_r_0_i_4__0_n_0.  Did not re-place instance gen_stages[1].stage_inst/b4/pm2r/cpa_result_pipe_reg[2][15]_srl2___gen_stages_r_0_i_4__0
INFO: [Physopt 32-662] Processed net gen_stages[2].stage_inst/b4/pm2i_2/cpa_result_pipe_reg[2][7]_srl3___gen_stages_r_1_i_5__0_n_0.  Did not re-place instance gen_stages[2].stage_inst/b4/pm2i_2/cpa_result_pipe_reg[2][7]_srl3___gen_stages_r_1_i_5__0
INFO: [Physopt 32-662] Processed net gen_stages[2].stage_inst/b4/mul_m0r_reg_1[6].  Did not re-place instance gen_stages[2].stage_inst/b4/mul_m0r_reg_1_reg[6]
INFO: [Physopt 32-662] Processed net gen_stages[2].stage_inst/b4/pm1i_2/csa_sum_r[7].  Did not re-place instance gen_stages[2].stage_inst/b4/pm1i_2/csa_sum_r_reg[7]
INFO: [Physopt 32-662] Processed net gen_stages[0].stage_inst/b4/t0i_reg[7]_i_3_n_0.  Did not re-place instance gen_stages[0].stage_inst/b4/t0i_reg[7]_i_3
INFO: [Physopt 32-662] Processed net gen_stages[2].stage_inst/b4/pm1i_2/cpa_result_pipe_reg[2][7]_srl3___gen_stages_r_1_i_2__0_n_0.  Did not re-place instance gen_stages[2].stage_inst/b4/pm1i_2/cpa_result_pipe_reg[2][7]_srl3___gen_stages_r_1_i_2__0
INFO: [Physopt 32-662] Processed net gen_stages[1].stage_inst/b4/p_1_in1_in[4].  Did not re-place instance gen_stages[1].stage_inst/b4/m0r_reg_reg[11]
INFO: [Physopt 32-662] Processed net gen_stages[0].stage_inst/b4/mul_m1r_reg_1[6].  Did not re-place instance gen_stages[0].stage_inst/b4/mul_m1r_reg_1_reg[6]
INFO: [Physopt 32-662] Processed net gen_stages[0].stage_inst/b4/m1r_reg[7]_i_4_n_0.  Did not re-place instance gen_stages[0].stage_inst/b4/m1r_reg[7]_i_4
INFO: [Physopt 32-662] Processed net gen_stages[2].stage_inst/b4/t2r_reg[11]_i_3__1_n_0.  Did not re-place instance gen_stages[2].stage_inst/b4/t2r_reg[11]_i_3__1
INFO: [Physopt 32-662] Processed net gen_stages[2].stage_inst/b4/t2r_reg[13].  Did not re-place instance gen_stages[2].stage_inst/b4/t2r_reg_reg[13]
INFO: [Physopt 32-662] Processed net gen_stages[1].stage_inst/b4/mul_m1i_reg_1[6].  Did not re-place instance gen_stages[1].stage_inst/b4/mul_m1i_reg_1_reg[6]
INFO: [Physopt 32-661] Optimized 122 nets.  Re-placed 122 instances.
INFO: [Physopt 32-775] End 1 Pass. Optimized 122 nets or cells. Created 0 new cell, deleted 0 existing cell and moved 122 existing cells
INFO: [Physopt 32-619] Estimated Timing Summary | WNS=-0.557 | TNS=-446.175 |
Netlist sorting complete. Time (s): cpu = 00:00:00 ; elapsed = 00:00:00 . Memory (MB): peak = 2617.598 ; gain = 0.000 ; free physical = 2627 ; free virtual = 15581
Phase 8 Placement Based Optimization | Checksum: 123c517ed

Time (s): cpu = 00:04:19 ; elapsed = 00:00:59 . Memory (MB): peak = 2617.598 ; gain = 15.035 ; free physical = 2627 ; free virtual = 15581

Phase 9 MultiInst Placement Optimization
INFO: [Physopt 32-660] Identified 100 candidate nets for placement-based optimization.
INFO: [Physopt 32-662] Processed net gen_stages[2].stage_inst/b4/pm0r_2/p_1_in[1].  Did not re-place instance gen_stages[2].stage_inst/b4/pm0r_2/cpa_a_pipe_reg[0][9]/Q
INFO: [Physopt 32-662] Processed net gen_stages[2].stage_inst/b4/mul_m0r_reg_1[0].  Did not re-place instance gen_stages[2].stage_inst/b4/mul_m0r_reg_1_reg[0]/Q
INFO: [Physopt 32-662] Processed net gen_stages[2].stage_inst/b4/p_1_in1_in[13].  Did not re-place instance gen_stages[2].stage_inst/b4/m0r_reg_reg[20]/Q
INFO: [Physopt 32-662] Processed net gen_stages[2].stage_inst/b4/pm0r_2/p_1_in[0].  Did not re-place instance gen_stages[2].stage_inst/b4/pm0r_2/cpa_a_pipe_reg[0][8]/Q
INFO: [Physopt 32-662] Processed net gen_stages[2].stage_inst/b4/pm1r_2/csa_sum_r[0]_repN.  Did not re-place instance gen_stages[2].stage_inst/b4/pm1r_2/csa_sum_r_reg[0]_replica/Q
INFO: [Physopt 32-662] Processed net gen_stages[2].stage_inst/b4/mul_m0r_reg_1[1].  Did not re-place instance gen_stages[2].stage_inst/b4/mul_m0r_reg_1_reg[1]/Q
INFO: [Physopt 32-662] Processed net gen_stages[1].stage_inst/b4/pm1r/p_1_in[0].  Did not re-place instance gen_stages[1].stage_inst/b4/pm1r/cpa_a_pipe_reg[0][8]/Q
INFO: [Physopt 32-662] Processed net gen_stages[1].stage_inst/b4/pm0i/csa_sum_r[2].  Did not re-place instance gen_stages[1].stage_inst/b4/pm0i/csa_sum_r_reg[2]/Q
INFO: [Physopt 32-662] Processed net gen_stages[1].stage_inst/b4/p_1_in1_in[5].  Did not re-place instance gen_stages[1].stage_inst/b4/m0r_reg_reg[12]/Q
INFO: [Physopt 32-662] Processed net gen_stages[1].stage_inst/b4/p_0_in7_in[2].  Did not re-place instance gen_stages[1].stage_inst/b4/m1r_reg_reg[9]/Q
INFO: [Physopt 32-662] Processed net gen_stages[0].stage_inst/b4/mul_m0r_reg_1[0].  Did not re-place instance gen_stages[0].stage_inst/b4/mul_m0r_reg_1_reg[0]/Q
INFO: [Physopt 32-662] Processed net gen_stages[1].stage_inst/b4/mul_m1i_reg_1[2].  Did not re-place instance gen_stages[1].stage_inst/b4/mul_m1i_reg_1_reg[2]/Q
INFO: [Physopt 32-662] Processed net gen_stages[1].stage_inst/b4/p_0_in6_in[1].  Did not re-place instance gen_stages[1].stage_inst/b4/m1i_reg_reg[8]/Q
INFO: [Physopt 32-662] Processed net gen_stages[3].stage_inst/b4/t1i_reg[13].  Did not re-place instance gen_stages[3].stage_inst/b4/t1i_reg_reg[13]/Q
INFO: [Physopt 32-662] Processed net gen_stages[3].stage_inst/b4/p_0_in6_in[2].  Did not re-place instance gen_stages[3].stage_inst/b4/m1i_reg_reg[9]/Q
INFO: [Physopt 32-662] Processed net gen_stages[0].stage_inst/b4/pm0i_2/cpa_b_pipe_reg[1]__0[18].  Did not re-place instance gen_stages[0].stage_inst/b4/pm0i_2/cpa_b_pipe_reg[1][18]/Q
INFO: [Physopt 32-662] Processed net gen_stages[2].stage_inst/b4/p_0_in6_in[4].  Did not re-place instance gen_stages[2].stage_inst/b4/m1i_reg_reg[11]/Q
INFO: [Physopt 32-662] Processed net gen_stages[2].stage_inst/b4/pm2i/p_1_in[1].  Did not re-place instance gen_stages[2].stage_inst/b4/pm2i/cpa_a_pipe_reg[0][9]/Q
INFO: [Physopt 32-662] Processed net gen_stages[3].stage_inst/gen_memory.mem/pipe_rdata_B0[3].  Did not re-place instance gen_stages[3].stage_inst/gen_memory.mem/pipe_rdata_B[3]_i_1/O
INFO: [Physopt 32-662] Processed net gen_stages[1].stage_inst/b4/p_1_in1_in[2].  Did not re-place instance gen_stages[1].stage_inst/b4/m0r_reg_reg[9]/Q
INFO: [Physopt 32-662] Processed net gen_stages[1].stage_inst/b4/p_1_in1_in[3].  Did not re-place instance gen_stages[1].stage_inst/b4/m0r_reg_reg[10]/Q
INFO: [Physopt 32-662] Processed net gen_stages[1].stage_inst/b4/pm1i_2/p_1_in[1].  Did not re-place instance gen_stages[1].stage_inst/b4/pm1i_2/cpa_a_pipe_reg[0][9]/Q
INFO: [Physopt 32-662] Processed net gen_stages[1].stage_inst/b4/p_0_in_0[1].  Did not re-place instance gen_stages[1].stage_inst/b4/m2i_reg_reg[8]/Q
INFO: [Physopt 32-662] Processed net gen_stages[2].stage_inst/b4/p_0_in6_in[5].  Did not re-place instance gen_stages[2].stage_inst/b4/m1i_reg_reg[12]/Q
INFO: [Physopt 32-662] Processed net gen_stages[1].stage_inst/b4/pm1r_2/csa_sum_r[2].  Did not re-place instance gen_stages[1].stage_inst/b4/pm1r_2/csa_sum_r_reg[2]/Q
INFO: [Physopt 32-662] Processed net gen_stages[2].stage_inst/b4/pm0r_2/csa_sum_r[5].  Did not re-place instance gen_stages[2].stage_inst/b4/pm0r_2/csa_sum_r_reg[5]/Q
INFO: [Physopt 32-662] Processed net gen_stages[2].stage_inst/b4/pm0r_2/cpa_carry_pipe_reg[0]__0.  Did not re-place instance gen_stages[2].stage_inst/b4/pm0r_2/cpa_carry_pipe_reg[0]/Q
INFO: [Physopt 32-662] Processed net gen_stages[0].stage_inst/b4/mul_m1r_reg_1[1].  Did not re-place instance gen_stages[0].stage_inst/b4/mul_m1r_reg_1_reg[1]/Q
INFO: [Physopt 32-662] Processed net gen_stages[0].stage_inst/b4/pm0i_2/p_1_in[3].  Did not re-place instance gen_stages[0].stage_inst/b4/pm0i_2/cpa_a_pipe_reg[0][11]/Q
INFO: [Physopt 32-662] Processed net gen_stages[2].stage_inst/b4/pm0i/p_1_in[3].  Did not re-place instance gen_stages[2].stage_inst/b4/pm0i/cpa_a_pipe_reg[0][11]/Q
INFO: [Physopt 32-662] Processed net gen_stages[3].stage_inst/b4/pm2i_2/p_1_in[1].  Did not re-place instance gen_stages[3].stage_inst/b4/pm2i_2/cpa_a_pipe_reg[0][9]/Q
INFO: [Physopt 32-662] Processed net gen_stages[1].stage_inst/b4/pm1r/p_1_in[4].  Did not re-place instance gen_stages[1].stage_inst/b4/pm1r/cpa_a_pipe_reg[0][12]/Q
INFO: [Physopt 32-662] Processed net gen_stages[0].stage_inst/b4/pm0i_2/cpa_carry_pipe_reg[1]__0.  Did not re-place instance gen_stages[0].stage_inst/b4/pm0i_2/cpa_carry_pipe_reg[1]/Q
INFO: [Physopt 32-662] Processed net gen_stages[2].stage_inst/b4/pm2i/cpa_b_pipe_reg[0]__0[9].  Did not re-place instance gen_stages[2].stage_inst/b4/pm2i/cpa_b_pipe_reg[0][9]/Q
INFO: [Physopt 32-662] Processed net gen_stages[0].stage_inst/b4/pm2i_2/cpa_a_pipe_reg[1]__0[17].  Did not re-place instance gen_stages[0].stage_inst/b4/pm2i_2/cpa_a_pipe_reg[1][17]/Q
INFO: [Physopt 32-662] Processed net gen_stages[1].stage_inst/b4/pm0i/p_1_in[0].  Did not re-place instance gen_stages[1].stage_inst/b4/pm0i/cpa_a_pipe_reg[0][8]/Q
INFO: [Physopt 32-662] Processed net gen_stages[3].stage_inst/b4/mul_m0r_reg_1[1].  Did not re-place instance gen_stages[3].stage_inst/b4/mul_m0r_reg_1_reg[1]/Q
INFO: [Physopt 32-661] Optimized 12 nets.  Re-placed 24 instances.
INFO: [Physopt 32-775] End 1 Pass. Optimized 12 nets or cells. Created 0 new cell, deleted 0 existing cell and moved 24 existing cells
INFO: [Physopt 32-619] Estimated Timing Summary | WNS=-0.557 | TNS=-443.954 |
Netlist sorting complete. Time (s): cpu = 00:00:00.03 ; elapsed = 00:00:00.01 . Memory (MB): peak = 2617.598 ; gain = 0.000 ; free physical = 2610 ; free virtual = 15573
Phase 9 MultiInst Placement Optimization | Checksum: b5ec7f17

Time (s): cpu = 00:04:39 ; elapsed = 00:01:02 . Memory (MB): peak = 2617.598 ; gain = 15.035 ; free physical = 2610 ; free virtual = 15573

Phase 10 Rewire
INFO: [Physopt 32-246] Starting Signal Push optimization...
INFO: [Physopt 32-77] Pass 1. Identified 3 candidate nets for rewire optimization.
INFO: [Physopt 32-134] Processed net gen_stages[2].stage_inst/gen_input_logic.flush_count_reg[4]_0. Rewiring did not optimize the net.
INFO: [Physopt 32-134] Processed net gen_stages[1].stage_inst/gen_input_logic.flush_count_reg[4]_0. Rewiring did not optimize the net.
INFO: [Physopt 32-134] Processed net gen_stages[2].stage_inst/flush_count. Rewiring did not optimize the net.
INFO: [Physopt 32-232] Optimized 0 net. Created 0 new instance.
INFO: [Physopt 32-775] End 1 Pass. Optimized 0 net or cell. Created 0 new cell, deleted 0 existing cell and moved 0 existing cell
Netlist sorting complete. Time (s): cpu = 00:00:00.01 ; elapsed = 00:00:00.01 . Memory (MB): peak = 2617.598 ; gain = 0.000 ; free physical = 2607 ; free virtual = 15573
Netlist sorting complete. Time (s): cpu = 00:00:00 ; elapsed = 00:00:00 . Memory (MB): peak = 2617.598 ; gain = 0.000 ; free physical = 2607 ; free virtual = 15573
Phase 10 Rewire | Checksum: f0bf6131

Time (s): cpu = 00:04:40 ; elapsed = 00:01:03 . Memory (MB): peak = 2617.598 ; gain = 15.035 ; free physical = 2607 ; free virtual = 15573

Phase 11 Critical Cell Optimization
INFO: [Physopt 32-46] Identified 30 candidate nets for critical-cell optimization.
INFO: [Physopt 32-572] Net gen_stages[2].stage_inst/b4/mul_m0r_reg_1[0] was not replicated.
Resolution: phys_opt_design can be forced to replicate a net driver using the option -force_replication_on_nets <list of net objects>.
INFO: [Physopt 32-571] Net gen_stages[2].stage_inst/b4/p_0_in6_in[6] was not replicated.
INFO: [Physopt 32-572] Net gen_stages[2].stage_inst/b4/pm1r_2/csa_sum_r[0]_repN was not replicated.
Resolution: phys_opt_design can be forced to replicate a net driver using the option -force_replication_on_nets <list of net objects>.
INFO: [Physopt 32-572] Net gen_stages[2].stage_inst/b4/mul_m0r_reg_1[1] was not replicated.
Resolution: phys_opt_design can be forced to replicate a net driver using the option -force_replication_on_nets <list of net objects>.
INFO: [Physopt 32-571] Net gen_stages[1].stage_inst/b4/p_0_in7_in[1] was not replicated.
INFO: [Physopt 32-572] Net gen_stages[1].stage_inst/b4/pm0i/csa_sum_r[2] was not replicated.
Resolution: phys_opt_design can be forced to replicate a net driver using the option -force_replication_on_nets <list of net objects>.
INFO: [Physopt 32-571] Net gen_stages[2].stage_inst/b4/p_0_in6_in[2] was not replicated.
INFO: [Physopt 32-571] Net gen_stages[2].stage_inst/b4/p_0_in6_in[7] was not replicated.
INFO: [Physopt 32-572] Net gen_stages[1].stage_inst/b4/p_1_in1_in[5] was not replicated.
Resolution: phys_opt_design can be forced to replicate a net driver using the option -force_replication_on_nets <list of net objects>.
INFO: [Physopt 32-572] Net gen_stages[1].stage_inst/b4/p_0_in7_in[2] was not replicated.
Resolution: phys_opt_design can be forced to replicate a net driver using the option -force_replication_on_nets <list of net objects>.
INFO: [Physopt 32-81] Processed net gen_stages[1].stage_inst/b4/pm1r/csa_sum_r[0]. Replicated 1 times.
INFO: [Physopt 32-572] Net gen_stages[0].stage_inst/b4/mul_m0r_reg_1[0] was not replicated.
Resolution: phys_opt_design can be forced to replicate a net driver using the option -force_replication_on_nets <list of net objects>.
INFO: [Physopt 32-601] Processed net gen_stages[1].stage_inst/b4/mul_m1r_reg_1[3]. Net driver gen_stages[1].stage_inst/b4/mul_m1r_reg_1_reg[3] was replaced.
INFO: [Physopt 32-601] Processed net gen_stages[1].stage_inst/b4/p_0_in7_in[0]. Net driver gen_stages[1].stage_inst/b4/m1r_reg_reg[7] was replaced.
INFO: [Physopt 32-601] Processed net gen_stages[3].stage_inst/b4/p_0_in6_in[2]. Net driver gen_stages[3].stage_inst/b4/m1i_reg_reg[9] was replaced.
INFO: [Physopt 32-572] Net gen_stages[2].stage_inst/b4/p_0_in6_in[4] was not replicated.
Resolution: phys_opt_design can be forced to replicate a net driver using the option -force_replication_on_nets <list of net objects>.
INFO: [Physopt 32-601] Processed net gen_stages[2].stage_inst/b4/pm2i/p_1_in[1]. Net driver gen_stages[2].stage_inst/b4/pm2i/cpa_a_pipe_reg[0][9] was replaced.
INFO: [Physopt 32-572] Net gen_stages[1].stage_inst/b4/p_1_in1_in[2] was not replicated.
Resolution: phys_opt_design can be forced to replicate a net driver using the option -force_replication_on_nets <list of net objects>.
INFO: [Physopt 32-81] Processed net gen_stages[1].stage_inst/b4/p_1_in1_in[3]. Replicated 1 times.
INFO: [Physopt 32-601] Processed net gen_stages[1].stage_inst/b4/pm1i_2/p_1_in[1]. Net driver gen_stages[1].stage_inst/b4/pm1i_2/cpa_a_pipe_reg[0][9] was replaced.
INFO: [Physopt 32-601] Processed net gen_stages[1].stage_inst/b4/p_0_in_0[1]. Net driver gen_stages[1].stage_inst/b4/m2i_reg_reg[8] was replaced.
INFO: [Physopt 32-572] Net gen_stages[2].stage_inst/b4/p_0_in6_in[5] was not replicated.
Resolution: phys_opt_design can be forced to replicate a net driver using the option -force_replication_on_nets <list of net objects>.
INFO: [Physopt 32-601] Processed net gen_stages[1].stage_inst/b4/pm1r_2/csa_sum_r[2]. Net driver gen_stages[1].stage_inst/b4/pm1r_2/csa_sum_r_reg[2] was replaced.
INFO: [Physopt 32-601] Processed net gen_stages[2].stage_inst/b4/pm0r_2/csa_sum_r[5]. Net driver gen_stages[2].stage_inst/b4/pm0r_2/csa_sum_r_reg[5] was replaced.
INFO: [Physopt 32-601] Processed net gen_stages[0].stage_inst/b4/pm0i_2/p_1_in[3]. Net driver gen_stages[0].stage_inst/b4/pm0i_2/cpa_a_pipe_reg[0][11] was replaced.
INFO: [Physopt 32-601] Processed net gen_stages[2].stage_inst/b4/pm0i/p_1_in[3]. Net driver gen_stages[2].stage_inst/b4/pm0i/cpa_a_pipe_reg[0][11] was replaced.
INFO: [Physopt 32-572] Net gen_stages[3].stage_inst/b4/pm2i_2/p_1_in[1] was not replicated.
Resolution: phys_opt_design can be forced to replicate a net driver using the option -force_replication_on_nets <list of net objects>.
INFO: [Physopt 32-601] Processed net gen_stages[1].stage_inst/b4/pm1r/p_1_in[4]. Net driver gen_stages[1].stage_inst/b4/pm1r/cpa_a_pipe_reg[0][12] was replaced.
INFO: [Physopt 32-601] Processed net gen_stages[0].stage_inst/b4/pm2i_2/cpa_a_pipe_reg[1]__0[17]. Net driver gen_stages[0].stage_inst/b4/pm2i_2/cpa_a_pipe_reg[1][17] was replaced.
INFO: [Physopt 32-232] Optimized 14 nets. Created 2 new instances.
INFO: [Physopt 32-775] End 1 Pass. Optimized 14 nets or cells. Created 2 new cells, deleted 0 existing cell and moved 0 existing cell
INFO: [Physopt 32-619] Estimated Timing Summary | WNS=-0.557 | TNS=-442.266 |
Netlist sorting complete. Time (s): cpu = 00:00:00.02 ; elapsed = 00:00:00.02 . Memory (MB): peak = 2617.598 ; gain = 0.000 ; free physical = 2608 ; free virtual = 15565
Phase 11 Critical Cell Optimization | Checksum: 1989d3c79

Time (s): cpu = 00:05:02 ; elapsed = 00:01:07 . Memory (MB): peak = 2617.598 ; gain = 15.035 ; free physical = 2608 ; free virtual = 15565

Phase 12 Slr Crossing Optimization
Phase 12 Slr Crossing Optimization | Checksum: 1989d3c79

Time (s): cpu = 00:05:02 ; elapsed = 00:01:07 . Memory (MB): peak = 2617.598 ; gain = 15.035 ; free physical = 2608 ; free virtual = 15565

Phase 13 Fanout Optimization
INFO: [Physopt 32-76] Pass 1. Identified 7 candidate nets for fanout optimization.
INFO: [Physopt 32-601] Processed net gen_stages[3].stage_inst/gen_memory.mem/ea_addr_D_reg__0[1]_repN_3. Net driver gen_stages[3].stage_inst/gen_memory.mem/ea_addr_D_reg[1]_replica_3 was replaced.
INFO: [Physopt 32-572] Net gen_stages[3].stage_inst/gen_memory.mem/ea_addr_D_reg__0[1]_repN_4 was not replicated.
Resolution: phys_opt_design can be forced to replicate a net driver using the option -force_replication_on_nets <list of net objects>.
INFO: [Physopt 32-81] Processed net gen_stages[3].stage_inst/gen_memory.mem/ea_addr_D_reg__0[0]_repN. Replicated 2 times.
INFO: [Physopt 32-572] Net gen_stages[3].stage_inst/stride_segment_counter_reg[5]_repN_5 was not replicated.
Resolution: phys_opt_design can be forced to replicate a net driver using the option -force_replication_on_nets <list of net objects>.
INFO: [Physopt 32-572] Net gen_stages[2].stage_inst/b4/pm1i/p_3_in[0]_repN was not replicated.
Resolution: phys_opt_design can be forced to replicate a net driver using the option -force_replication_on_nets <list of net objects>.
INFO: [Physopt 32-572] Net gen_stages[3].stage_inst/gen_memory.mem/ea_addr_D_reg__0[3]_repN_1 was not replicated.
Resolution: phys_opt_design can be forced to replicate a net driver using the option -force_replication_on_nets <list of net objects>.
INFO: [Physopt 32-572] Net gen_stages[2].stage_inst/stride_segment_counter_reg[3]_repN_2 was not replicated.
Resolution: phys_opt_design can be forced to replicate a net driver using the option -force_replication_on_nets <list of net objects>.
INFO: [Physopt 32-232] Optimized 2 nets. Created 2 new instances.
INFO: [Physopt 32-775] End 1 Pass. Optimized 2 nets or cells. Created 2 new cells, deleted 0 existing cell and moved 0 existing cell
INFO: [Physopt 32-619] Estimated Timing Summary | WNS=-0.557 | TNS=-442.664 |
Netlist sorting complete. Time (s): cpu = 00:00:00.02 ; elapsed = 00:00:00.02 . Memory (MB): peak = 2617.598 ; gain = 0.000 ; free physical = 2606 ; free virtual = 15552
Phase 13 Fanout Optimization | Checksum: 1e39c544d

Time (s): cpu = 00:05:12 ; elapsed = 00:01:10 . Memory (MB): peak = 2617.598 ; gain = 15.035 ; free physical = 2606 ; free virtual = 15552

Phase 14 Placement Based Optimization
INFO: [Physopt 32-660] Identified 250 candidate nets for placement-based optimization.
INFO: [Physopt 32-662] Processed net gen_stages[2].stage_inst/b4/pm0r_2/cpa_result_pipe_reg[2][11]_srl2___gen_stages_r_0_i_4__0_n_0.  Did not re-place instance gen_stages[2].stage_inst/b4/pm0r_2/cpa_result_pipe_reg[2][11]_srl2___gen_stages_r_0_i_4__0
INFO: [Physopt 32-662] Processed net gen_stages[2].stage_inst/b4/pm0r_2/cpa_result_pipe_reg[2][12]_srl2___gen_stages_r_0_n_0.  Did not re-place instance gen_stages[2].stage_inst/b4/pm0r_2/cpa_result_pipe_reg[2][12]_srl2___gen_stages_r_0
INFO: [Physopt 32-662] Processed net gen_stages[2].stage_inst/b4/p_1_in1_in[14].  Did not re-place instance gen_stages[2].stage_inst/b4/m0r_reg_reg[21]
INFO: [Physopt 32-662] Processed net gen_stages[2].stage_inst/b4/mul_m0r_reg_1[0].  Did not re-place instance gen_stages[2].stage_inst/b4/mul_m0r_reg_1_reg[0]
INFO: [Physopt 32-662] Processed net gen_stages[2].stage_inst/b4/i___45_n_0.  Did not re-place instance gen_stages[2].stage_inst/b4/i___45
INFO: [Physopt 32-662] Processed net gen_stages[2].stage_inst/b4/p_1_in1_in[13].  Did not re-place instance gen_stages[2].stage_inst/b4/m0r_reg_reg[20]
INFO: [Physopt 32-662] Processed net gen_stages[2].stage_inst/b4/p_0_in6_in[6].  Did not re-place instance gen_stages[2].stage_inst/b4/m1i_reg_reg[13]
INFO: [Physopt 32-662] Processed net gen_stages[2].stage_inst/b4/t0i_reg[7]_i_3__1_n_0.  Did not re-place instance gen_stages[2].stage_inst/b4/t0i_reg[7]_i_3__1
INFO: [Physopt 32-662] Processed net gen_stages[2].stage_inst/b4/pm0r_2/cpa_result_pipe_reg[2][11]_srl2___gen_stages_r_0_n_0.  Did not re-place instance gen_stages[2].stage_inst/b4/pm0r_2/cpa_result_pipe_reg[2][11]_srl2___gen_stages_r_0
INFO: [Physopt 32-662] Processed net gen_stages[2].stage_inst/b4/pm0r_2/p_1_in[0].  Did not re-place instance gen_stages[2].stage_inst/b4/pm0r_2/cpa_a_pipe_reg[0][8]
INFO: [Physopt 32-662] Processed net gen_stages[2].stage_inst/b4/pm1r_2/csa_sum_r[0]_repN.  Did not re-place instance gen_stages[2].stage_inst/b4/pm1r_2/csa_sum_r_reg[0]_replica
INFO: [Physopt 32-662] Processed net gen_stages[2].stage_inst/b4/pm0r_2/cpa_result_pipe_reg[2][11]_srl2___gen_stages_r_0_i_5__0_n_0.  Did not re-place instance gen_stages[2].stage_inst/b4/pm0r_2/cpa_result_pipe_reg[2][11]_srl2___gen_stages_r_0_i_5__0
INFO: [Physopt 32-662] Processed net gen_stages[2].stage_inst/b4/pm1r_2/cpa_result_pipe_reg[2][3]_srl3___gen_stages_r_1_i_5_n_0.  Did not re-place instance gen_stages[2].stage_inst/b4/pm1r_2/cpa_result_pipe_reg[2][3]_srl3___gen_stages_r_1_i_5
INFO: [Physopt 32-662] Processed net gen_stages[2].stage_inst/b4/pm1r_2/cpa_result_pipe_reg[2][5]_srl3___gen_stages_r_1_n_0.  Did not re-place instance gen_stages[2].stage_inst/b4/pm1r_2/cpa_result_pipe_reg[2][5]_srl3___gen_stages_r_1
INFO: [Physopt 32-662] Processed net gen_stages[2].stage_inst/b4/mul_m0r_reg_1[1].  Did not re-place instance gen_stages[2].stage_inst/b4/mul_m0r_reg_1_reg[1]
INFO: [Physopt 32-662] Processed net gen_stages[2].stage_inst/b4/i___46_n_0.  Did not re-place instance gen_stages[2].stage_inst/b4/i___46
INFO: [Physopt 32-662] Processed net gen_stages[1].stage_inst/b4/pm1r/p_1_in[0].  Did not re-place instance gen_stages[1].stage_inst/b4/pm1r/cpa_a_pipe_reg[0][8]
INFO: [Physopt 32-662] Processed net gen_stages[1].stage_inst/b4/pm1r/cpa_result_pipe_reg[2][11]_srl2___gen_stages_r_0_i_5_n_0.  Did not re-place instance gen_stages[1].stage_inst/b4/pm1r/cpa_result_pipe_reg[2][11]_srl2___gen_stages_r_0_i_5
INFO: [Physopt 32-662] Processed net gen_stages[1].stage_inst/b4/pm1r/cpa_result_pipe_reg[2][15]_srl2___gen_stages_r_0_n_0.  Did not re-place instance gen_stages[1].stage_inst/b4/pm1r/cpa_result_pipe_reg[2][15]_srl2___gen_stages_r_0
INFO: [Physopt 32-662] Processed net gen_stages[1].stage_inst/b4/p_0_in7_in[1].  Did not re-place instance gen_stages[1].stage_inst/b4/m1r_reg_reg[8]
INFO: [Physopt 32-662] Processed net gen_stages[1].stage_inst/b4/t0r_reg[3]_i_4__0_n_0.  Did not re-place instance gen_stages[1].stage_inst/b4/t0r_reg[3]_i_4__0
INFO: [Physopt 32-662] Processed net gen_stages[1].stage_inst/b4/pm0i/csa_sum_r[2].  Did not re-place instance gen_stages[1].stage_inst/b4/pm0i/csa_sum_r_reg[2]
INFO: [Physopt 32-662] Processed net gen_stages[1].stage_inst/b4/pm0i/cpa_result_pipe_reg[2][4]_srl3___gen_stages_r_1_i_4_n_0.  Did not re-place instance gen_stages[1].stage_inst/b4/pm0i/cpa_result_pipe_reg[2][4]_srl3___gen_stages_r_1_i_4
INFO: [Physopt 32-662] Processed net gen_stages[1].stage_inst/b4/pm0i/cpa_result_pipe_reg[2][6]_srl3___gen_stages_r_1_n_0.  Did not re-place instance gen_stages[1].stage_inst/b4/pm0i/cpa_result_pipe_reg[2][6]_srl3___gen_stages_r_1
INFO: [Physopt 32-662] Processed net gen_stages[1].stage_inst/b4/i___42_n_0.  Did not re-place instance gen_stages[1].stage_inst/b4/i___42
INFO: [Physopt 32-662] Processed net gen_stages[2].stage_inst/b4/p_0_in6_in[2].  Did not re-place instance gen_stages[2].stage_inst/b4/m1i_reg_reg[9]
INFO: [Physopt 32-662] Processed net gen_stages[2].stage_inst/b4/t0i_reg[3]_i_3__1_n_0.  Did not re-place instance gen_stages[2].stage_inst/b4/t0i_reg[3]_i_3__1
INFO: [Physopt 32-662] Processed net gen_stages[2].stage_inst/b4/p_0_in6_in[7].  Did not re-place instance gen_stages[2].stage_inst/b4/m1i_reg_reg[14]
INFO: [Physopt 32-662] Processed net gen_stages[2].stage_inst/b4/t0i_reg[7]_i_2__1_n_0.  Did not re-place instance gen_stages[2].stage_inst/b4/t0i_reg[7]_i_2__1
INFO: [Physopt 32-662] Processed net gen_stages[1].stage_inst/b4/p_1_in1_in[5].  Did not re-place instance gen_stages[1].stage_inst/b4/m0r_reg_reg[12]
INFO: [Physopt 32-662] Processed net gen_stages[1].stage_inst/b4/t2r_reg[11].  Did not re-place instance gen_stages[1].stage_inst/b4/t2r_reg_reg[11]
INFO: [Physopt 32-662] Processed net gen_stages[1].stage_inst/b4/t2r_reg[7]_i_4__0_n_0.  Did not re-place instance gen_stages[1].stage_inst/b4/t2r_reg[7]_i_4__0
INFO: [Physopt 32-662] Processed net gen_stages[1].stage_inst/b4/p_0_in7_in[2].  Did not re-place instance gen_stages[1].stage_inst/b4/m1r_reg_reg[9]
INFO: [Physopt 32-662] Processed net gen_stages[1].stage_inst/b4/t0r_reg[3]_i_3__0_n_0.  Did not re-place instance gen_stages[1].stage_inst/b4/t0r_reg[3]_i_3__0
INFO: [Physopt 32-662] Processed net gen_stages[2].stage_inst/b4/p_1_in1_in[15].  Did not re-place instance gen_stages[2].stage_inst/b4/m0r_reg_reg[22]
INFO: [Physopt 32-662] Processed net gen_stages[0].stage_inst/b4/mul_m0r_reg_1[0].  Did not re-place instance gen_stages[0].stage_inst/b4/mul_m0r_reg_1_reg[0]
INFO: [Physopt 32-662] Processed net gen_stages[1].stage_inst/b4/mul_m1i_reg_1[2].  Did not re-place instance gen_stages[1].stage_inst/b4/mul_m1i_reg_1_reg[2]
INFO: [Physopt 32-662] Processed net gen_stages[1].stage_inst/b4/m1i_reg[8]_i_9_n_0.  Did not re-place instance gen_stages[1].stage_inst/b4/m1i_reg[8]_i_9
INFO: [Physopt 32-662] Processed net gen_stages[0].stage_inst/b4/pm0i_2/cpa_a_pipe_reg[1][21]_1.  Did not re-place instance gen_stages[0].stage_inst/b4/pm0i_2/product_reg[21]_srl2___gen_stages_r_0
INFO: [Physopt 32-662] Processed net gen_stages[0].stage_inst/b4/m0r_reg[7]_i_10_n_0.  Did not re-place instance gen_stages[0].stage_inst/b4/m0r_reg[7]_i_10
INFO: [Physopt 32-662] Processed net gen_stages[2].stage_inst/b4/p_0_in6_in[4].  Did not re-place instance gen_stages[2].stage_inst/b4/m1i_reg_reg[11]
INFO: [Physopt 32-662] Processed net gen_stages[2].stage_inst/b4/t0i_reg[7]_i_5__1_n_0.  Did not re-place instance gen_stages[2].stage_inst/b4/t0i_reg[7]_i_5__1
INFO: [Physopt 32-662] Processed net gen_stages[3].stage_inst/gen_memory.mem/pipe_rdata_B[3].  Did not re-place instance gen_stages[3].stage_inst/gen_memory.mem/pipe_rdata_B_reg[3]
INFO: [Physopt 32-662] Processed net gen_stages[3].stage_inst/gen_memory.mem/pipe_rdata_B0[3].  Did not re-place instance gen_stages[3].stage_inst/gen_memory.mem/pipe_rdata_B[3]_i_1
INFO: [Physopt 32-662] Processed net gen_stages[1].stage_inst/b4/p_1_in1_in[2].  Did not re-place instance gen_stages[1].stage_inst/b4/m0r_reg_reg[9]
INFO: [Physopt 32-662] Processed net gen_stages[1].stage_inst/b4/t2r_reg[3]_i_3__0_n_0.  Did not re-place instance gen_stages[1].stage_inst/b4/t2r_reg[3]_i_3__0
INFO: [Physopt 32-662] Processed net gen_stages[2].stage_inst/b4/p_0_in6_in[5].  Did not re-place instance gen_stages[2].stage_inst/b4/m1i_reg_reg[12]
INFO: [Physopt 32-662] Processed net gen_stages[2].stage_inst/b4/t0i_reg[7]_i_4__1_n_0.  Did not re-place instance gen_stages[2].stage_inst/b4/t0i_reg[7]_i_4__1
INFO: [Physopt 32-662] Processed net gen_stages[3].stage_inst/b4/pm2i_2/p_1_in[1].  Did not re-place instance gen_stages[3].stage_inst/b4/pm2i_2/cpa_a_pipe_reg[0][9]
INFO: [Physopt 32-662] Processed net gen_stages[3].stage_inst/b4/pm2i_2/cpa_result_pipe_reg[2][11]_srl2___gen_stages_r_0_i_4__1_n_0.  Did not re-place instance gen_stages[3].stage_inst/b4/pm2i_2/cpa_result_pipe_reg[2][11]_srl2___gen_stages_r_0_i_4__1
INFO: [Physopt 32-662] Processed net gen_stages[3].stage_inst/b4/pm2i_2/cpa_result_pipe_reg[2][11]_srl2___gen_stages_r_0_n_0.  Did not re-place instance gen_stages[3].stage_inst/b4/pm2i_2/cpa_result_pipe_reg[2][11]_srl2___gen_stages_r_0
INFO: [Physopt 32-662] Processed net gen_stages[0].stage_inst/b4/pm0i_2/product_reg[19]_srl2___gen_stages_r_0_i_5_n_0.  Did not re-place instance gen_stages[0].stage_inst/b4/pm0i_2/product_reg[19]_srl2___gen_stages_r_0_i_5
INFO: [Physopt 32-662] Processed net gen_stages[2].stage_inst/b4/pm2i/cpa_result_pipe_reg[2][11]_srl2___gen_stages_r_0_i_4__0_n_0.  Did not re-place instance gen_stages[2].stage_inst/b4/pm2i/cpa_result_pipe_reg[2][11]_srl2___gen_stages_r_0_i_4__0
INFO: [Physopt 32-662] Processed net gen_stages[2].stage_inst/b4/pm2i/cpa_result_pipe_reg[2][13]_srl2___gen_stages_r_0_n_0.  Did not re-place instance gen_stages[2].stage_inst/b4/pm2i/cpa_result_pipe_reg[2][13]_srl2___gen_stages_r_0
INFO: [Physopt 32-662] Processed net gen_stages[1].stage_inst/b4/pm0i/cpa_result_pipe_reg[2][11]_srl2___gen_stages_r_0_i_5_n_0.  Did not re-place instance gen_stages[1].stage_inst/b4/pm0i/cpa_result_pipe_reg[2][11]_srl2___gen_stages_r_0_i_5
INFO: [Physopt 32-662] Processed net gen_stages[1].stage_inst/b4/pm0i/cpa_result_pipe_reg[2][14]_srl2___gen_stages_r_0_n_0.  Did not re-place instance gen_stages[1].stage_inst/b4/pm0i/cpa_result_pipe_reg[2][14]_srl2___gen_stages_r_0
INFO: [Physopt 32-662] Processed net gen_stages[1].stage_inst/b4/pm1r/cpa_result_pipe_reg[2][13]_srl2___gen_stages_r_0_n_0.  Did not re-place instance gen_stages[1].stage_inst/b4/pm1r/cpa_result_pipe_reg[2][13]_srl2___gen_stages_r_0
INFO: [Physopt 32-662] Processed net gen_stages[1].stage_inst/b4/pm1i/p_1_in[1].  Did not re-place instance gen_stages[1].stage_inst/b4/pm1i/cpa_a_pipe_reg[0][9]
INFO: [Physopt 32-662] Processed net gen_stages[1].stage_inst/b4/pm1i/cpa_result_pipe_reg[2][11]_srl2___gen_stages_r_0_i_4_n_0.  Did not re-place instance gen_stages[1].stage_inst/b4/pm1i/cpa_result_pipe_reg[2][11]_srl2___gen_stages_r_0_i_4
INFO: [Physopt 32-662] Processed net gen_stages[1].stage_inst/b4/pm1i/cpa_result_pipe_reg[2][15]_srl2___gen_stages_r_0_n_0.  Did not re-place instance gen_stages[1].stage_inst/b4/pm1i/cpa_result_pipe_reg[2][15]_srl2___gen_stages_r_0
INFO: [Physopt 32-662] Processed net gen_stages[3].stage_inst/b4/pm2i_2/cpa_result_pipe_reg[2][11]_srl2___gen_stages_r_0_i_2__1_n_0.  Did not re-place instance gen_stages[3].stage_inst/b4/pm2i_2/cpa_result_pipe_reg[2][11]_srl2___gen_stages_r_0_i_2__1
INFO: [Physopt 32-662] Processed net gen_stages[3].stage_inst/b4/pm2i_2/cpa_result_pipe_reg[2][13]_srl2___gen_stages_r_0_n_0.  Did not re-place instance gen_stages[3].stage_inst/b4/pm2i_2/cpa_result_pipe_reg[2][13]_srl2___gen_stages_r_0
INFO: [Physopt 32-662] Processed net gen_stages[1].stage_inst/b4/p_1_in1_in[1].  Did not re-place instance gen_stages[1].stage_inst/b4/m0r_reg_reg[8]
INFO: [Physopt 32-662] Processed net gen_stages[1].stage_inst/b4/pm0i/cpa_result_pipe_reg[2][11]_srl2___gen_stages_r_0_i_3_n_0.  Did not re-place instance gen_stages[1].stage_inst/b4/pm0i/cpa_result_pipe_reg[2][11]_srl2___gen_stages_r_0_i_3
INFO: [Physopt 32-662] Processed net gen_stages[1].stage_inst/b4/mul_m1i_reg_1[1].  Did not re-place instance gen_stages[1].stage_inst/b4/mul_m1i_reg_1_reg[1]
INFO: [Physopt 32-662] Processed net gen_stages[2].stage_inst/b4/mul_m1i_reg_1[7].  Did not re-place instance gen_stages[2].stage_inst/b4/mul_m1i_reg_1_reg[7]
INFO: [Physopt 32-662] Processed net gen_stages[2].stage_inst/b4/pm1r_2/csa_sum_r[1].  Did not re-place instance gen_stages[2].stage_inst/b4/pm1r_2/csa_sum_r_reg[1]
INFO: [Physopt 32-662] Processed net gen_stages[1].stage_inst/b4/m1i_reg[8]_i_10_n_0.  Did not re-place instance gen_stages[1].stage_inst/b4/m1i_reg[8]_i_10
INFO: [Physopt 32-662] Processed net gen_stages[2].stage_inst/b4/pm1r_2/cpa_result_pipe_reg[2][3]_srl3___gen_stages_r_1_i_4_n_0.  Did not re-place instance gen_stages[2].stage_inst/b4/pm1r_2/cpa_result_pipe_reg[2][3]_srl3___gen_stages_r_1_i_4
INFO: [Physopt 32-662] Processed net gen_stages[3].stage_inst/b4/pm1r/cpa_result_pipe_reg[2][11]_srl2___gen_stages_r_0_i_5__1_n_0.  Did not re-place instance gen_stages[3].stage_inst/b4/pm1r/cpa_result_pipe_reg[2][11]_srl2___gen_stages_r_0_i_5__1
INFO: [Physopt 32-662] Processed net gen_stages[2].stage_inst/b4/p_0_in6_in[9].  Did not re-place instance gen_stages[2].stage_inst/b4/m1i_reg_reg[16]
INFO: [Physopt 32-662] Processed net gen_stages[2].stage_inst/b4/t0i_reg[11]_i_4__1_n_0.  Did not re-place instance gen_stages[2].stage_inst/b4/t0i_reg[11]_i_4__1
INFO: [Physopt 32-662] Processed net gen_stages[3].stage_inst/b4/p_1_in1_in[13].  Did not re-place instance gen_stages[3].stage_inst/b4/m0r_reg_reg[20]
INFO: [Physopt 32-662] Processed net gen_stages[2].stage_inst/b4/mul_m0r_reg_1[5].  Did not re-place instance gen_stages[2].stage_inst/b4/mul_m0r_reg_1_reg[5]
INFO: [Physopt 32-662] Processed net gen_stages[3].stage_inst/b4/mul_m0r_reg_1[1].  Did not re-place instance gen_stages[3].stage_inst/b4/mul_m0r_reg_1_reg[1]
INFO: [Physopt 32-662] Processed net gen_stages[1].stage_inst/b4/i___44_n_0.  Did not re-place instance gen_stages[1].stage_inst/b4/i___44
INFO: [Physopt 32-662] Processed net gen_stages[2].stage_inst/b4/i___50_n_0.  Did not re-place instance gen_stages[2].stage_inst/b4/i___50
INFO: [Physopt 32-662] Processed net gen_stages[3].stage_inst/b4/i___46_n_0.  Did not re-place instance gen_stages[3].stage_inst/b4/i___46
INFO: [Physopt 32-662] Processed net gen_stages[3].stage_inst/b4/p_1_in1_in[12].  Did not re-place instance gen_stages[3].stage_inst/b4/m0r_reg_reg[19]
INFO: [Physopt 32-662] Processed net gen_stages[2].stage_inst/b4/p_1_in1_in[12].  Did not re-place instance gen_stages[2].stage_inst/b4/m0r_reg_reg[19]
INFO: [Physopt 32-662] Processed net gen_stages[3].stage_inst/b4/pm0i/cpa_result_pipe_reg[2][3]_srl3___gen_stages_r_1_i_4__0_n_0.  Did not re-place instance gen_stages[3].stage_inst/b4/pm0i/cpa_result_pipe_reg[2][3]_srl3___gen_stages_r_1_i_4__0
INFO: [Physopt 32-662] Processed net gen_stages[3].stage_inst/b4/pm0i/cpa_result_pipe_reg[2][4]_srl3___gen_stages_r_1_n_0.  Did not re-place instance gen_stages[3].stage_inst/b4/pm0i/cpa_result_pipe_reg[2][4]_srl3___gen_stages_r_1
INFO: [Physopt 32-662] Processed net gen_stages[3].stage_inst/gen_input_logic.stride_segment_counter_reg__0[4].  Did not re-place instance gen_stages[3].stage_inst/gen_input_logic.stride_segment_counter_reg[4]
INFO: [Physopt 32-662] Processed net gen_stages[3].stage_inst/gen_input_logic.flush_count_reg_n_0_[2].  Did not re-place instance gen_stages[3].stage_inst/gen_input_logic.flush_count_reg[2]
INFO: [Physopt 32-662] Processed net gen_stages[3].stage_inst/gen_input_logic.flush_count_reg[4]_0.  Did not re-place instance gen_stages[3].stage_inst/gen_input_logic.flush_count[5]_i_3__1
INFO: [Physopt 32-662] Processed net gen_stages[3].stage_inst/gen_input_logic.mem_counter_reg__0[1].  Did not re-place instance gen_stages[3].stage_inst/gen_input_logic.mem_counter_reg[1]
INFO: [Physopt 32-662] Processed net gen_stages[3].stage_inst/gen_memory.mem/mem_B_reg_0_63_31_31_i_1_n_0.  Did not re-place instance gen_stages[3].stage_inst/gen_memory.mem/mem_B_reg_0_63_31_31_i_1
INFO: [Physopt 32-662] Processed net gen_stages[3].stage_inst/gen_input_logic.stride_segment_counter_reg__0[5].  Did not re-place instance gen_stages[3].stage_inst/gen_input_logic.stride_segment_counter_reg[5]
INFO: [Physopt 32-662] Processed net gen_stages[3].stage_inst/gen_input_logic.stride_segment_counter_reg__1__0[3].  Did not re-place instance gen_stages[3].stage_inst/gen_input_logic.stride_segment_counter_reg[3]
INFO: [Physopt 32-662] Processed net gen_stages[0].stage_inst/b4/pm0i_2/product_reg[11]_srl3___gen_stages_r_1_i_4_n_0.  Did not re-place instance gen_stages[0].stage_inst/b4/pm0i_2/product_reg[11]_srl3___gen_stages_r_1_i_4
INFO: [Physopt 32-662] Processed net gen_stages[3].stage_inst/gen_input_logic.mem_counter_reg__0[5].  Did not re-place instance gen_stages[3].stage_inst/gen_input_logic.mem_counter_reg[5]
INFO: [Physopt 32-662] Processed net gen_stages[0].stage_inst/b4/pm0i_2/cpa_a_pipe_reg[0][15]_2.  Did not re-place instance gen_stages[0].stage_inst/b4/pm0i_2/product_reg[13]_srl3___gen_stages_r_1
INFO: [Physopt 32-662] Processed net gen_stages[2].stage_inst/b4/pm2i/cpa_result_pipe_reg[2][15]_srl2___gen_stages_r_0_n_0.  Did not re-place instance gen_stages[2].stage_inst/b4/pm2i/cpa_result_pipe_reg[2][15]_srl2___gen_stages_r_0
INFO: [Physopt 32-662] Processed net gen_stages[1].stage_inst/b4/pm1i_2/cpa_result_pipe_reg[2][11]_srl2___gen_stages_r_0_i_2_n_0.  Did not re-place instance gen_stages[1].stage_inst/b4/pm1i_2/cpa_result_pipe_reg[2][11]_srl2___gen_stages_r_0_i_2
INFO: [Physopt 32-662] Processed net gen_stages[2].stage_inst/b4/m1i_reg[7]_i_10_n_0.  Did not re-place instance gen_stages[2].stage_inst/b4/m1i_reg[7]_i_10
INFO: [Physopt 32-662] Processed net gen_stages[2].stage_inst/b4/pm0i/cpa_result_pipe_reg[2][11]_srl2___gen_stages_r_0_i_4__0_n_0.  Did not re-place instance gen_stages[2].stage_inst/b4/pm0i/cpa_result_pipe_reg[2][11]_srl2___gen_stages_r_0_i_4__0
INFO: [Physopt 32-662] Processed net gen_stages[3].stage_inst/gen_input_logic.mem_counter_read_reg_n_0_[5].  Did not re-place instance gen_stages[3].stage_inst/gen_input_logic.mem_counter_read_reg[5]
INFO: [Physopt 32-662] Processed net gen_stages[1].stage_inst/b4/pm1i_2/cpa_result_pipe_reg[2][15]_srl2___gen_stages_r_0_n_0.  Did not re-place instance gen_stages[1].stage_inst/b4/pm1i_2/cpa_result_pipe_reg[2][15]_srl2___gen_stages_r_0
INFO: [Physopt 32-662] Processed net gen_stages[2].stage_inst/b4/pm0i/cpa_result_pipe_reg[2][15]_srl2___gen_stages_r_0_n_0.  Did not re-place instance gen_stages[2].stage_inst/b4/pm0i/cpa_result_pipe_reg[2][15]_srl2___gen_stages_r_0
INFO: [Physopt 32-662] Processed net gen_stages[2].stage_inst/b4/p_0_in6_in[15].  Did not re-place instance gen_stages[2].stage_inst/b4/m1i_reg_reg[22]
INFO: [Physopt 32-662] Processed net gen_stages[1].stage_inst/b4/pm1i/cpa_result_pipe_reg[2][11]_srl2___gen_stages_r_0_i_5_n_0.  Did not re-place instance gen_stages[1].stage_inst/b4/pm1i/cpa_result_pipe_reg[2][11]_srl2___gen_stages_r_0_i_5
INFO: [Physopt 32-662] Processed net gen_stages[1].stage_inst/b4/t0r_reg[7]_i_5__0_n_0.  Did not re-place instance gen_stages[1].stage_inst/b4/t0r_reg[7]_i_5__0
INFO: [Physopt 32-662] Processed net gen_stages[2].stage_inst/b4/m1i_reg[15]_i_2_n_0.  Did not re-place instance gen_stages[2].stage_inst/b4/m1i_reg[15]_i_2
INFO: [Physopt 32-662] Processed net gen_stages[1].stage_inst/b4/pm1r/cpa_result_pipe_reg[2][14]_srl2___gen_stages_r_0_n_0.  Did not re-place instance gen_stages[1].stage_inst/b4/pm1r/cpa_result_pipe_reg[2][14]_srl2___gen_stages_r_0
INFO: [Physopt 32-662] Processed net gen_stages[1].stage_inst/b4/pm2i/cpa_result_pipe_reg[2][5]_srl3___gen_stages_r_1_n_0.  Did not re-place instance gen_stages[1].stage_inst/b4/pm2i/cpa_result_pipe_reg[2][5]_srl3___gen_stages_r_1
INFO: [Physopt 32-662] Processed net gen_stages[3].stage_inst/gen_input_logic.flush_count_reg_n_0_[4].  Did not re-place instance gen_stages[3].stage_inst/gen_input_logic.flush_count_reg[4]
INFO: [Physopt 32-662] Processed net gen_stages[3].stage_inst/b4/m1i_reg[7]_i_6__0_n_0.  Did not re-place instance gen_stages[3].stage_inst/b4/m1i_reg[7]_i_6__0
INFO: [Physopt 32-662] Processed net gen_stages[3].stage_inst/b4/pm0r/cpa_result_pipe_reg[2][11]_srl2___gen_stages_r_0_i_4__2_n_0.  Did not re-place instance gen_stages[3].stage_inst/b4/pm0r/cpa_result_pipe_reg[2][11]_srl2___gen_stages_r_0_i_4__2
INFO: [Physopt 32-662] Processed net gen_stages[1].stage_inst/b4/pm1i/cpa_result_pipe_reg[2][11]_srl2___gen_stages_r_0_n_0.  Did not re-place instance gen_stages[1].stage_inst/b4/pm1i/cpa_result_pipe_reg[2][11]_srl2___gen_stages_r_0
INFO: [Physopt 32-662] Processed net gen_stages[3].stage_inst/b4/pm0r/cpa_result_pipe_reg[2][15]_srl2___gen_stages_r_0_n_0.  Did not re-place instance gen_stages[3].stage_inst/b4/pm0r/cpa_result_pipe_reg[2][15]_srl2___gen_stages_r_0
INFO: [Physopt 32-662] Processed net gen_stages[2].stage_inst/b4/i___47_n_0.  Did not re-place instance gen_stages[2].stage_inst/b4/i___47
INFO: [Physopt 32-662] Processed net gen_stages[2].stage_inst/b4/pm0r_2/cpa_carry_pipe_reg[0]__0.  Did not re-place instance gen_stages[2].stage_inst/b4/pm0r_2/cpa_carry_pipe_reg[0]
INFO: [Physopt 32-662] Processed net gen_stages[2].stage_inst/b4/pm0r_2/cpa_result_pipe_reg[2][3]_srl3___gen_stages_r_1_i_4_n_0.  Did not re-place instance gen_stages[2].stage_inst/b4/pm0r_2/cpa_result_pipe_reg[2][3]_srl3___gen_stages_r_1_i_4
INFO: [Physopt 32-662] Processed net gen_stages[0].stage_inst/b4/mul_m0r_reg_1[1].  Did not re-place instance gen_stages[0].stage_inst/b4/mul_m0r_reg_1_reg[1]
INFO: [Physopt 32-662] Processed net gen_stages[2].stage_inst/b4/p_0_in6_in[8].  Did not re-place instance gen_stages[2].stage_inst/b4/m1i_reg_reg[15]
INFO: [Physopt 32-662] Processed net gen_stages[1].stage_inst/b4/i___134_n_0.  Did not re-place instance gen_stages[1].stage_inst/b4/i___134
INFO: [Physopt 32-662] Processed net gen_stages[2].stage_inst/b4/t0i_reg[11]_i_5__1_n_0.  Did not re-place instance gen_stages[2].stage_inst/b4/t0i_reg[11]_i_5__1
INFO: [Physopt 32-662] Processed net gen_stages[3].stage_inst/b4/pm0r/cpa_result_pipe_reg[2][13]_srl2___gen_stages_r_0_n_0.  Did not re-place instance gen_stages[3].stage_inst/b4/pm0r/cpa_result_pipe_reg[2][13]_srl2___gen_stages_r_0
INFO: [Physopt 32-662] Processed net gen_stages[2].stage_inst/b4/pm0i/p_1_in[0].  Did not re-place instance gen_stages[2].stage_inst/b4/pm0i/cpa_a_pipe_reg[0][8]
INFO: [Physopt 32-662] Processed net gen_stages[3].stage_inst/b4/pm1r/p_1_in[1].  Did not re-place instance gen_stages[3].stage_inst/b4/pm1r/cpa_a_pipe_reg[0][9]
INFO: [Physopt 32-662] Processed net gen_stages[1].stage_inst/b4/pm1i/cpa_result_pipe_reg[2][11]_srl2___gen_stages_r_0_i_2_n_0.  Did not re-place instance gen_stages[1].stage_inst/b4/pm1i/cpa_result_pipe_reg[2][11]_srl2___gen_stages_r_0_i_2
INFO: [Physopt 32-662] Processed net gen_stages[2].stage_inst/b4/pm0i/cpa_result_pipe_reg[2][11]_srl2___gen_stages_r_0_i_5__0_n_0.  Did not re-place instance gen_stages[2].stage_inst/b4/pm0i/cpa_result_pipe_reg[2][11]_srl2___gen_stages_r_0_i_5__0
INFO: [Physopt 32-662] Processed net gen_stages[3].stage_inst/b4/pm1r/cpa_result_pipe_reg[2][11]_srl2___gen_stages_r_0_i_4__2_n_0.  Did not re-place instance gen_stages[3].stage_inst/b4/pm1r/cpa_result_pipe_reg[2][11]_srl2___gen_stages_r_0_i_4__2
INFO: [Physopt 32-662] Processed net gen_stages[2].stage_inst/b4/pm1r_2/cpa_result_pipe_reg[2][4]_srl3___gen_stages_r_1_n_0.  Did not re-place instance gen_stages[2].stage_inst/b4/pm1r_2/cpa_result_pipe_reg[2][4]_srl3___gen_stages_r_1
INFO: [Physopt 32-662] Processed net gen_stages[3].stage_inst/b4/mul_m0r_reg_1[0].  Did not re-place instance gen_stages[3].stage_inst/b4/mul_m0r_reg_1_reg[0]
INFO: [Physopt 32-662] Processed net gen_stages[1].stage_inst/b4/pm1r_2/cpa_result_pipe_reg[2][11]_srl2___gen_stages_r_0_i_3_n_0.  Did not re-place instance gen_stages[1].stage_inst/b4/pm1r_2/cpa_result_pipe_reg[2][11]_srl2___gen_stages_r_0_i_3
INFO: [Physopt 32-662] Processed net gen_stages[3].stage_inst/b4/i___45_n_0.  Did not re-place instance gen_stages[3].stage_inst/b4/i___45
INFO: [Physopt 32-662] Processed net gen_stages[1].stage_inst/b4/pm1r_2/cpa_result_pipe_reg[2][13]_srl2___gen_stages_r_0_n_0.  Did not re-place instance gen_stages[1].stage_inst/b4/pm1r_2/cpa_result_pipe_reg[2][13]_srl2___gen_stages_r_0
INFO: [Physopt 32-662] Processed net gen_stages[2].stage_inst/b4/p_0_in6_in[12].  Did not re-place instance gen_stages[2].stage_inst/b4/m1i_reg_reg[19]
INFO: [Physopt 32-662] Processed net gen_stages[3].stage_inst/b4/pm2i_2/p_1_in[0].  Did not re-place instance gen_stages[3].stage_inst/b4/pm2i_2/cpa_a_pipe_reg[0][8]
INFO: [Physopt 32-662] Processed net gen_stages[1].stage_inst/b4/m1r_reg[7]_i_3__0_n_0.  Did not re-place instance gen_stages[1].stage_inst/b4/m1r_reg[7]_i_3__0
INFO: [Physopt 32-662] Processed net gen_stages[3].stage_inst/b4/pm2i_2/cpa_result_pipe_reg[2][11]_srl2___gen_stages_r_0_i_5__1_n_0.  Did not re-place instance gen_stages[3].stage_inst/b4/pm2i_2/cpa_result_pipe_reg[2][11]_srl2___gen_stages_r_0_i_5__1
INFO: [Physopt 32-662] Processed net gen_stages[3].stage_inst/b4/pm2r/cpa_result_pipe_reg[2][11]_srl2___gen_stages_r_0_i_4__2_n_0.  Did not re-place instance gen_stages[3].stage_inst/b4/pm2r/cpa_result_pipe_reg[2][11]_srl2___gen_stages_r_0_i_4__2
INFO: [Physopt 32-662] Processed net gen_stages[3].stage_inst/b4/pm2r/cpa_result_pipe_reg[2][12]_srl2___gen_stages_r_0_n_0.  Did not re-place instance gen_stages[3].stage_inst/b4/pm2r/cpa_result_pipe_reg[2][12]_srl2___gen_stages_r_0
INFO: [Physopt 32-662] Processed net gen_stages[1].stage_inst/b4/m0i_reg[8]_i_10_n_0.  Did not re-place instance gen_stages[1].stage_inst/b4/m0i_reg[8]_i_10
INFO: [Physopt 32-662] Processed net gen_stages[2].stage_inst/b4/pm0i_2/cpa_result_pipe_reg[2][11]_srl2___gen_stages_r_0_i_4__0_n_0.  Did not re-place instance gen_stages[2].stage_inst/b4/pm0i_2/cpa_result_pipe_reg[2][11]_srl2___gen_stages_r_0_i_4__0
INFO: [Physopt 32-662] Processed net gen_stages[2].stage_inst/b4/pm0i_2/cpa_result_pipe_reg[2][15]_srl2___gen_stages_r_0_n_0.  Did not re-place instance gen_stages[2].stage_inst/b4/pm0i_2/cpa_result_pipe_reg[2][15]_srl2___gen_stages_r_0
INFO: [Physopt 32-662] Processed net gen_stages[3].stage_inst/b4/pm0i/csa_sum_r[0].  Did not re-place instance gen_stages[3].stage_inst/b4/pm0i/csa_sum_r_reg[0]
INFO: [Physopt 32-662] Processed net gen_stages[1].stage_inst/b4/pm1r/cpa_result_pipe_reg[2][11]_srl2___gen_stages_r_0_i_3__0_n_0.  Did not re-place instance gen_stages[1].stage_inst/b4/pm1r/cpa_result_pipe_reg[2][11]_srl2___gen_stages_r_0_i_3__0
INFO: [Physopt 32-662] Processed net gen_stages[2].stage_inst/b4/m2i_reg[7]_i_6__0_n_0.  Did not re-place instance gen_stages[2].stage_inst/b4/m2i_reg[7]_i_6__0
INFO: [Physopt 32-662] Processed net gen_stages[2].stage_inst/b4/pm0i/cpa_carry_pipe_reg[0]__0.  Did not re-place instance gen_stages[2].stage_inst/b4/pm0i/cpa_carry_pipe_reg[0]
INFO: [Physopt 32-662] Processed net gen_stages[2].stage_inst/b4/pm0i/cpa_result_pipe_reg[2][7]_srl3___gen_stages_r_1_i_4_n_0.  Did not re-place instance gen_stages[2].stage_inst/b4/pm0i/cpa_result_pipe_reg[2][7]_srl3___gen_stages_r_1_i_4
INFO: [Physopt 32-662] Processed net gen_stages[2].stage_inst/b4/p_0_in_0[14].  Did not re-place instance gen_stages[2].stage_inst/b4/m2i_reg_reg[21]
INFO: [Physopt 32-662] Processed net gen_stages[2].stage_inst/b4/p_1_in1_in[10].  Did not re-place instance gen_stages[2].stage_inst/b4/m0r_reg_reg[17]
INFO: [Physopt 32-662] Processed net gen_stages[1].stage_inst/b4/pm0i/cpa_result_pipe_reg[2][4]_srl3___gen_stages_r_1_i_3_n_0.  Did not re-place instance gen_stages[1].stage_inst/b4/pm0i/cpa_result_pipe_reg[2][4]_srl3___gen_stages_r_1_i_3
INFO: [Physopt 32-662] Processed net gen_stages[1].stage_inst/b4/pm1i_2/cpa_result_pipe_reg[2][11]_srl2___gen_stages_r_0_i_4_n_0.  Did not re-place instance gen_stages[1].stage_inst/b4/pm1i_2/cpa_result_pipe_reg[2][11]_srl2___gen_stages_r_0_i_4
INFO: [Physopt 32-662] Processed net gen_stages[2].stage_inst/b4/i___49_n_0.  Did not re-place instance gen_stages[2].stage_inst/b4/i___49
INFO: [Physopt 32-662] Processed net gen_stages[0].stage_inst/b4/pm0i_2/cpa_a_pipe_reg[0][15]_0.  Did not re-place instance gen_stages[0].stage_inst/b4/pm0i_2/product_reg[15]_srl3___gen_stages_r_1
INFO: [Physopt 32-662] Processed net gen_stages[2].stage_inst/b4/pm0r_2/cpa_result_pipe_reg[2][13]_srl2___gen_stages_r_0_n_0.  Did not re-place instance gen_stages[2].stage_inst/b4/pm0r_2/cpa_result_pipe_reg[2][13]_srl2___gen_stages_r_0
INFO: [Physopt 32-662] Processed net gen_stages[0].stage_inst/b4/pm0i_2/product_reg[11]_srl3___gen_stages_r_1_i_3_n_0.  Did not re-place instance gen_stages[0].stage_inst/b4/pm0i_2/product_reg[11]_srl3___gen_stages_r_1_i_3
INFO: [Physopt 32-662] Processed net gen_stages[1].stage_inst/b4/pm2r_2/cpa_result_pipe_reg[2][3]_srl3___gen_stages_r_1_i_5_n_0.  Did not re-place instance gen_stages[1].stage_inst/b4/pm2r_2/cpa_result_pipe_reg[2][3]_srl3___gen_stages_r_1_i_5
INFO: [Physopt 32-662] Processed net gen_stages[2].stage_inst/b4/pm0r_2/cpa_result_pipe_reg[2][11]_srl2___gen_stages_r_0_i_2__0_n_0.  Did not re-place instance gen_stages[2].stage_inst/b4/pm0r_2/cpa_result_pipe_reg[2][11]_srl2___gen_stages_r_0_i_2__0
INFO: [Physopt 32-662] Processed net gen_stages[1].stage_inst/b4/pm2r_2/cpa_result_pipe_reg[2][7]_srl3___gen_stages_r_1_n_0.  Did not re-place instance gen_stages[1].stage_inst/b4/pm2r_2/cpa_result_pipe_reg[2][7]_srl3___gen_stages_r_1
INFO: [Physopt 32-662] Processed net gen_stages[3].stage_inst/b4/pm0i_2/cpa_result_pipe_reg[2][11]_srl2___gen_stages_r_0_i_2__1_n_0.  Did not re-place instance gen_stages[3].stage_inst/b4/pm0i_2/cpa_result_pipe_reg[2][11]_srl2___gen_stages_r_0_i_2__1
INFO: [Physopt 32-662] Processed net gen_stages[3].stage_inst/b4/t0i_reg[7]_i_4__2_n_0.  Did not re-place instance gen_stages[3].stage_inst/b4/t0i_reg[7]_i_4__2
INFO: [Physopt 32-662] Processed net gen_stages[3].stage_inst/b4/t0i_reg[15].  Did not re-place instance gen_stages[3].stage_inst/b4/t0i_reg_reg[15]
INFO: [Physopt 32-662] Processed net gen_stages[3].stage_inst/b4/pm0i_2/cpa_result_pipe_reg[2][14]_srl2___gen_stages_r_0_n_0.  Did not re-place instance gen_stages[3].stage_inst/b4/pm0i_2/cpa_result_pipe_reg[2][14]_srl2___gen_stages_r_0
INFO: [Physopt 32-662] Processed net gen_stages[1].stage_inst/b4/p_0_in5_in[0].  Did not re-place instance gen_stages[1].stage_inst/b4/m2r_reg_reg[7]
INFO: [Physopt 32-662] Processed net gen_stages[1].stage_inst/b4/t2r_reg[3]_i_5__0_n_0.  Did not re-place instance gen_stages[1].stage_inst/b4/t2r_reg[3]_i_5__0
INFO: [Physopt 32-662] Processed net gen_stages[1].stage_inst/b4/p_0_in7_in[3].  Did not re-place instance gen_stages[1].stage_inst/b4/m1r_reg_reg[10]
INFO: [Physopt 32-662] Processed net gen_stages[0].stage_inst/b4/pm0i_2/product_reg[11]_srl3___gen_stages_r_1_i_2_n_0.  Did not re-place instance gen_stages[0].stage_inst/b4/pm0i_2/product_reg[11]_srl3___gen_stages_r_1_i_2
INFO: [Physopt 32-662] Processed net gen_stages[1].stage_inst/b4/pm1r/cpa_result_pipe_reg[2][15]_srl2___gen_stages_r_0_i_4__0_n_0.  Did not re-place instance gen_stages[1].stage_inst/b4/pm1r/cpa_result_pipe_reg[2][15]_srl2___gen_stages_r_0_i_4__0
INFO: [Physopt 32-662] Processed net gen_stages[1].stage_inst/b4/t0r_reg[3]_i_2__0_n_0.  Did not re-place instance gen_stages[1].stage_inst/b4/t0r_reg[3]_i_2__0
INFO: [Physopt 32-662] Processed net gen_stages[2].stage_inst/b4/i___56_n_0.  Did not re-place instance gen_stages[2].stage_inst/b4/i___56
INFO: [Physopt 32-662] Processed net gen_stages[2].stage_inst/b4/pm0r_2/cpa_result_pipe_reg[2][15]_srl2___gen_stages_r_0_n_0.  Did not re-place instance gen_stages[2].stage_inst/b4/pm0r_2/cpa_result_pipe_reg[2][15]_srl2___gen_stages_r_0
INFO: [Physopt 32-662] Processed net gen_stages[1].stage_inst/b4/pm1i_2/cpa_result_pipe_reg[2][11]_srl2___gen_stages_r_0_i_5_n_0.  Did not re-place instance gen_stages[1].stage_inst/b4/pm1i_2/cpa_result_pipe_reg[2][11]_srl2___gen_stages_r_0_i_5
INFO: [Physopt 32-662] Processed net gen_stages[1].stage_inst/b4/pm2i/cpa_carry_pipe_reg[0]__0.  Did not re-place instance gen_stages[1].stage_inst/b4/pm2i/cpa_carry_pipe_reg[0]
INFO: [Physopt 32-662] Processed net gen_stages[1].stage_inst/b4/pm2i_2/cpa_carry_pipe_reg[1]__0.  Did not re-place instance gen_stages[1].stage_inst/b4/pm2i_2/cpa_carry_pipe_reg[1]
INFO: [Physopt 32-661] Optimized 82 nets.  Re-placed 82 instances.
INFO: [Physopt 32-775] End 1 Pass. Optimized 82 nets or cells. Created 0 new cell, deleted 0 existing cell and moved 82 existing cells
INFO: [Physopt 32-619] Estimated Timing Summary | WNS=-0.556 | TNS=-433.567 |
Netlist sorting complete. Time (s): cpu = 00:00:00 ; elapsed = 00:00:00 . Memory (MB): peak = 2617.598 ; gain = 0.000 ; free physical = 2112 ; free virtual = 15106
Phase 14 Placement Based Optimization | Checksum: 1c3128a0d

Time (s): cpu = 00:07:40 ; elapsed = 00:01:36 . Memory (MB): peak = 2617.598 ; gain = 15.035 ; free physical = 2112 ; free virtual = 15106

Phase 15 MultiInst Placement Optimization
INFO: [Physopt 32-660] Identified 100 candidate nets for placement-based optimization.
INFO: [Physopt 32-662] Processed net gen_stages[2].stage_inst/b4/pm0r_2/p_1_in[1].  Did not re-place instance gen_stages[2].stage_inst/b4/pm0r_2/cpa_a_pipe_reg[0][9]/Q
INFO: [Physopt 32-662] Processed net gen_stages[2].stage_inst/b4/mul_m0r_reg_1[0].  Did not re-place instance gen_stages[2].stage_inst/b4/mul_m0r_reg_1_reg[0]/Q
INFO: [Physopt 32-662] Processed net gen_stages[2].stage_inst/b4/p_1_in1_in[13].  Did not re-place instance gen_stages[2].stage_inst/b4/m0r_reg_reg[20]/Q
INFO: [Physopt 32-662] Processed net gen_stages[2].stage_inst/b4/pm0r_2/p_1_in[0].  Did not re-place instance gen_stages[2].stage_inst/b4/pm0r_2/cpa_a_pipe_reg[0][8]/Q
INFO: [Physopt 32-662] Processed net gen_stages[2].stage_inst/b4/pm1r_2/csa_sum_r[0]_repN.  Did not re-place instance gen_stages[2].stage_inst/b4/pm1r_2/csa_sum_r_reg[0]_replica/Q
INFO: [Physopt 32-662] Processed net gen_stages[2].stage_inst/b4/mul_m0r_reg_1[1].  Did not re-place instance gen_stages[2].stage_inst/b4/mul_m0r_reg_1_reg[1]/Q
INFO: [Physopt 32-662] Processed net gen_stages[1].stage_inst/b4/pm1r/p_1_in[0].  Did not re-place instance gen_stages[1].stage_inst/b4/pm1r/cpa_a_pipe_reg[0][8]/Q
INFO: [Physopt 32-662] Processed net gen_stages[1].stage_inst/b4/pm0i/csa_sum_r[2].  Did not re-place instance gen_stages[1].stage_inst/b4/pm0i/csa_sum_r_reg[2]/Q
INFO: [Physopt 32-662] Processed net gen_stages[1].stage_inst/b4/mul_m0r_reg_1[2].  Did not re-place instance gen_stages[1].stage_inst/b4/mul_m0r_reg_1_reg[2]/Q
INFO: [Physopt 32-662] Processed net gen_stages[1].stage_inst/b4/p_1_in1_in[5].  Did not re-place instance gen_stages[1].stage_inst/b4/m0r_reg_reg[12]/Q
INFO: [Physopt 32-662] Processed net gen_stages_r_9_n_0.  Did not re-place instance gen_stages_r_9/Q
INFO: [Physopt 32-662] Processed net gen_stages[1].stage_inst/b4/p_1_in1_in[2].  Did not re-place instance gen_stages[1].stage_inst/b4/m0r_reg_reg[9]/Q
INFO: [Physopt 32-662] Processed net gen_stages[3].stage_inst/b4/pm2i_2/p_1_in[1].  Did not re-place instance gen_stages[3].stage_inst/b4/pm2i_2/cpa_a_pipe_reg[0][9]/Q
INFO: [Physopt 32-662] Processed net gen_stages[1].stage_inst/b4/pm1i/p_1_in[1].  Did not re-place instance gen_stages[1].stage_inst/b4/pm1i/cpa_a_pipe_reg[0][9]/Q
INFO: [Physopt 32-662] Processed net gen_stages[2].stage_inst/b4/pm1r_2/csa_sum_r[1].  Did not re-place instance gen_stages[2].stage_inst/b4/pm1r_2/csa_sum_r_reg[1]/Q
INFO: [Physopt 32-662] Processed net gen_stages[2].stage_inst/b4/mul_m1i_reg_1[4].  Did not re-place instance gen_stages[2].stage_inst/b4/mul_m1i_reg_1_reg[4]/Q
INFO: [Physopt 32-662] Processed net gen_stages[2].stage_inst/b4/p_0_in6_in[15].  Did not re-place instance gen_stages[2].stage_inst/b4/m1i_reg_reg[22]/Q
INFO: [Physopt 32-662] Processed net gen_stages[2].stage_inst/b4/mul_m0r_reg_1[5].  Did not re-place instance gen_stages[2].stage_inst/b4/mul_m0r_reg_1_reg[5]/Q
INFO: [Physopt 32-662] Processed net gen_stages[3].stage_inst/b4/mul_m0r_reg_1[1].  Did not re-place instance gen_stages[3].stage_inst/b4/mul_m0r_reg_1_reg[1]/Q
INFO: [Physopt 32-662] Processed net gen_stages[2].stage_inst/b4/p_1_in1_in[12].  Did not re-place instance gen_stages[2].stage_inst/b4/m0r_reg_reg[19]/Q
INFO: [Physopt 32-662] Processed net gen_stages[2].stage_inst/b4/mul_m0r_reg_1[8].  Did not re-place instance gen_stages[2].stage_inst/b4/mul_m0r_reg_1_reg[8]/Q
INFO: [Physopt 32-662] Processed net gen_stages[1].stage_inst/b4/p_1_in1_in[1].  Did not re-place instance gen_stages[1].stage_inst/b4/m0r_reg_reg[8]/Q
INFO: [Physopt 32-662] Processed net gen_stages[0].stage_inst/b4/pm0i_2/p_1_in[1].  Did not re-place instance gen_stages[0].stage_inst/b4/pm0i_2/cpa_a_pipe_reg[0][9]/Q
INFO: [Physopt 32-662] Processed net gen_stages[1].stage_inst/b4/pm1i/p_1_in[0].  Did not re-place instance gen_stages[1].stage_inst/b4/pm1i/cpa_a_pipe_reg[0][8]/Q
INFO: [Physopt 32-662] Processed net gen_stages[2].stage_inst/b4/pm0i/p_1_in[0].  Did not re-place instance gen_stages[2].stage_inst/b4/pm0i/cpa_a_pipe_reg[0][8]/Q
INFO: [Physopt 32-662] Processed net gen_stages[2].stage_inst/b4/p_0_in6_in[12].  Did not re-place instance gen_stages[2].stage_inst/b4/m1i_reg_reg[19]/Q
INFO: [Physopt 32-662] Processed net gen_stages[2].stage_inst/b4/p_0_in6_in[5].  Did not re-place instance gen_stages[2].stage_inst/b4/m1i_reg_reg[12]/Q
INFO: [Physopt 32-662] Processed net gen_stages[3].stage_inst/b4/mul_m0r_reg_1[0].  Did not re-place instance gen_stages[3].stage_inst/b4/mul_m0r_reg_1_reg[0]/Q
INFO: [Physopt 32-662] Processed net gen_stages[3].stage_inst/b4/pm2i_2/p_1_in[0].  Did not re-place instance gen_stages[3].stage_inst/b4/pm2i_2/cpa_a_pipe_reg[0][8]/Q
INFO: [Physopt 32-662] Processed net gen_stages[2].stage_inst/b4/p_1_in1_in[10].  Did not re-place instance gen_stages[2].stage_inst/b4/m0r_reg_reg[17]/Q
INFO: [Physopt 32-662] Processed net gen_stages[3].stage_inst/gen_input_logic.stride_segment_counter_reg__0[4].  Did not re-place instance gen_stages[3].stage_inst/gen_input_logic.stride_segment_counter_reg[4]/Q
INFO: [Physopt 32-662] Processed net gen_stages[3].stage_inst/b4/pm0i/csa_sum_r[0].  Did not re-place instance gen_stages[3].stage_inst/b4/pm0i/csa_sum_r_reg[0]/Q
INFO: [Physopt 32-662] Processed net gen_stages[3].stage_inst/gen_input_logic.flush_count_reg[4]_0.  Did not re-place instance gen_stages[3].stage_inst/gen_input_logic.flush_count[5]_i_3__1/O
INFO: [Physopt 32-662] Processed net gen_stages[3].stage_inst/gen_input_logic.stride_segment_counter_reg__0[5].  Did not re-place instance gen_stages[3].stage_inst/gen_input_logic.stride_segment_counter_reg[5]/Q
INFO: [Physopt 32-662] Processed net gen_stages[1].stage_inst/b4/p_0_in5_in[0].  Did not re-place instance gen_stages[1].stage_inst/b4/m2r_reg_reg[7]/Q
INFO: [Physopt 32-662] Processed net gen_stages[2].stage_inst/b4/pm0i/csa_sum_r[5].  Did not re-place instance gen_stages[2].stage_inst/b4/pm0i/csa_sum_r_reg[5]/Q
INFO: [Physopt 32-662] Processed net gen_stages[2].stage_inst/b4/pm0i/cpa_carry_pipe_reg[0]__0.  Did not re-place instance gen_stages[2].stage_inst/b4/pm0i/cpa_carry_pipe_reg[0]/Q
INFO: [Physopt 32-662] Processed net gen_stages_r_7_n_0.  Did not re-place instance gen_stages_r_7/Q
INFO: [Physopt 32-662] Processed net gen_stages[2].stage_inst/b4/p_0_in6_in[9].  Did not re-place instance gen_stages[2].stage_inst/b4/m1i_reg_reg[16]/Q
INFO: [Physopt 32-662] Processed net gen_stages[3].stage_inst/gen_input_logic.flush_count_reg_n_0_[4].  Did not re-place instance gen_stages[3].stage_inst/gen_input_logic.flush_count_reg[4]/Q
INFO: [Physopt 32-662] Processed net gen_stages[1].stage_inst/b4/pm2i_2/cpa_carry_pipe_reg[1]__0.  Did not re-place instance gen_stages[1].stage_inst/b4/pm2i_2/cpa_carry_pipe_reg[1]/Q
INFO: [Physopt 32-662] Processed net gen_stages[3].stage_inst/input_real_0_r[15].  Did not re-place instance gen_stages[3].stage_inst/input_real_0_r_reg[15]/Q
INFO: [Physopt 32-662] Processed net gen_stages[0].stage_inst/b4/mul_m0r_reg_1[0].  Did not re-place instance gen_stages[0].stage_inst/b4/mul_m0r_reg_1_reg[0]/Q
INFO: [Physopt 32-662] Processed net gen_stages[1].stage_inst/b4/mul_m1i_reg_1[2].  Did not re-place instance gen_stages[1].stage_inst/b4/mul_m1i_reg_1_reg[2]/Q
INFO: [Physopt 32-662] Processed net gen_stages[1].stage_inst/b4/pm1i_2/p_1_in[0].  Did not re-place instance gen_stages[1].stage_inst/b4/pm1i_2/cpa_a_pipe_reg[0][8]/Q
INFO: [Physopt 32-661] Optimized 10 nets.  Re-placed 21 instances.
INFO: [Physopt 32-775] End 1 Pass. Optimized 10 nets or cells. Created 0 new cell, deleted 0 existing cell and moved 21 existing cells
INFO: [Physopt 32-619] Estimated Timing Summary | WNS=-0.556 | TNS=-430.019 |
Netlist sorting complete. Time (s): cpu = 00:00:00 ; elapsed = 00:00:00 . Memory (MB): peak = 2617.598 ; gain = 0.000 ; free physical = 2124 ; free virtual = 15122
Phase 15 MultiInst Placement Optimization | Checksum: 15820d973

Time (s): cpu = 00:08:08 ; elapsed = 00:01:41 . Memory (MB): peak = 2617.598 ; gain = 15.035 ; free physical = 2124 ; free virtual = 15122

Phase 16 Rewire
INFO: [Physopt 32-246] Starting Signal Push optimization...
INFO: [Physopt 32-77] Pass 1. Identified 1 candidate net for rewire optimization.
INFO: [Physopt 32-134] Processed net gen_stages[3].stage_inst/gen_input_logic.flush_count_reg[4]_0. Rewiring did not optimize the net.
INFO: [Physopt 32-232] Optimized 0 net. Created 0 new instance.
INFO: [Physopt 32-775] End 1 Pass. Optimized 0 net or cell. Created 0 new cell, deleted 0 existing cell and moved 0 existing cell
Netlist sorting complete. Time (s): cpu = 00:00:00.01 ; elapsed = 00:00:00 . Memory (MB): peak = 2617.598 ; gain = 0.000 ; free physical = 2122 ; free virtual = 15121
Netlist sorting complete. Time (s): cpu = 00:00:00 ; elapsed = 00:00:00.01 . Memory (MB): peak = 2617.598 ; gain = 0.000 ; free physical = 2122 ; free virtual = 15121
Phase 16 Rewire | Checksum: 1b7d18afc

Time (s): cpu = 00:08:09 ; elapsed = 00:01:42 . Memory (MB): peak = 2617.598 ; gain = 15.035 ; free physical = 2120 ; free virtual = 15118

Phase 17 Critical Cell Optimization
INFO: [Physopt 32-46] Identified 30 candidate nets for critical-cell optimization.
INFO: [Physopt 32-572] Net gen_stages[2].stage_inst/b4/pm0r_2/p_1_in[1] was not replicated.
Resolution: phys_opt_design can be forced to replicate a net driver using the option -force_replication_on_nets <list of net objects>.
INFO: [Physopt 32-601] Processed net gen_stages[1].stage_inst/b4/p_1_in1_in[5]. Net driver gen_stages[1].stage_inst/b4/m0r_reg_reg[12] was replaced.
INFO: [Physopt 32-601] Processed net gen_stages[1].stage_inst/b4/p_1_in1_in[2]. Net driver gen_stages[1].stage_inst/b4/m0r_reg_reg[9] was replaced.
INFO: [Physopt 32-572] Net gen_stages[1].stage_inst/b4/pm1i/p_1_in[1] was not replicated.
Resolution: phys_opt_design can be forced to replicate a net driver using the option -force_replication_on_nets <list of net objects>.
INFO: [Physopt 32-572] Net gen_stages[2].stage_inst/b4/pm1r_2/csa_sum_r[1] was not replicated.
Resolution: phys_opt_design can be forced to replicate a net driver using the option -force_replication_on_nets <list of net objects>.
INFO: [Physopt 32-601] Processed net gen_stages[2].stage_inst/b4/mul_m1i_reg_1[4]. Net driver gen_stages[2].stage_inst/b4/mul_m1i_reg_1_reg[4] was replaced.
INFO: [Physopt 32-572] Net gen_stages[2].stage_inst/b4/mul_m0r_reg_1[5] was not replicated.
Resolution: phys_opt_design can be forced to replicate a net driver using the option -force_replication_on_nets <list of net objects>.
INFO: [Physopt 32-572] Net gen_stages[3].stage_inst/b4/mul_m0r_reg_1[1] was not replicated.
Resolution: phys_opt_design can be forced to replicate a net driver using the option -force_replication_on_nets <list of net objects>.
INFO: [Physopt 32-572] Net gen_stages[2].stage_inst/b4/p_1_in1_in[12] was not replicated.
Resolution: phys_opt_design can be forced to replicate a net driver using the option -force_replication_on_nets <list of net objects>.
INFO: [Physopt 32-601] Processed net gen_stages[2].stage_inst/b4/mul_m0r_reg_1[8]. Net driver gen_stages[2].stage_inst/b4/mul_m0r_reg_1_reg[8] was replaced.
INFO: [Physopt 32-571] Net gen_stages[2].stage_inst/b4/p_0_in6_in[6] was not replicated.
INFO: [Physopt 32-572] Net gen_stages[0].stage_inst/b4/pm0i_2/p_1_in[1] was not replicated.
Resolution: phys_opt_design can be forced to replicate a net driver using the option -force_replication_on_nets <list of net objects>.
INFO: [Physopt 32-571] Net gen_stages[1].stage_inst/b4/p_0_in5_in[1] was not replicated.
INFO: [Physopt 32-572] Net gen_stages[1].stage_inst/b4/pm1i/p_1_in[0] was not replicated.
Resolution: phys_opt_design can be forced to replicate a net driver using the option -force_replication_on_nets <list of net objects>.
INFO: [Physopt 32-572] Net gen_stages[2].stage_inst/b4/pm0i/p_1_in[0] was not replicated.
Resolution: phys_opt_design can be forced to replicate a net driver using the option -force_replication_on_nets <list of net objects>.
INFO: [Physopt 32-572] Net gen_stages[2].stage_inst/b4/p_0_in6_in[5] was not replicated.
Resolution: phys_opt_design can be forced to replicate a net driver using the option -force_replication_on_nets <list of net objects>.
INFO: [Physopt 32-572] Net gen_stages[3].stage_inst/b4/mul_m0r_reg_1[0] was not replicated.
Resolution: phys_opt_design can be forced to replicate a net driver using the option -force_replication_on_nets <list of net objects>.
INFO: [Physopt 32-572] Net gen_stages[2].stage_inst/SR[0] was not replicated.
Resolution: phys_opt_design can be forced to replicate a net driver using the option -force_replication_on_nets <list of net objects>.
INFO: [Physopt 32-601] Processed net gen_stages[3].stage_inst/b4/pm0i/csa_sum_r[0]. Net driver gen_stages[3].stage_inst/b4/pm0i/csa_sum_r_reg[0] was replaced.
INFO: [Physopt 32-81] Processed net gen_stages[3].stage_inst/gen_input_logic.flush_count_reg[4]_0. Replicated 1 times.
INFO: [Physopt 32-572] Net gen_stages[3].stage_inst/gen_input_logic.flush_count_reg_n_0_[2] was not replicated.
Resolution: phys_opt_design can be forced to replicate a net driver using the option -force_replication_on_nets <list of net objects>.
INFO: [Physopt 32-572] Net gen_stages[1].stage_inst/b4/p_0_in5_in[0] was not replicated.
Resolution: phys_opt_design can be forced to replicate a net driver using the option -force_replication_on_nets <list of net objects>.
INFO: [Physopt 32-601] Processed net gen_stages[2].stage_inst/b4/pm0i/csa_sum_r[5]. Net driver gen_stages[2].stage_inst/b4/pm0i/csa_sum_r_reg[5] was replaced.
INFO: [Physopt 32-572] Net gen_stages[2].stage_inst/b4/p_0_in6_in[9] was not replicated.
Resolution: phys_opt_design can be forced to replicate a net driver using the option -force_replication_on_nets <list of net objects>.
INFO: [Physopt 32-572] Net gen_stages[3].stage_inst/gen_input_logic.flush_count_reg_n_0_[4] was not replicated.
Resolution: phys_opt_design can be forced to replicate a net driver using the option -force_replication_on_nets <list of net objects>.
INFO: [Physopt 32-81] Processed net gen_stages[3].stage_inst/input_real_0_r[15]. Replicated 2 times.
INFO: [Physopt 32-81] Processed net gen_stages[1].stage_inst/b4/p_1_in1_in[1]. Replicated 1 times.
INFO: [Physopt 32-572] Net gen_stages[0].stage_inst/b4/mul_m0r_reg_1[0] was not replicated.
Resolution: phys_opt_design can be forced to replicate a net driver using the option -force_replication_on_nets <list of net objects>.
INFO: [Physopt 32-232] Optimized 9 nets. Created 4 new instances.
INFO: [Physopt 32-775] End 1 Pass. Optimized 9 nets or cells. Created 4 new cells, deleted 0 existing cell and moved 0 existing cell
INFO: [Physopt 32-619] Estimated Timing Summary | WNS=-0.556 | TNS=-429.080 |
Netlist sorting complete. Time (s): cpu = 00:00:00.02 ; elapsed = 00:00:00.03 . Memory (MB): peak = 2617.598 ; gain = 0.000 ; free physical = 2597 ; free virtual = 15587
Phase 17 Critical Cell Optimization | Checksum: 86a8781f

Time (s): cpu = 00:08:22 ; elapsed = 00:01:45 . Memory (MB): peak = 2617.598 ; gain = 15.035 ; free physical = 2597 ; free virtual = 15587

Phase 18 DSP Register Optimization
INFO: [Physopt 32-456] No candidate cells for DSP register optimization found in the design.
INFO: [Physopt 32-775] End 1 Pass. Optimized 0 net or cell. Created 0 new cell, deleted 0 existing cell and moved 0 existing cell
Phase 18 DSP Register Optimization | Checksum: 86a8781f

Time (s): cpu = 00:08:22 ; elapsed = 00:01:45 . Memory (MB): peak = 2617.598 ; gain = 15.035 ; free physical = 2599 ; free virtual = 15589

Phase 19 BRAM Register Optimization
INFO: [Physopt 32-526] No candidate cells for BRAM register optimization found in the design
INFO: [Physopt 32-775] End 1 Pass. Optimized 0 net or cell. Created 0 new cell, deleted 0 existing cell and moved 0 existing cell
Phase 19 BRAM Register Optimization | Checksum: 86a8781f

Time (s): cpu = 00:08:22 ; elapsed = 00:01:45 . Memory (MB): peak = 2617.598 ; gain = 15.035 ; free physical = 2599 ; free virtual = 15589

Phase 20 URAM Register Optimization
INFO: [Physopt 32-846] No candidate cells for URAM register optimization found in the design
INFO: [Physopt 32-775] End 1 Pass. Optimized 0 net or cell. Created 0 new cell, deleted 0 existing cell and moved 0 existing cell
Phase 20 URAM Register Optimization | Checksum: 86a8781f

Time (s): cpu = 00:08:22 ; elapsed = 00:01:45 . Memory (MB): peak = 2617.598 ; gain = 15.035 ; free physical = 2599 ; free virtual = 15589

Phase 21 Shift Register Optimization
INFO: [Physopt 32-775] End 1 Pass. Optimized 42 nets or cells. Created 42 new cells, deleted 0 existing cell and moved 0 existing cell
INFO: [Physopt 32-619] Estimated Timing Summary | WNS=-0.544 | TNS=-417.973 |
Netlist sorting complete. Time (s): cpu = 00:00:00.05 ; elapsed = 00:00:00.05 . Memory (MB): peak = 2633.605 ; gain = 0.000 ; free physical = 2696 ; free virtual = 15651
Phase 21 Shift Register Optimization | Checksum: f8e08ed6

Time (s): cpu = 00:08:42 ; elapsed = 00:01:50 . Memory (MB): peak = 2633.605 ; gain = 31.043 ; free physical = 2696 ; free virtual = 15651

Phase 22 DSP Register Optimization
INFO: [Physopt 32-456] No candidate cells for DSP register optimization found in the design.
INFO: [Physopt 32-775] End 1 Pass. Optimized 0 net or cell. Created 0 new cell, deleted 0 existing cell and moved 0 existing cell
Phase 22 DSP Register Optimization | Checksum: f8e08ed6

Time (s): cpu = 00:08:42 ; elapsed = 00:01:50 . Memory (MB): peak = 2633.605 ; gain = 31.043 ; free physical = 2696 ; free virtual = 15651

Phase 23 BRAM Register Optimization
INFO: [Physopt 32-526] No candidate cells for BRAM register optimization found in the design
INFO: [Physopt 32-775] End 1 Pass. Optimized 0 net or cell. Created 0 new cell, deleted 0 existing cell and moved 0 existing cell
Phase 23 BRAM Register Optimization | Checksum: f8e08ed6

Time (s): cpu = 00:08:42 ; elapsed = 00:01:50 . Memory (MB): peak = 2633.605 ; gain = 31.043 ; free physical = 2696 ; free virtual = 15651

Phase 24 URAM Register Optimization
INFO: [Physopt 32-846] No candidate cells for URAM register optimization found in the design
INFO: [Physopt 32-775] End 1 Pass. Optimized 0 net or cell. Created 0 new cell, deleted 0 existing cell and moved 0 existing cell
Phase 24 URAM Register Optimization | Checksum: f8e08ed6

Time (s): cpu = 00:08:42 ; elapsed = 00:01:50 . Memory (MB): peak = 2633.605 ; gain = 31.043 ; free physical = 2696 ; free virtual = 15651

Phase 25 Shift Register Optimization
INFO: [Physopt 32-775] End 1 Pass. Optimized 8 nets or cells. Created 8 new cells, deleted 0 existing cell and moved 0 existing cell
INFO: [Physopt 32-619] Estimated Timing Summary | WNS=-0.544 | TNS=-415.693 |
Netlist sorting complete. Time (s): cpu = 00:00:00.02 ; elapsed = 00:00:00.02 . Memory (MB): peak = 2633.605 ; gain = 0.000 ; free physical = 2701 ; free virtual = 15664
Phase 25 Shift Register Optimization | Checksum: 70ff986f

Time (s): cpu = 00:08:46 ; elapsed = 00:01:51 . Memory (MB): peak = 2633.605 ; gain = 31.043 ; free physical = 2701 ; free virtual = 15664

Phase 26 Critical Pin Optimization
INFO: [Physopt 32-606] Identified 4 candidate nets for critical-pin optimization.
INFO: [Physopt 32-608] Optimized 0 net.  Swapped 0 pin.
INFO: [Physopt 32-775] End 1 Pass. Optimized 0 net or cell. Created 0 new cell, deleted 0 existing cell and moved 0 existing cell
Netlist sorting complete. Time (s): cpu = 00:00:00 ; elapsed = 00:00:00 . Memory (MB): peak = 2633.605 ; gain = 0.000 ; free physical = 2715 ; free virtual = 15670
Phase 26 Critical Pin Optimization | Checksum: 70ff986f

Time (s): cpu = 00:08:47 ; elapsed = 00:01:51 . Memory (MB): peak = 2633.605 ; gain = 31.043 ; free physical = 2715 ; free virtual = 15670

Phase 27 Very High Fanout Optimization
INFO: [Physopt 32-65] No nets found for high-fanout optimization.
INFO: [Physopt 32-232] Optimized 0 net. Created 0 new instance.
INFO: [Physopt 32-775] End 1 Pass. Optimized 0 net or cell. Created 0 new cell, deleted 0 existing cell and moved 0 existing cell
Phase 27 Very High Fanout Optimization | Checksum: 70ff986f

Time (s): cpu = 00:08:47 ; elapsed = 00:01:51 . Memory (MB): peak = 2633.605 ; gain = 31.043 ; free physical = 2715 ; free virtual = 15670

Phase 28 Placement Based Optimization
INFO: [Physopt 32-660] Identified 250 candidate nets for placement-based optimization.
INFO: [Physopt 32-662] Processed net gen_stages[2].stage_inst/b4/p_1_in1_in[14].  Did not re-place instance gen_stages[2].stage_inst/b4/m0r_reg_reg[21]
INFO: [Physopt 32-662] Processed net gen_stages[2].stage_inst/b4/mul_m0r_reg_1[0].  Did not re-place instance gen_stages[2].stage_inst/b4/mul_m0r_reg_1_reg[0]
INFO: [Physopt 32-662] Processed net gen_stages[2].stage_inst/b4/i___45_n_0.  Did not re-place instance gen_stages[2].stage_inst/b4/i___45
INFO: [Physopt 32-662] Processed net gen_stages[2].stage_inst/b4/p_1_in1_in[13].  Did not re-place instance gen_stages[2].stage_inst/b4/m0r_reg_reg[20]
INFO: [Physopt 32-662] Processed net gen_stages[2].stage_inst/b4/mul_m0r_reg_1[1].  Did not re-place instance gen_stages[2].stage_inst/b4/mul_m0r_reg_1_reg[1]
INFO: [Physopt 32-662] Processed net gen_stages[2].stage_inst/b4/i___46_n_0.  Did not re-place instance gen_stages[2].stage_inst/b4/i___46
INFO: [Physopt 32-662] Processed net gen_stages[2].stage_inst/b4/p_1_in1_in[15].  Did not re-place instance gen_stages[2].stage_inst/b4/m0r_reg_reg[22]
INFO: [Physopt 32-662] Processed net gen_stages[3].stage_inst/b4/p_1_in1_in[13].  Did not re-place instance gen_stages[3].stage_inst/b4/m0r_reg_reg[20]
INFO: [Physopt 32-662] Processed net gen_stages[2].stage_inst/b4/mul_m0r_reg_1[5].  Did not re-place instance gen_stages[2].stage_inst/b4/mul_m0r_reg_1_reg[5]
INFO: [Physopt 32-662] Processed net gen_stages[3].stage_inst/b4/mul_m0r_reg_1[1].  Did not re-place instance gen_stages[3].stage_inst/b4/mul_m0r_reg_1_reg[1]
INFO: [Physopt 32-662] Processed net gen_stages[2].stage_inst/b4/i___50_n_0.  Did not re-place instance gen_stages[2].stage_inst/b4/i___50
INFO: [Physopt 32-662] Processed net gen_stages[3].stage_inst/b4/i___46_n_0.  Did not re-place instance gen_stages[3].stage_inst/b4/i___46
INFO: [Physopt 32-662] Processed net gen_stages[3].stage_inst/b4/p_1_in1_in[12].  Did not re-place instance gen_stages[3].stage_inst/b4/m0r_reg_reg[19]
INFO: [Physopt 32-662] Processed net gen_stages[2].stage_inst/b4/p_1_in1_in[12].  Did not re-place instance gen_stages[2].stage_inst/b4/m0r_reg_reg[19]
INFO: [Physopt 32-662] Processed net gen_stages[2].stage_inst/b4/p_0_in6_in[6].  Did not re-place instance gen_stages[2].stage_inst/b4/m1i_reg_reg[13]
INFO: [Physopt 32-662] Processed net gen_stages[2].stage_inst/b4/t0i_reg[7]_i_3__1_n_0.  Did not re-place instance gen_stages[2].stage_inst/b4/t0i_reg[7]_i_3__1
INFO: [Physopt 32-662] Processed net gen_stages[2].stage_inst/b4/t0i_reg[15].  Did not re-place instance gen_stages[2].stage_inst/b4/t0i_reg_reg[15]
INFO: [Physopt 32-662] Processed net gen_stages[1].stage_inst/b4/p_0_in5_in[1].  Did not re-place instance gen_stages[1].stage_inst/b4/m2r_reg_reg[8]
INFO: [Physopt 32-662] Processed net gen_stages[1].stage_inst/b4/t2r_reg[11].  Did not re-place instance gen_stages[1].stage_inst/b4/t2r_reg_reg[11]
INFO: [Physopt 32-662] Processed net gen_stages[1].stage_inst/b4/t2r_reg[3]_i_4__0_n_0.  Did not re-place instance gen_stages[1].stage_inst/b4/t2r_reg[3]_i_4__0
INFO: [Physopt 32-662] Processed net gen_stages[3].stage_inst/b4/mul_m0r_reg_1[0].  Did not re-place instance gen_stages[3].stage_inst/b4/mul_m0r_reg_1_reg[0]
INFO: [Physopt 32-662] Processed net gen_stages[3].stage_inst/b4/i___45_n_0.  Did not re-place instance gen_stages[3].stage_inst/b4/i___45
INFO: [Physopt 32-662] Processed net gen_stages[2].stage_inst/b4/p_1_in1_in[10].  Did not re-place instance gen_stages[2].stage_inst/b4/m0r_reg_reg[17]
INFO: [Physopt 32-662] Processed net gen_stages[1].stage_inst/b4/p_0_in5_in[0].  Did not re-place instance gen_stages[1].stage_inst/b4/m2r_reg_reg[7]
INFO: [Physopt 32-662] Processed net gen_stages[1].stage_inst/b4/t2r_reg[3]_i_5__0_n_0.  Did not re-place instance gen_stages[1].stage_inst/b4/t2r_reg[3]_i_5__0
INFO: [Physopt 32-662] Processed net gen_stages[2].stage_inst/b4/mul_m0r_reg_1[8].  Did not re-place instance gen_stages[2].stage_inst/b4/mul_m0r_reg_1_reg[8]
INFO: [Physopt 32-662] Processed net gen_stages[2].stage_inst/b4/i___53_n_0.  Did not re-place instance gen_stages[2].stage_inst/b4/i___53
INFO: [Physopt 32-662] Processed net gen_stages[1].stage_inst/b4/pm2i_2/cpa_carry_pipe_reg[1]__0.  Did not re-place instance gen_stages[1].stage_inst/b4/pm2i_2/cpa_carry_pipe_reg[1]
INFO: [Physopt 32-662] Processed net gen_stages[1].stage_inst/b4/pm2i_2/cpa_result_pipe[2][19]_i_5_n_0.  Did not re-place instance gen_stages[1].stage_inst/b4/pm2i_2/cpa_result_pipe[2][19]_i_5
INFO: [Physopt 32-662] Processed net gen_stages[1].stage_inst/b4/pm2i_2/cpa_result_pipe_reg[2]__0[21].  Did not re-place instance gen_stages[1].stage_inst/b4/pm2i_2/cpa_result_pipe_reg[2][21]
INFO: [Physopt 32-662] Processed net gen_stages[0].stage_inst/b4/mul_m0r_reg_1[0].  Did not re-place instance gen_stages[0].stage_inst/b4/mul_m0r_reg_1_reg[0]
INFO: [Physopt 32-662] Processed net gen_stages[1].stage_inst/b4/mul_m1i_reg_1[2].  Did not re-place instance gen_stages[1].stage_inst/b4/mul_m1i_reg_1_reg[2]
INFO: [Physopt 32-662] Processed net gen_stages[1].stage_inst/b4/p_0_in6_in[14].  Did not re-place instance gen_stages[1].stage_inst/b4/m1i_reg_reg[21]
INFO: [Physopt 32-662] Processed net gen_stages[1].stage_inst/b4/m1i_reg[8]_i_9_n_0.  Did not re-place instance gen_stages[1].stage_inst/b4/m1i_reg[8]_i_9
INFO: [Physopt 32-662] Processed net gen_stages[1].stage_inst/b4/pm2i_2/cpa_carry_pipe_reg[0]__0.  Did not re-place instance gen_stages[1].stage_inst/b4/pm2i_2/cpa_carry_pipe_reg[0]
INFO: [Physopt 32-662] Processed net gen_stages[1].stage_inst/b4/pm2i_2/cpa_result_pipe_reg[2][11]_srl2___gen_stages_r_0_i_5_n_0.  Did not re-place instance gen_stages[1].stage_inst/b4/pm2i_2/cpa_result_pipe_reg[2][11]_srl2___gen_stages_r_0_i_5
INFO: [Physopt 32-662] Processed net gen_stages[2].stage_inst/b4/pm0r_2/p_1_in[1].  Did not re-place instance gen_stages[2].stage_inst/b4/pm0r_2/cpa_a_pipe_reg[0][9]
INFO: [Physopt 32-662] Processed net gen_stages[0].stage_inst/b4/m0r_reg[7]_i_10_n_0.  Did not re-place instance gen_stages[0].stage_inst/b4/m0r_reg[7]_i_10
INFO: [Physopt 32-662] Processed net gen_stages[2].stage_inst/b4/pm0r_2/cpa_result_pipe_reg[2][11]_srl2___gen_stages_r_0_i_4__0_n_0.  Did not re-place instance gen_stages[2].stage_inst/b4/pm0r_2/cpa_result_pipe_reg[2][11]_srl2___gen_stages_r_0_i_4__0
INFO: [Physopt 32-662] Processed net gen_stages[2].stage_inst/b4/pm0r_2/cpa_result_pipe_reg[2][3]_srl3___gen_stages_r_1_i_5_n_0.  Did not re-place instance gen_stages[2].stage_inst/b4/pm0r_2/cpa_result_pipe_reg[2][3]_srl3___gen_stages_r_1_i_5
INFO: [Physopt 32-662] Processed net gen_stages[1].stage_inst/b4/p_0_in7_in[1].  Did not re-place instance gen_stages[1].stage_inst/b4/m1r_reg_reg[8]
INFO: [Physopt 32-662] Processed net gen_stages[1].stage_inst/b4/t0r_reg[3]_i_4__0_n_0.  Did not re-place instance gen_stages[1].stage_inst/b4/t0r_reg[3]_i_4__0
INFO: [Physopt 32-662] Processed net gen_stages[3].stage_inst/input_real_3_r[15].  Did not re-place instance gen_stages[3].stage_inst/input_real_3_r_reg[15]
INFO: [Physopt 32-662] Processed net gen_stages[3].stage_inst/gen_memory.mem/mem_C_reg_0_63_31_31_i_1_n_0.  Did not re-place instance gen_stages[3].stage_inst/gen_memory.mem/mem_C_reg_0_63_31_31_i_1
INFO: [Physopt 32-662] Processed net gen_stages[0].stage_inst/b4/ar_reg_1[1].  Did not re-place instance gen_stages[0].stage_inst/b4/ar_reg_1_reg[1]
INFO: [Physopt 32-662] Processed net gen_stages[0].stage_inst/b4/pm0i_2/p_1_in[1].  Did not re-place instance gen_stages[0].stage_inst/b4/pm0i_2/cpa_a_pipe_reg[0][9]
INFO: [Physopt 32-662] Processed net gen_stages[0].stage_inst/b4/pm0i_2/product_reg[11]_srl3___gen_stages_r_1_i_4_n_0.  Did not re-place instance gen_stages[0].stage_inst/b4/pm0i_2/product_reg[11]_srl3___gen_stages_r_1_i_4
INFO: [Physopt 32-662] Processed net gen_stages[0].stage_inst/b4/t0r_reg[3]_i_4_n_0.  Did not re-place instance gen_stages[0].stage_inst/b4/t0r_reg[3]_i_4
INFO: [Physopt 32-662] Processed net gen_stages[2].stage_inst/b4/i___77_n_0.  Did not re-place instance gen_stages[2].stage_inst/b4/i___77
INFO: [Physopt 32-662] Processed net gen_stages[2].stage_inst/b4/t3r_reg[15].  Did not re-place instance gen_stages[2].stage_inst/b4/t3r_reg_reg[15]
INFO: [Physopt 32-662] Processed net gen_stages[2].stage_inst/SR[0].  Did not re-place instance gen_stages[2].stage_inst/gen_input_logic.stride_segment_counter[5]_i_1
INFO: [Physopt 32-662] Processed net gen_stages[3].stage_inst/gen_input_logic.stride_segment_counter_reg__0[4].  Did not re-place instance gen_stages[3].stage_inst/gen_input_logic.stride_segment_counter_reg[4]
INFO: [Physopt 32-662] Processed net gen_stages[3].stage_inst/gen_input_logic.flush_count_reg_n_0_[2].  Did not re-place instance gen_stages[3].stage_inst/gen_input_logic.flush_count_reg[2]
INFO: [Physopt 32-662] Processed net gen_stages[3].stage_inst/gen_input_logic.stride_segment_counter_reg__0[5].  Did not re-place instance gen_stages[3].stage_inst/gen_input_logic.stride_segment_counter_reg[5]
INFO: [Physopt 32-662] Processed net gen_stages[3].stage_inst/gen_input_logic.flush_count_reg[4]_0.  Did not re-place instance gen_stages[3].stage_inst/gen_input_logic.flush_count[5]_i_3__1
INFO: [Physopt 32-662] Processed net gen_stages[3].stage_inst/gen_input_logic.mem_counter_reg__0[5].  Did not re-place instance gen_stages[3].stage_inst/gen_input_logic.mem_counter_reg[5]
INFO: [Physopt 32-662] Processed net gen_stages[2].stage_inst/b4/pm0r_2/cpa_result_pipe_reg[2][15]_srl2___gen_stages_r_0_i_5__0_n_0.  Did not re-place instance gen_stages[2].stage_inst/b4/pm0r_2/cpa_result_pipe_reg[2][15]_srl2___gen_stages_r_0_i_5__0
INFO: [Physopt 32-662] Processed net gen_stages[3].stage_inst/gen_input_logic.mem_counter_read_reg_n_0_[5].  Did not re-place instance gen_stages[3].stage_inst/gen_input_logic.mem_counter_read_reg[5]
INFO: [Physopt 32-662] Processed net gen_stages[2].stage_inst/b4/p_0_in6_in[2].  Did not re-place instance gen_stages[2].stage_inst/b4/m1i_reg_reg[9]
INFO: [Physopt 32-662] Processed net gen_stages[2].stage_inst/b4/t0i_reg[3]_i_3__1_n_0.  Did not re-place instance gen_stages[2].stage_inst/b4/t0i_reg[3]_i_3__1
INFO: [Physopt 32-662] Processed net gen_stages[3].stage_inst/gen_input_logic.flush_count_reg_n_0_[4].  Did not re-place instance gen_stages[3].stage_inst/gen_input_logic.flush_count_reg[4]
INFO: [Physopt 32-662] Processed net gen_stages[3].stage_inst/b4/t1i_reg[13].  Did not re-place instance gen_stages[3].stage_inst/b4/t1i_reg_reg[13]
INFO: [Physopt 32-662] Processed net gen_stages[3].stage_inst/b4/i___164_n_0.  Did not re-place instance gen_stages[3].stage_inst/b4/i___164
INFO: [Physopt 32-662] Processed net gen_stages[2].stage_inst/b4/t3r_reg[13].  Did not re-place instance gen_stages[2].stage_inst/b4/t3r_reg_reg[13]
INFO: [Physopt 32-662] Processed net gen_stages[2].stage_inst/b4/p_0_in6_in[15].  Did not re-place instance gen_stages[2].stage_inst/b4/m1i_reg_reg[22]
INFO: [Physopt 32-662] Processed net gen_stages[2].stage_inst/b4/m1i_reg[7]_i_6_n_0.  Did not re-place instance gen_stages[2].stage_inst/b4/m1i_reg[7]_i_6
INFO: [Physopt 32-662] Processed net gen_stages[2].stage_inst/b4/p_0_in6_in[7].  Did not re-place instance gen_stages[2].stage_inst/b4/m1i_reg_reg[14]
INFO: [Physopt 32-662] Processed net gen_stages[3].stage_inst/b4/p_0_in6_in[5].  Did not re-place instance gen_stages[3].stage_inst/b4/m1i_reg_reg[12]
INFO: [Physopt 32-662] Processed net gen_stages[1].stage_inst/b4/pm0r/cpa_result_pipe_reg[2][11]_srl2___gen_stages_r_0_i_2__0_n_0.  Did not re-place instance gen_stages[1].stage_inst/b4/pm0r/cpa_result_pipe_reg[2][11]_srl2___gen_stages_r_0_i_2__0
INFO: [Physopt 32-662] Processed net gen_stages[2].stage_inst/b4/t0i_reg[7]_i_2__1_n_0.  Did not re-place instance gen_stages[2].stage_inst/b4/t0i_reg[7]_i_2__1
INFO: [Physopt 32-662] Processed net gen_stages[3].stage_inst/b4/pm1r_2/cpa_result_pipe_reg[2][15]_srl2___gen_stages_r_0_i_4__1_n_0.  Did not re-place instance gen_stages[3].stage_inst/b4/pm1r_2/cpa_result_pipe_reg[2][15]_srl2___gen_stages_r_0_i_4__1
INFO: [Physopt 32-662] Processed net gen_stages[3].stage_inst/b4/t0i_reg[7]_i_4__2_n_0.  Did not re-place instance gen_stages[3].stage_inst/b4/t0i_reg[7]_i_4__2
INFO: [Physopt 32-662] Processed net gen_stages[3].stage_inst/b4/t0i_reg[15].  Did not re-place instance gen_stages[3].stage_inst/b4/t0i_reg_reg[15]
INFO: [Physopt 32-662] Processed net gen_stages[2].stage_inst/b4/pm0i/csa_sum_r[0].  Did not re-place instance gen_stages[2].stage_inst/b4/pm0i/csa_sum_r_reg[0]
INFO: [Physopt 32-662] Processed net gen_stages[3].stage_inst/b4/p_0_in7_in[0].  Did not re-place instance gen_stages[3].stage_inst/b4/m1r_reg_reg[7]
INFO: [Physopt 32-662] Processed net gen_stages[2].stage_inst/b4/pm0i/cpa_result_pipe_reg[2][3]_srl3___gen_stages_r_1_i_5_n_0.  Did not re-place instance gen_stages[2].stage_inst/b4/pm0i/cpa_result_pipe_reg[2][3]_srl3___gen_stages_r_1_i_5
INFO: [Physopt 32-662] Processed net gen_stages[3].stage_inst/b4/i___84_n_0.  Did not re-place instance gen_stages[3].stage_inst/b4/i___84
INFO: [Physopt 32-662] Processed net gen_stages[3].stage_inst/b4/p_1_in1_in[11].  Did not re-place instance gen_stages[3].stage_inst/b4/m0r_reg_reg[18]
INFO: [Physopt 32-662] Processed net gen_stages[2].stage_inst/b4/p_0_in6_in[12].  Did not re-place instance gen_stages[2].stage_inst/b4/m1i_reg_reg[19]
INFO: [Physopt 32-662] Processed net gen_stages[2].stage_inst/b4/m1i_reg[7]_i_3_n_0.  Did not re-place instance gen_stages[2].stage_inst/b4/m1i_reg[7]_i_3
INFO: [Physopt 32-662] Processed net gen_stages[2].stage_inst/b4/pm1r_2/csa_sum_r[6].  Did not re-place instance gen_stages[2].stage_inst/b4/pm1r_2/csa_sum_r_reg[6]
INFO: [Physopt 32-662] Processed net gen_stages[3].stage_inst/b4/p_0_in6_in[4].  Did not re-place instance gen_stages[3].stage_inst/b4/m1i_reg_reg[11]
INFO: [Physopt 32-662] Processed net gen_stages[3].stage_inst/gen_memory.mem/mem_B_reg_0_63_30_30_i_1_n_0.  Did not re-place instance gen_stages[3].stage_inst/gen_memory.mem/mem_B_reg_0_63_30_30_i_1
INFO: [Physopt 32-662] Processed net gen_stages[2].stage_inst/b4/m1i_reg[11]_i_5_n_0.  Did not re-place instance gen_stages[2].stage_inst/b4/m1i_reg[11]_i_5
INFO: [Physopt 32-662] Processed net gen_stages[2].stage_inst/b4/pm1r_2/cpa_carry_pipe_reg[0]__0.  Did not re-place instance gen_stages[2].stage_inst/b4/pm1r_2/cpa_carry_pipe_reg[0]
INFO: [Physopt 32-662] Processed net gen_stages[2].stage_inst/b4/pm1r_2/cpa_result_pipe_reg[2][7]_srl3___gen_stages_r_1_i_3_n_0.  Did not re-place instance gen_stages[2].stage_inst/b4/pm1r_2/cpa_result_pipe_reg[2][7]_srl3___gen_stages_r_1_i_3
INFO: [Physopt 32-662] Processed net gen_stages[3].stage_inst/b4/t0i_reg[7]_i_5__2_n_0.  Did not re-place instance gen_stages[3].stage_inst/b4/t0i_reg[7]_i_5__2
INFO: [Physopt 32-662] Processed net gen_stages[1].stage_inst/b4/mul_m1i_reg_1[1].  Did not re-place instance gen_stages[1].stage_inst/b4/mul_m1i_reg_1_reg[1]
INFO: [Physopt 32-662] Processed net gen_stages[1].stage_inst/b4/m1i_reg[8]_i_10_n_0.  Did not re-place instance gen_stages[1].stage_inst/b4/m1i_reg[8]_i_10
INFO: [Physopt 32-662] Processed net gen_stages[1].stage_inst/b4/p_0_in5_in[2].  Did not re-place instance gen_stages[1].stage_inst/b4/m2r_reg_reg[9]
INFO: [Physopt 32-662] Processed net gen_stages[3].stage_inst/gen_memory.mem/pipe_rdata_D[31].  Did not re-place instance gen_stages[3].stage_inst/gen_memory.mem/pipe_rdata_D_reg[31]
INFO: [Physopt 32-662] Processed net gen_stages[3].stage_inst/gen_memory.mem/pipe_rdata_D0[31].  Did not re-place instance gen_stages[3].stage_inst/gen_memory.mem/pipe_rdata_D[31]_i_1
INFO: [Physopt 32-662] Processed net gen_stages[2].stage_inst/b4/pm0r_2/p_1_in[0].  Did not re-place instance gen_stages[2].stage_inst/b4/pm0r_2/cpa_a_pipe_reg[0][8]
INFO: [Physopt 32-662] Processed net gen_stages[3].stage_inst/b4/mul_m0r_reg_1[3].  Did not re-place instance gen_stages[3].stage_inst/b4/mul_m0r_reg_1_reg[3]
INFO: [Physopt 32-662] Processed net gen_stages[2].stage_inst/b4/pm0r_2/cpa_result_pipe_reg[2][11]_srl2___gen_stages_r_0_i_5__0_n_0.  Did not re-place instance gen_stages[2].stage_inst/b4/pm0r_2/cpa_result_pipe_reg[2][11]_srl2___gen_stages_r_0_i_5__0
INFO: [Physopt 32-662] Processed net gen_stages[3].stage_inst/b4/t0i_reg[3]_i_4__2_n_0.  Did not re-place instance gen_stages[3].stage_inst/b4/t0i_reg[3]_i_4__2
INFO: [Physopt 32-662] Processed net gen_stages[1].stage_inst/b4/p_0_in6_in[15].  Did not re-place instance gen_stages[1].stage_inst/b4/m1i_reg_reg[22]
INFO: [Physopt 32-662] Processed net gen_stages[2].stage_inst/b4/m0i_reg[7]_i_10_n_0.  Did not re-place instance gen_stages[2].stage_inst/b4/m0i_reg[7]_i_10
INFO: [Physopt 32-662] Processed net gen_stages[2].stage_inst/b4/p_1_in[14].  Did not re-place instance gen_stages[2].stage_inst/b4/m0i_reg_reg[21]
INFO: [Physopt 32-662] Processed net gen_stages[0].stage_inst/b4/p_0_in7_in[5].  Did not re-place instance gen_stages[0].stage_inst/b4/m1r_reg_reg[12]
INFO: [Physopt 32-662] Processed net gen_stages[1].stage_inst/b4/p_0_in7_in[2].  Did not re-place instance gen_stages[1].stage_inst/b4/m1r_reg_reg[9]
INFO: [Physopt 32-662] Processed net gen_stages[2].stage_inst/b4/mul_m0r_reg_1[4].  Did not re-place instance gen_stages[2].stage_inst/b4/mul_m0r_reg_1_reg[4]
INFO: [Physopt 32-662] Processed net gen_stages[3].stage_inst/gen_memory.mem/pipe_rdata_B[3].  Did not re-place instance gen_stages[3].stage_inst/gen_memory.mem/pipe_rdata_B_reg[3]
INFO: [Physopt 32-662] Processed net gen_stages[0].stage_inst/b4/i___27_n_0.  Did not re-place instance gen_stages[0].stage_inst/b4/i___27
INFO: [Physopt 32-662] Processed net gen_stages[1].stage_inst/b4/t0r_reg[3]_i_3__0_n_0.  Did not re-place instance gen_stages[1].stage_inst/b4/t0r_reg[3]_i_3__0
INFO: [Physopt 32-662] Processed net gen_stages[2].stage_inst/b4/i___49_n_0.  Did not re-place instance gen_stages[2].stage_inst/b4/i___49
INFO: [Physopt 32-662] Processed net gen_stages[3].stage_inst/b4/i___157_n_0.  Did not re-place instance gen_stages[3].stage_inst/b4/i___157
INFO: [Physopt 32-662] Processed net gen_stages[3].stage_inst/gen_memory.mem/pipe_rdata_B0[3].  Did not re-place instance gen_stages[3].stage_inst/gen_memory.mem/pipe_rdata_B[3]_i_1
INFO: [Physopt 32-662] Processed net gen_stages[0].stage_inst/b4/pm1i_2/product_reg[15]_srl3___gen_stages_r_1_i_4_n_0.  Did not re-place instance gen_stages[0].stage_inst/b4/pm1i_2/product_reg[15]_srl3___gen_stages_r_1_i_4
INFO: [Physopt 32-662] Processed net gen_stages[1].stage_inst/b4/i___133_n_0.  Did not re-place instance gen_stages[1].stage_inst/b4/i___133
INFO: [Physopt 32-662] Processed net gen_stages[2].stage_inst/b4/t0r_reg[3]_i_4__1_n_0.  Did not re-place instance gen_stages[2].stage_inst/b4/t0r_reg[3]_i_4__1
INFO: [Physopt 32-662] Processed net gen_stages[2].stage_inst/b4/t0r_reg[15].  Did not re-place instance gen_stages[2].stage_inst/b4/t0r_reg_reg[15]
INFO: [Physopt 32-662] Processed net gen_stages[3].stage_inst/b4/p_0_in6_in[8].  Did not re-place instance gen_stages[3].stage_inst/b4/m1i_reg_reg[15]
INFO: [Physopt 32-662] Processed net gen_stages[2].stage_inst/b4/m1i_reg[11]_i_2_n_0.  Did not re-place instance gen_stages[2].stage_inst/b4/m1i_reg[11]_i_2
INFO: [Physopt 32-662] Processed net gen_stages[3].stage_inst/b4/i___163_n_0.  Did not re-place instance gen_stages[3].stage_inst/b4/i___163
INFO: [Physopt 32-662] Processed net gen_stages[3].stage_inst/b4/t0i_reg[11]_i_5__2_n_0.  Did not re-place instance gen_stages[3].stage_inst/b4/t0i_reg[11]_i_5__2
INFO: [Physopt 32-662] Processed net gen_stages[1].stage_inst/b4/pm0r/p_1_in[1].  Did not re-place instance gen_stages[1].stage_inst/b4/pm0r/cpa_a_pipe_reg[0][9]
INFO: [Physopt 32-662] Processed net gen_stages[1].stage_inst/b4/pm0r/cpa_result_pipe_reg[2][11]_srl2___gen_stages_r_0_i_4__0_n_0.  Did not re-place instance gen_stages[1].stage_inst/b4/pm0r/cpa_result_pipe_reg[2][11]_srl2___gen_stages_r_0_i_4__0
INFO: [Physopt 32-662] Processed net gen_stages[3].stage_inst/input_real_2_r[15].  Did not re-place instance gen_stages[3].stage_inst/input_real_2_r_reg[15]
INFO: [Physopt 32-662] Processed net gen_stages[3].stage_inst/gen_input_logic.mem_counter_reg__0[0].  Did not re-place instance gen_stages[3].stage_inst/gen_input_logic.mem_counter_reg[0]
INFO: [Physopt 32-662] Processed net gen_stages[3].stage_inst/gen_memory.mem/mem_A_reg_0_63_31_31_i_1_n_0.  Did not re-place instance gen_stages[3].stage_inst/gen_memory.mem/mem_A_reg_0_63_31_31_i_1
INFO: [Physopt 32-662] Processed net gen_stages[0].stage_inst/b4/t0i_reg[11]_i_4_n_0.  Did not re-place instance gen_stages[0].stage_inst/b4/t0i_reg[11]_i_4
INFO: [Physopt 32-662] Processed net gen_stages[2].stage_inst/b4/i___47_n_0.  Did not re-place instance gen_stages[2].stage_inst/b4/i___47
INFO: [Physopt 32-662] Processed net gen_stages[3].stage_inst/b4/i___160_n_0.  Did not re-place instance gen_stages[3].stage_inst/b4/i___160
INFO: [Physopt 32-662] Processed net gen_stages[0].stage_inst/b4/t0i_reg[14].  Did not re-place instance gen_stages[0].stage_inst/b4/t0i_reg_reg[14]
INFO: [Physopt 32-662] Processed net gen_stages[0].stage_inst/b4/mul_m0r_reg_1[1].  Did not re-place instance gen_stages[0].stage_inst/b4/mul_m0r_reg_1_reg[1]
INFO: [Physopt 32-662] Processed net gen_stages[2].stage_inst/b4/p_0_in6_in[4].  Did not re-place instance gen_stages[2].stage_inst/b4/m1i_reg_reg[11]
INFO: [Physopt 32-662] Processed net gen_stages[3].stage_inst/b4/p_0_in7_in[1].  Did not re-place instance gen_stages[3].stage_inst/b4/m1r_reg_reg[8]
INFO: [Physopt 32-662] Processed net gen_stages[2].stage_inst/b4/pm1r/cpa_result_pipe_reg[2][11]_srl2___gen_stages_r_0_i_5__0_n_0.  Did not re-place instance gen_stages[2].stage_inst/b4/pm1r/cpa_result_pipe_reg[2][11]_srl2___gen_stages_r_0_i_5__0
INFO: [Physopt 32-662] Processed net gen_stages[2].stage_inst/b4/t0i_reg[7]_i_5__1_n_0.  Did not re-place instance gen_stages[2].stage_inst/b4/t0i_reg[7]_i_5__1
INFO: [Physopt 32-662] Processed net gen_stages[3].stage_inst/b4/i___52_n_0.  Did not re-place instance gen_stages[3].stage_inst/b4/i___52
INFO: [Physopt 32-662] Processed net gen_stages[3].stage_inst/b4/pm2r/cpa_result_pipe_reg[2][7]_srl3___gen_stages_r_1_i_2__1_n_0.  Did not re-place instance gen_stages[3].stage_inst/b4/pm2r/cpa_result_pipe_reg[2][7]_srl3___gen_stages_r_1_i_2__1
INFO: [Physopt 32-662] Processed net gen_stages[3].stage_inst/b4/t0r_reg[3]_i_4__2_n_0.  Did not re-place instance gen_stages[3].stage_inst/b4/t0r_reg[3]_i_4__2
INFO: [Physopt 32-662] Processed net gen_stages[2].stage_inst/b4/t0r_reg[13].  Did not re-place instance gen_stages[2].stage_inst/b4/t0r_reg_reg[13]
INFO: [Physopt 32-662] Processed net gen_stages[2].stage_inst/b4/t2r_reg[15]_i_5__1_n_0.  Did not re-place instance gen_stages[2].stage_inst/b4/t2r_reg[15]_i_5__1
INFO: [Physopt 32-662] Processed net gen_stages[2].stage_inst/b4/t2r_reg[15].  Did not re-place instance gen_stages[2].stage_inst/b4/t2r_reg_reg[15]
INFO: [Physopt 32-662] Processed net gen_stages[0].stage_inst/b4/p_0_in7_in[1].  Did not re-place instance gen_stages[0].stage_inst/b4/m1r_reg_reg[8]
INFO: [Physopt 32-662] Processed net gen_stages[1].stage_inst/b4/pm2i_2/p_1_in[5].  Did not re-place instance gen_stages[1].stage_inst/b4/pm2i_2/cpa_a_pipe_reg[0][13]
INFO: [Physopt 32-662] Processed net gen_stages[1].stage_inst/b4/pm2i_2/cpa_result_pipe_reg[2][15]_srl2___gen_stages_r_0_i_4_n_0.  Did not re-place instance gen_stages[1].stage_inst/b4/pm2i_2/cpa_result_pipe_reg[2][15]_srl2___gen_stages_r_0_i_4
INFO: [Physopt 32-662] Processed net gen_stages[2].stage_inst/b4/t0i_reg[7]_i_4__1_n_0.  Did not re-place instance gen_stages[2].stage_inst/b4/t0i_reg[7]_i_4__1
INFO: [Physopt 32-662] Processed net gen_stages[3].stage_inst/b4/i___50_n_0.  Did not re-place instance gen_stages[3].stage_inst/b4/i___50
INFO: [Physopt 32-662] Processed net gen_stages[2].stage_inst/b4/p_1_in1_in[2].  Did not re-place instance gen_stages[2].stage_inst/b4/m0r_reg_reg[9]
INFO: [Physopt 32-662] Processed net gen_stages[2].stage_inst/b4/t2r_reg[3]_i_3__1_n_0.  Did not re-place instance gen_stages[2].stage_inst/b4/t2r_reg[3]_i_3__1
INFO: [Physopt 32-662] Processed net gen_stages[3].stage_inst/b4/pm1r_2/cpa_result_pipe_reg[2][11]_srl2___gen_stages_r_0_i_2__1_n_0.  Did not re-place instance gen_stages[3].stage_inst/b4/pm1r_2/cpa_result_pipe_reg[2][11]_srl2___gen_stages_r_0_i_2__1
INFO: [Physopt 32-662] Processed net gen_stages[2].stage_inst/b4/t2r_reg[13].  Did not re-place instance gen_stages[2].stage_inst/b4/t2r_reg_reg[13]
INFO: [Physopt 32-662] Processed net gen_stages[1].stage_inst/b4/pm2i_2/p_1_in[4].  Did not re-place instance gen_stages[1].stage_inst/b4/pm2i_2/cpa_a_pipe_reg[0][12]
INFO: [Physopt 32-662] Processed net gen_stages[1].stage_inst/b4/pm2i_2/cpa_result_pipe_reg[2][15]_srl2___gen_stages_r_0_i_5_n_0.  Did not re-place instance gen_stages[1].stage_inst/b4/pm2i_2/cpa_result_pipe_reg[2][15]_srl2___gen_stages_r_0_i_5
INFO: [Physopt 32-662] Processed net gen_stages[1].stage_inst/SR[0].  Did not re-place instance gen_stages[1].stage_inst/gen_input_logic.stride_segment_counter[3]_i_1
INFO: [Physopt 32-662] Processed net gen_stages[2].stage_inst/gen_input_logic.flush_count_reg[4]_0.  Did not re-place instance gen_stages[2].stage_inst/gen_input_logic.flush_count[5]_i_3__0
INFO: [Physopt 32-662] Processed net gen_stages[3].stage_inst/gen_memory.mem/mem_B_reg_0_63_31_31_i_1_n_0.  Did not re-place instance gen_stages[3].stage_inst/gen_memory.mem/mem_B_reg_0_63_31_31_i_1
INFO: [Physopt 32-662] Processed net gen_stages[2].stage_inst/gen_input_logic.flush_count_reg_n_0_[2].  Did not re-place instance gen_stages[2].stage_inst/gen_input_logic.flush_count_reg[2]
INFO: [Physopt 32-662] Processed net gen_stages[2].stage_inst/b4/i___58_n_0.  Did not re-place instance gen_stages[2].stage_inst/b4/i___58
INFO: [Physopt 32-662] Processed net gen_stages[3].stage_inst/b4/p_0_in6_in[9].  Did not re-place instance gen_stages[3].stage_inst/b4/m1i_reg_reg[16]
INFO: [Physopt 32-662] Processed net gen_stages[0].stage_inst/b4/pm1r/product_reg[7]_gen_stages_r_3_n_0.  Did not re-place instance gen_stages[0].stage_inst/b4/pm1r/product_reg[7]_gen_stages_r_3
INFO: [Physopt 32-662] Processed net gen_stages[2].stage_inst/b4/mul_m0r_reg_2[0].  Did not re-place instance gen_stages[2].stage_inst/b4/mul_m0r_reg_2_reg[0]
INFO: [Physopt 32-662] Processed net gen_stages[3].stage_inst/b4/mul_m0r_reg_2[1].  Did not re-place instance gen_stages[3].stage_inst/b4/mul_m0r_reg_2_reg[1]
INFO: [Physopt 32-662] Processed net gen_stages[0].stage_inst/b4/ai_reg_1[1].  Did not re-place instance gen_stages[0].stage_inst/b4/ai_reg_1_reg[1]
INFO: [Physopt 32-662] Processed net gen_stages[0].stage_inst/b4/t0i_reg[3]_i_4_n_0.  Did not re-place instance gen_stages[0].stage_inst/b4/t0i_reg[3]_i_4
INFO: [Physopt 32-662] Processed net gen_stages[2].stage_inst/b4/pm1r/cpa_result_pipe_reg[2][11]_srl2___gen_stages_r_0_i_4__1_n_0.  Did not re-place instance gen_stages[2].stage_inst/b4/pm1r/cpa_result_pipe_reg[2][11]_srl2___gen_stages_r_0_i_4__1
INFO: [Physopt 32-662] Processed net gen_stages[2].stage_inst/b4/mul_m1i_reg_1[4].  Did not re-place instance gen_stages[2].stage_inst/b4/mul_m1i_reg_1_reg[4]
INFO: [Physopt 32-662] Processed net gen_stages[0].stage_inst/SR[0].  Did not re-place instance gen_stages[0].stage_inst/gen_input_logic.stride_segment_counter[1]_i_1
INFO: [Physopt 32-662] Processed net gen_stages[1].stage_inst/gen_input_logic.flush_count_reg[4]_0.  Did not re-place instance gen_stages[1].stage_inst/gen_input_logic.stride_segment_counter[1]_i_3
INFO: [Physopt 32-661] Optimized 88 nets.  Re-placed 88 instances.
INFO: [Physopt 32-775] End 1 Pass. Optimized 88 nets or cells. Created 0 new cell, deleted 0 existing cell and moved 88 existing cells
INFO: [Physopt 32-619] Estimated Timing Summary | WNS=-0.544 | TNS=-398.859 |
Netlist sorting complete. Time (s): cpu = 00:00:00.01 ; elapsed = 00:00:00 . Memory (MB): peak = 2633.605 ; gain = 0.000 ; free physical = 2721 ; free virtual = 15724
Phase 28 Placement Based Optimization | Checksum: 6b9ae144

Time (s): cpu = 00:09:38 ; elapsed = 00:02:00 . Memory (MB): peak = 2633.605 ; gain = 31.043 ; free physical = 2721 ; free virtual = 15724

Phase 29 MultiInst Placement Optimization
INFO: [Physopt 32-660] Identified 100 candidate nets for placement-based optimization.
INFO: [Physopt 32-662] Processed net gen_stages[2].stage_inst/b4/mul_m0r_reg_1[0].  Did not re-place instance gen_stages[2].stage_inst/b4/mul_m0r_reg_1_reg[0]/Q
INFO: [Physopt 32-662] Processed net gen_stages[2].stage_inst/b4/p_1_in1_in[13].  Did not re-place instance gen_stages[2].stage_inst/b4/m0r_reg_reg[20]/Q
INFO: [Physopt 32-662] Processed net gen_stages[2].stage_inst/b4/mul_m0r_reg_1[1].  Did not re-place instance gen_stages[2].stage_inst/b4/mul_m0r_reg_1_reg[1]/Q
INFO: [Physopt 32-662] Processed net gen_stages[2].stage_inst/b4/p_0_in6_in[12].  Did not re-place instance gen_stages[2].stage_inst/b4/m1i_reg_reg[19]/Q
INFO: [Physopt 32-662] Processed net gen_stages[2].stage_inst/b4/p_0_in6_in[15].  Did not re-place instance gen_stages[2].stage_inst/b4/m1i_reg_reg[22]/Q
INFO: [Physopt 32-662] Processed net gen_stages[3].stage_inst/b4/mul_m0r_reg_1[5].  Did not re-place instance gen_stages[3].stage_inst/b4/mul_m0r_reg_1_reg[5]/Q
INFO: [Physopt 32-662] Processed net gen_stages[2].stage_inst/b4/p_0_in6_in[10].  Did not re-place instance gen_stages[2].stage_inst/b4/m1i_reg_reg[17]/Q
INFO: [Physopt 32-662] Processed net gen_stages[2].stage_inst/b4/mul_m1i_reg_1[2].  Did not re-place instance gen_stages[2].stage_inst/b4/mul_m1i_reg_1_reg[2]/Q
INFO: [Physopt 32-662] Processed net gen_stages[2].stage_inst/b4/p_0_in6_in[5].  Did not re-place instance gen_stages[2].stage_inst/b4/m1i_reg_reg[12]/Q
INFO: [Physopt 32-662] Processed net gen_stages[3].stage_inst/b4/mul_m0r_reg_1[3].  Did not re-place instance gen_stages[3].stage_inst/b4/mul_m0r_reg_1_reg[3]/Q
INFO: [Physopt 32-662] Processed net gen_stages[2].stage_inst/b4/mul_m0r_reg_1[5].  Did not re-place instance gen_stages[2].stage_inst/b4/mul_m0r_reg_1_reg[5]/Q
INFO: [Physopt 32-662] Processed net gen_stages[3].stage_inst/b4/mul_m0r_reg_1[1].  Did not re-place instance gen_stages[3].stage_inst/b4/mul_m0r_reg_1_reg[1]/Q
INFO: [Physopt 32-662] Processed net gen_stages[2].stage_inst/b4/p_1_in1_in[12].  Did not re-place instance gen_stages[2].stage_inst/b4/m0r_reg_reg[19]/Q
INFO: [Physopt 32-662] Processed net gen_stages[2].stage_inst/b4/mul_m0r_reg_1[6].  Did not re-place instance gen_stages[2].stage_inst/b4/mul_m0r_reg_1_reg[6]/Q
INFO: [Physopt 32-662] Processed net gen_stages[3].stage_inst/b4/mul_m0r_reg_1[0].  Did not re-place instance gen_stages[3].stage_inst/b4/mul_m0r_reg_1_reg[0]/Q
INFO: [Physopt 32-662] Processed net gen_stages[2].stage_inst/b4/p_1_in1_in[10].  Did not re-place instance gen_stages[2].stage_inst/b4/m0r_reg_reg[17]/Q
INFO: [Physopt 32-662] Processed net gen_stages[2].stage_inst/b4/p_0_in6_in[9].  Did not re-place instance gen_stages[2].stage_inst/b4/m1i_reg_reg[16]/Q
INFO: [Physopt 32-662] Processed net gen_stages[1].stage_inst/b4/p_0_in5_in[0].  Did not re-place instance gen_stages[1].stage_inst/b4/m2r_reg_reg[7]/Q
INFO: [Physopt 32-662] Processed net gen_stages[2].stage_inst/b4/mul_m0r_reg_1[8].  Did not re-place instance gen_stages[2].stage_inst/b4/mul_m0r_reg_1_reg[8]/Q
INFO: [Physopt 32-662] Processed net gen_stages[1].stage_inst/b4/pm2i_2/cpa_carry_pipe_reg[1]__0.  Did not re-place instance gen_stages[1].stage_inst/b4/pm2i_2/cpa_carry_pipe_reg[1]/Q
INFO: [Physopt 32-662] Processed net gen_stages[1].stage_inst/b4/mul_m1i_reg_1[2].  Did not re-place instance gen_stages[1].stage_inst/b4/mul_m1i_reg_1_reg[2]/Q
INFO: [Physopt 32-662] Processed net gen_stages[1].stage_inst/b4/pm2i_2/cpa_carry_pipe_reg[0]__0.  Did not re-place instance gen_stages[1].stage_inst/b4/pm2i_2/cpa_carry_pipe_reg[0]/Q
INFO: [Physopt 32-662] Processed net gen_stages[3].stage_inst/input_real_3_r[15].  Did not re-place instance gen_stages[3].stage_inst/input_real_3_r_reg[15]/Q
INFO: [Physopt 32-662] Processed net gen_stages[3].stage_inst/gen_input_logic.stride_segment_counter_reg__0[4].  Did not re-place instance gen_stages[3].stage_inst/gen_input_logic.stride_segment_counter_reg[4]/Q
INFO: [Physopt 32-662] Processed net gen_stages[3].stage_inst/gen_input_logic.flush_count_reg_n_0_[2].  Did not re-place instance gen_stages[3].stage_inst/gen_input_logic.flush_count_reg[2]/Q
INFO: [Physopt 32-662] Processed net gen_stages[3].stage_inst/gen_input_logic.stride_segment_counter_reg__0[5].  Did not re-place instance gen_stages[3].stage_inst/gen_input_logic.stride_segment_counter_reg[5]/Q
INFO: [Physopt 32-662] Processed net gen_stages[3].stage_inst/gen_input_logic.flush_count_reg[4]_0.  Did not re-place instance gen_stages[3].stage_inst/gen_input_logic.flush_count[5]_i_3__1/O
INFO: [Physopt 32-662] Processed net gen_stages[2].stage_inst/b4/p_0_in6_in[4].  Did not re-place instance gen_stages[2].stage_inst/b4/m1i_reg_reg[11]/Q
INFO: [Physopt 32-662] Processed net gen_stages[3].stage_inst/gen_input_logic.flush_count_reg_n_0_[4].  Did not re-place instance gen_stages[3].stage_inst/gen_input_logic.flush_count_reg[4]/Q
INFO: [Physopt 32-662] Processed net gen_stages[2].stage_inst/b4/p_0_in6_in[0].  Did not re-place instance gen_stages[2].stage_inst/b4/m1i_reg_reg[7]/Q
INFO: [Physopt 32-662] Processed net gen_stages[3].stage_inst/b4/t1i_reg[13].  Did not re-place instance gen_stages[3].stage_inst/b4/t1i_reg_reg[13]/Q
INFO: [Physopt 32-662] Processed net gen_stages[3].stage_inst/b4/p_0_in6_in[5].  Did not re-place instance gen_stages[3].stage_inst/b4/m1i_reg_reg[12]/Q
INFO: [Physopt 32-662] Processed net gen_stages[3].stage_inst/b4/p_0_in6_in[8].  Did not re-place instance gen_stages[3].stage_inst/b4/m1i_reg_reg[15]/Q
INFO: [Physopt 32-662] Processed net gen_stages[2].stage_inst/b4/pm0i/csa_sum_r[0].  Did not re-place instance gen_stages[2].stage_inst/b4/pm0i/csa_sum_r_reg[0]/Q
INFO: [Physopt 32-662] Processed net gen_stages[2].stage_inst/b4/pm0i/cpa_carry_pipe_reg[0]__0.  Did not re-place instance gen_stages[2].stage_inst/b4/pm0i/cpa_carry_pipe_reg[0]/Q
INFO: [Physopt 32-662] Processed net gen_stages[2].stage_inst/b4/pm1r_2/csa_sum_r[6].  Did not re-place instance gen_stages[2].stage_inst/b4/pm1r_2/csa_sum_r_reg[6]/Q
INFO: [Physopt 32-662] Processed net gen_stages[3].stage_inst/b4/p_0_in6_in[4].  Did not re-place instance gen_stages[3].stage_inst/b4/m1i_reg_reg[11]/Q
INFO: [Physopt 32-662] Processed net gen_stages[2].stage_inst/b4/pm1r_2/cpa_carry_pipe_reg[0]__0.  Did not re-place instance gen_stages[2].stage_inst/b4/pm1r_2/cpa_carry_pipe_reg[0]/Q
INFO: [Physopt 32-662] Processed net gen_stages[1].stage_inst/b4/mul_m1i_reg_1[1].  Did not re-place instance gen_stages[1].stage_inst/b4/mul_m1i_reg_1_reg[1]/Q
INFO: [Physopt 32-662] Processed net gen_stages[0].stage_inst/b4/mul_m0r_reg_1[0].  Did not re-place instance gen_stages[0].stage_inst/b4/mul_m0r_reg_1_reg[0]/Q
INFO: [Physopt 32-662] Processed net gen_stages[3].stage_inst/b4/p_1_in1_in[9].  Did not re-place instance gen_stages[3].stage_inst/b4/m0r_reg_reg[16]/Q
INFO: [Physopt 32-662] Processed net gen_stages[2].stage_inst/b4/mul_m0r_reg_1[4].  Did not re-place instance gen_stages[2].stage_inst/b4/mul_m0r_reg_1_reg[4]/Q
INFO: [Physopt 32-662] Processed net gen_stages[3].stage_inst/b4/p_1_in1_in[8].  Did not re-place instance gen_stages[3].stage_inst/b4/m0r_reg_reg[15]/Q
INFO: [Physopt 32-662] Processed net gen_stages[3].stage_inst/input_real_2_r[15].  Did not re-place instance gen_stages[3].stage_inst/input_real_2_r_reg[15]/Q
INFO: [Physopt 32-662] Processed net gen_stages[2].stage_inst/b4/mul_m0r_reg_1[2].  Did not re-place instance gen_stages[2].stage_inst/b4/mul_m0r_reg_1_reg[2]/Q
INFO: [Physopt 32-661] Optimized 2 nets.  Re-placed 4 instances.
INFO: [Physopt 32-775] End 1 Pass. Optimized 2 nets or cells. Created 0 new cell, deleted 0 existing cell and moved 4 existing cells
INFO: [Physopt 32-619] Estimated Timing Summary | WNS=-0.544 | TNS=-398.802 |
Netlist sorting complete. Time (s): cpu = 00:00:00 ; elapsed = 00:00:00.01 . Memory (MB): peak = 2633.605 ; gain = 0.000 ; free physical = 2697 ; free virtual = 15722
Phase 29 MultiInst Placement Optimization | Checksum: 88ae9efc

Time (s): cpu = 00:10:14 ; elapsed = 00:02:07 . Memory (MB): peak = 2633.605 ; gain = 31.043 ; free physical = 2697 ; free virtual = 15722

Phase 30 Critical Path Optimization
INFO: [Physopt 32-619] Estimated Timing Summary | WNS=-0.544 | TNS=-398.802 |
INFO: [Physopt 32-662] Processed net gen_stages[2].stage_inst/b4/p_1_in1_in[14].  Did not re-place instance gen_stages[2].stage_inst/b4/m0r_reg_reg[21]
INFO: [Physopt 32-702] Processed net gen_stages[2].stage_inst/b4/p_1_in1_in[14]. Optimizations did not improve timing on the net.
INFO: [Physopt 32-662] Processed net gen_stages[2].stage_inst/b4/mul_m0r_reg_1[0].  Did not re-place instance gen_stages[2].stage_inst/b4/mul_m0r_reg_1_reg[0]
INFO: [Physopt 32-662] Processed net gen_stages[2].stage_inst/b4/mul_m0r_reg_1[0].  Did not re-place instance gen_stages[2].stage_inst/b4/mul_m0r_reg_1_reg[0]/Q
INFO: [Physopt 32-572] Net gen_stages[2].stage_inst/b4/mul_m0r_reg_1[0] was not replicated.
Resolution: phys_opt_design can be forced to replicate a net driver using the option -force_replication_on_nets <list of net objects>.
INFO: [Physopt 32-702] Processed net gen_stages[2].stage_inst/b4/mul_m0r_reg_1[0]. Optimizations did not improve timing on the net.
INFO: [Physopt 32-702] Processed net gen_stages[2].stage_inst/b4/m0r_reg_reg[19]_i_1__1_n_0. Optimizations did not improve timing on the net.
INFO: [Physopt 32-702] Processed net gen_stages[2].stage_inst/b4/m0r_reg_reg[15]_i_1__1_n_0. Optimizations did not improve timing on the net.
INFO: [Physopt 32-702] Processed net gen_stages[2].stage_inst/b4/m0r_reg_reg[11]_i_1__1_n_0. Optimizations did not improve timing on the net.
INFO: [Physopt 32-702] Processed net gen_stages[2].stage_inst/b4/m0r_reg_reg[7]_i_1__1_n_0. Optimizations did not improve timing on the net.
INFO: [Physopt 32-702] Processed net gen_stages[2].stage_inst/b4/m0r_reg_reg[7]_i_2__1_n_0. Optimizations did not improve timing on the net.
INFO: [Physopt 32-702] Processed net gen_stages[2].stage_inst/b4/i___45_n_0. Optimizations did not improve timing on the net.
INFO: [Physopt 32-702] Processed net gen_stages[2].stage_inst/b4/m0r[21]. Optimizations did not improve timing on the net.
INFO: [Physopt 32-702] Processed net clock_IBUF. Optimizations did not improve timing on the net.
INFO: [Physopt 32-702] Processed net clock. Optimizations did not improve timing on the net.
INFO: [Physopt 32-662] Processed net gen_stages[2].stage_inst/b4/p_1_in1_in[14].  Did not re-place instance gen_stages[2].stage_inst/b4/m0r_reg_reg[21]
INFO: [Physopt 32-702] Processed net gen_stages[2].stage_inst/b4/p_1_in1_in[14]. Optimizations did not improve timing on the net.
INFO: [Physopt 32-662] Processed net gen_stages[2].stage_inst/b4/mul_m0r_reg_1[0].  Did not re-place instance gen_stages[2].stage_inst/b4/mul_m0r_reg_1_reg[0]
INFO: [Physopt 32-662] Processed net gen_stages[2].stage_inst/b4/mul_m0r_reg_1[0].  Did not re-place instance gen_stages[2].stage_inst/b4/mul_m0r_reg_1_reg[0]/Q
INFO: [Physopt 32-702] Processed net gen_stages[2].stage_inst/b4/mul_m0r_reg_1[0]. Optimizations did not improve timing on the net.
INFO: [Physopt 32-702] Processed net gen_stages[2].stage_inst/b4/i___45_n_0. Optimizations did not improve timing on the net.
INFO: [Physopt 32-702] Processed net gen_stages[2].stage_inst/b4/m0r[21]. Optimizations did not improve timing on the net.
INFO: [Physopt 32-702] Processed net clock_IBUF. Optimizations did not improve timing on the net.
INFO: [Physopt 32-702] Processed net clock. Optimizations did not improve timing on the net.
INFO: [Physopt 32-619] Estimated Timing Summary | WNS=-0.544 | TNS=-398.802 |
Phase 30 Critical Path Optimization | Checksum: c7bdca3c

Time (s): cpu = 00:10:25 ; elapsed = 00:02:09 . Memory (MB): peak = 2633.605 ; gain = 31.043 ; free physical = 2701 ; free virtual = 15725

Phase 31 BRAM Enable Optimization
Phase 31 BRAM Enable Optimization | Checksum: c7bdca3c

Time (s): cpu = 00:10:25 ; elapsed = 00:02:09 . Memory (MB): peak = 2633.605 ; gain = 31.043 ; free physical = 2693 ; free virtual = 15715
Netlist sorting complete. Time (s): cpu = 00:00:00.01 ; elapsed = 00:00:00 . Memory (MB): peak = 2633.605 ; gain = 0.000 ; free physical = 2693 ; free virtual = 15715
INFO: [Physopt 32-603] Post Physical Optimization Timing Summary | WNS=-0.544 | TNS=-398.802 |

Summary of Physical Synthesis Optimizations
============================================


--------------------------------------------------------------------------------------------------------------------------------------------------------------------
|  Optimization          |  WNS Gain (ns)  |  TNS Gain (ns)  |  Added Cells  |  Removed Cells  |  Optimized Cells/Nets  |  Dont Touch  |  Iterations  |  Elapsed   |
--------------------------------------------------------------------------------------------------------------------------------------------------------------------
|  Fanout                |          0.000  |         82.452  |          161  |              0  |                    54  |           0  |           3  |  00:00:28  |
|  Placement Based       |          0.140  |         85.697  |            0  |              0  |                   436  |           0  |           4  |  00:00:58  |
|  MultiInst Placement   |          0.004  |          9.355  |            0  |              0  |                    48  |           0  |           4  |  00:00:19  |
|  Rewire                |          0.000  |          0.000  |            0  |              0  |                     0  |           0  |           3  |  00:00:01  |
|  Critical Cell         |          0.000  |          8.374  |            8  |              0  |                    40  |           0  |           3  |  00:00:10  |
|  Slr Crossing          |          0.000  |          0.000  |            0  |              0  |                     0  |           0  |           1  |  00:00:00  |
|  DSP Register          |          0.000  |          0.000  |            0  |              0  |                     0  |           0  |           2  |  00:00:00  |
|  BRAM Register         |          0.000  |          0.000  |            0  |              0  |                     0  |           0  |           2  |  00:00:00  |
|  URAM Register         |          0.000  |          0.000  |            0  |              0  |                     0  |           0  |           2  |  00:00:00  |
|  Shift Register        |          0.012  |         13.386  |           50  |              0  |                    50  |           0  |           2  |  00:00:06  |
|  Critical Pin          |          0.000  |          0.000  |            0  |              0  |                     0  |           0  |           1  |  00:00:00  |
|  Very High Fanout      |          0.000  |          0.000  |            0  |              0  |                     0  |           0  |           1  |  00:00:00  |
|  BRAM Enable           |          0.000  |          0.000  |            0  |              0  |                     0  |           0  |           1  |  00:00:00  |
|  Critical Path         |          0.000  |          0.000  |            0  |              0  |                     0  |           0  |           1  |  00:00:02  |
|  Total                 |          0.156  |        199.265  |          219  |              0  |                   628  |           0  |          30  |  00:02:05  |
--------------------------------------------------------------------------------------------------------------------------------------------------------------------


Netlist sorting complete. Time (s): cpu = 00:00:00 ; elapsed = 00:00:00 . Memory (MB): peak = 2633.605 ; gain = 0.000 ; free physical = 2693 ; free virtual = 15715
Ending Physical Synthesis Task | Checksum: 4a32607f

Time (s): cpu = 00:10:25 ; elapsed = 00:02:09 . Memory (MB): peak = 2633.605 ; gain = 31.043 ; free physical = 2693 ; free virtual = 15715
INFO: [Common 17-83] Releasing license: Implementation
1168 Infos, 0 Warnings, 1 Critical Warnings and 0 Errors encountered.
phys_opt_design completed successfully
phys_opt_design: Time (s): cpu = 00:10:33 ; elapsed = 00:02:11 . Memory (MB): peak = 2633.605 ; gain = 31.043 ; free physical = 2707 ; free virtual = 15729
Netlist sorting complete. Time (s): cpu = 00:00:00 ; elapsed = 00:00:00.01 . Memory (MB): peak = 2633.605 ; gain = 0.000 ; free physical = 2710 ; free virtual = 15732
INFO: [Timing 38-480] Writing timing data to binary archive.
Writing placer database...
Netlist sorting complete. Time (s): cpu = 00:00:00.01 ; elapsed = 00:00:00 . Memory (MB): peak = 2633.605 ; gain = 0.000 ; free physical = 2702 ; free virtual = 15736
Writing XDEF routing.
Writing XDEF routing logical nets.
Writing XDEF routing special nets.
Write XDEF Complete: Time (s): cpu = 00:00:04 ; elapsed = 00:00:01 . Memory (MB): peak = 2633.605 ; gain = 0.000 ; free physical = 2680 ; free virtual = 15745
INFO: [Common 17-1381] The checkpoint '/home/christodoulos-zerdalis/Desktop/FFT/v4_radix_4_SDF_bram_adders/fft_bram_adders/fft_bram_adders.runs/impl_2/fft_top_physopt.dcp' has been generated.
write_checkpoint: Time (s): cpu = 00:00:07 ; elapsed = 00:00:06 . Memory (MB): peak = 2633.605 ; gain = 0.000 ; free physical = 2737 ; free virtual = 15752
Command: route_design -directive NoTimingRelaxation
Attempting to get a license for feature 'Implementation' and/or device 'xc7a200t'
INFO: [Common 17-349] Got license for feature 'Implementation' and/or device 'xc7a200t'
INFO: [DRC 23-27] Running DRC with 8 threads
INFO: [Vivado_Tcl 4-198] DRC finished with 0 Errors
INFO: [Vivado_Tcl 4-199] Please refer to the DRC report (report_drc) for more information.
Running DRC as a precondition to command route_design
INFO: [DRC 23-27] Running DRC with 8 threads
INFO: [Vivado_Tcl 4-198] DRC finished with 0 Errors
INFO: [Vivado_Tcl 4-199] Please refer to the DRC report (report_drc) for more information.


Starting Routing Task
INFO: [Route 35-270] Using Router directive 'NoTimingRelaxation'.
INFO: [Route 35-254] Multithreading enabled for route_design using a maximum of 8 CPUs
Checksum: PlaceDB: 2453a1cb ConstDB: 0 ShapeSum: 1f41fa32 RouteDB: 0

Phase 1 Build RT Design
Phase 1 Build RT Design | Checksum: 1973b3db6

Time (s): cpu = 00:00:42 ; elapsed = 00:00:33 . Memory (MB): peak = 2741.254 ; gain = 107.648 ; free physical = 2421 ; free virtual = 15401
Post Restoration Checksum: NetGraph: 9cd44deb NumContArr: fa66efcb Constraints: 0 Timing: 0

Phase 2 Router Initialization

Phase 2.1 Create Timer
Phase 2.1 Create Timer | Checksum: 1973b3db6

Time (s): cpu = 00:00:42 ; elapsed = 00:00:33 . Memory (MB): peak = 2741.254 ; gain = 107.648 ; free physical = 2419 ; free virtual = 15399

Phase 2.2 Fix Topology Constraints
Phase 2.2 Fix Topology Constraints | Checksum: 1973b3db6

Time (s): cpu = 00:00:43 ; elapsed = 00:00:33 . Memory (MB): peak = 2778.250 ; gain = 144.645 ; free physical = 2379 ; free virtual = 15360

Phase 2.3 Pre Route Cleanup
Phase 2.3 Pre Route Cleanup | Checksum: 1973b3db6

Time (s): cpu = 00:00:43 ; elapsed = 00:00:33 . Memory (MB): peak = 2778.250 ; gain = 144.645 ; free physical = 2379 ; free virtual = 15360
 Number of Nodes with overlaps = 0

Phase 2.4 Update Timing
Phase 2.4 Update Timing | Checksum: 1462b8aaf

Time (s): cpu = 00:00:52 ; elapsed = 00:00:37 . Memory (MB): peak = 2849.891 ; gain = 216.285 ; free physical = 2284 ; free virtual = 15243
INFO: [Route 35-416] Intermediate Timing Summary | WNS=-0.587 | TNS=-465.817| WHS=-0.212 | THS=-1134.295|

Phase 2 Router Initialization | Checksum: 12dd6fabe

Time (s): cpu = 00:00:58 ; elapsed = 00:00:38 . Memory (MB): peak = 2849.891 ; gain = 216.285 ; free physical = 2296 ; free virtual = 15256

Phase 3 Initial Routing
Phase 3 Initial Routing | Checksum: 205770c26

Time (s): cpu = 00:01:03 ; elapsed = 00:00:40 . Memory (MB): peak = 2865.883 ; gain = 232.277 ; free physical = 2278 ; free virtual = 15238

Phase 4 Rip-up And Reroute

Phase 4.1 Global Iteration 0
 Number of Nodes with overlaps = 1720
 Number of Nodes with overlaps = 606
 Number of Nodes with overlaps = 281
 Number of Nodes with overlaps = 120
 Number of Nodes with overlaps = 48
 Number of Nodes with overlaps = 12
 Number of Nodes with overlaps = 5
 Number of Nodes with overlaps = 1
 Number of Nodes with overlaps = 0
INFO: [Route 35-416] Intermediate Timing Summary | WNS=-0.662 | TNS=-928.410| WHS=N/A    | THS=N/A    |

Phase 4.1 Global Iteration 0 | Checksum: 1b47f0251

Time (s): cpu = 00:01:27 ; elapsed = 00:00:49 . Memory (MB): peak = 2865.883 ; gain = 232.277 ; free physical = 2519 ; free virtual = 15479

Phase 4.2 Global Iteration 1
 Number of Nodes with overlaps = 8
 Number of Nodes with overlaps = 4
 Number of Nodes with overlaps = 2
 Number of Nodes with overlaps = 0
INFO: [Route 35-416] Intermediate Timing Summary | WNS=-0.662 | TNS=-929.679| WHS=N/A    | THS=N/A    |

Phase 4.2 Global Iteration 1 | Checksum: 14c1688fa

Time (s): cpu = 00:01:29 ; elapsed = 00:00:51 . Memory (MB): peak = 2865.883 ; gain = 232.277 ; free physical = 2524 ; free virtual = 15491
Phase 4 Rip-up And Reroute | Checksum: 14c1688fa

Time (s): cpu = 00:01:29 ; elapsed = 00:00:51 . Memory (MB): peak = 2865.883 ; gain = 232.277 ; free physical = 2524 ; free virtual = 15491

Phase 5 Delay and Skew Optimization

Phase 5.1 Delay CleanUp

Phase 5.1.1 Update Timing
Phase 5.1.1 Update Timing | Checksum: 1b94cec63

Time (s): cpu = 00:01:30 ; elapsed = 00:00:51 . Memory (MB): peak = 2865.883 ; gain = 232.277 ; free physical = 2532 ; free virtual = 15500
INFO: [Route 35-416] Intermediate Timing Summary | WNS=-0.588 | TNS=-551.027| WHS=N/A    | THS=N/A    |

 Number of Nodes with overlaps = 0
Phase 5.1 Delay CleanUp | Checksum: 19d1fbedb

Time (s): cpu = 00:01:31 ; elapsed = 00:00:52 . Memory (MB): peak = 2865.883 ; gain = 232.277 ; free physical = 2519 ; free virtual = 15486

Phase 5.2 Clock Skew Optimization
Phase 5.2 Clock Skew Optimization | Checksum: 19d1fbedb

Time (s): cpu = 00:01:31 ; elapsed = 00:00:52 . Memory (MB): peak = 2865.883 ; gain = 232.277 ; free physical = 2519 ; free virtual = 15486
Phase 5 Delay and Skew Optimization | Checksum: 19d1fbedb

Time (s): cpu = 00:01:31 ; elapsed = 00:00:52 . Memory (MB): peak = 2865.883 ; gain = 232.277 ; free physical = 2519 ; free virtual = 15486

Phase 6 Post Hold Fix

Phase 6.1 Hold Fix Iter

Phase 6.1.1 Update Timing
Phase 6.1.1 Update Timing | Checksum: 1266f1789

Time (s): cpu = 00:01:33 ; elapsed = 00:00:52 . Memory (MB): peak = 2865.883 ; gain = 232.277 ; free physical = 2533 ; free virtual = 15493
INFO: [Route 35-416] Intermediate Timing Summary | WNS=-0.588 | TNS=-551.009| WHS=0.028  | THS=0.000  |

Phase 6.1 Hold Fix Iter | Checksum: 164e278da

Time (s): cpu = 00:01:33 ; elapsed = 00:00:52 . Memory (MB): peak = 2865.883 ; gain = 232.277 ; free physical = 2533 ; free virtual = 15493
Phase 6 Post Hold Fix | Checksum: 164e278da

Time (s): cpu = 00:01:33 ; elapsed = 00:00:52 . Memory (MB): peak = 2865.883 ; gain = 232.277 ; free physical = 2533 ; free virtual = 15493

Phase 7 Timing Verification

Phase 7.1 Update Timing
Phase 7.1 Update Timing | Checksum: 10714a362

Time (s): cpu = 00:01:36 ; elapsed = 00:00:53 . Memory (MB): peak = 2865.883 ; gain = 232.277 ; free physical = 2526 ; free virtual = 15487
INFO: [Route 35-416] Intermediate Timing Summary | WNS=-0.588 | TNS=-551.009| WHS=N/A    | THS=N/A    |

Phase 7 Timing Verification | Checksum: 10714a362

Time (s): cpu = 00:01:36 ; elapsed = 00:00:53 . Memory (MB): peak = 2865.883 ; gain = 232.277 ; free physical = 2526 ; free virtual = 15487

Phase 8 Route finalize

Router Utilization Summary
  Global Vertical Routing Utilization    = 1.92647 %
  Global Horizontal Routing Utilization  = 2.66256 %
  Routable Net Status*
  *Does not include unroutable nets such as driverless and loadless.
  Run report_route_status for detailed report.
  Number of Failed Nets               = 0
  Number of Unrouted Nets             = 0
  Number of Partially Routed Nets     = 0
  Number of Node Overlaps             = 0

Congestion Report
North Dir 1x1 Area, Max Cong = 55.8559%, No Congested Regions.
South Dir 1x1 Area, Max Cong = 58.5586%, No Congested Regions.
East Dir 1x1 Area, Max Cong = 61.7647%, No Congested Regions.
West Dir 1x1 Area, Max Cong = 58.8235%, No Congested Regions.

------------------------------
Reporting congestion hotspots
------------------------------
Direction: North
----------------
Congested clusters found at Level 0
Effective congestion level: 0 Aspect Ratio: 1 Sparse Ratio: 0
Direction: South
----------------
Congested clusters found at Level 0
Effective congestion level: 0 Aspect Ratio: 1 Sparse Ratio: 0
Direction: East
----------------
Congested clusters found at Level 0
Effective congestion level: 0 Aspect Ratio: 1 Sparse Ratio: 0
Direction: West
----------------
Congested clusters found at Level 0
Effective congestion level: 0 Aspect Ratio: 1 Sparse Ratio: 0

Phase 8 Route finalize | Checksum: 10714a362

Time (s): cpu = 00:01:36 ; elapsed = 00:00:53 . Memory (MB): peak = 2865.883 ; gain = 232.277 ; free physical = 2502 ; free virtual = 15493

Phase 9 Verifying routed nets

 Verification completed successfully
Phase 9 Verifying routed nets | Checksum: 10714a362

Time (s): cpu = 00:01:36 ; elapsed = 00:00:53 . Memory (MB): peak = 2865.883 ; gain = 232.277 ; free physical = 2486 ; free virtual = 15486

Phase 10 Depositing Routes
Phase 10 Depositing Routes | Checksum: a3bd2190

Time (s): cpu = 00:01:38 ; elapsed = 00:00:55 . Memory (MB): peak = 2865.883 ; gain = 232.277 ; free physical = 2498 ; free virtual = 15492

Phase 11 Incr Placement Change
Netlist sorting complete. Time (s): cpu = 00:00:00 ; elapsed = 00:00:00.01 . Memory (MB): peak = 2865.883 ; gain = 0.000 ; free physical = 2545 ; free virtual = 15539
INFO: [Place 30-746] Post Placement Timing Summary WNS=-0.480. For the most accurate timing information please run report_timing.
Ending IncrPlace Task | Checksum: 1129501f8

Time (s): cpu = 00:00:37 ; elapsed = 00:00:31 . Memory (MB): peak = 2881.891 ; gain = 16.008 ; free physical = 2599 ; free virtual = 15557
Phase 11 Incr Placement Change | Checksum: a3bd2190

Time (s): cpu = 00:02:15 ; elapsed = 00:01:26 . Memory (MB): peak = 2881.891 ; gain = 248.285 ; free physical = 2598 ; free virtual = 15556

Phase 12 Build RT Design
Phase 12 Build RT Design | Checksum: 308984dd

Time (s): cpu = 00:02:23 ; elapsed = 00:01:34 . Memory (MB): peak = 2881.891 ; gain = 248.285 ; free physical = 2228 ; free virtual = 15185
Post Restoration Checksum: NetGraph: 9b533a74 NumContArr: 996cd741 Constraints: 0 Timing: 0

Phase 13 Router Initialization

Phase 13.1 Create Timer
Phase 13.1 Create Timer | Checksum: 134c011b5

Time (s): cpu = 00:02:24 ; elapsed = 00:01:35 . Memory (MB): peak = 2881.891 ; gain = 248.285 ; free physical = 2183 ; free virtual = 15142

Phase 13.2 Fix Topology Constraints
Phase 13.2 Fix Topology Constraints | Checksum: 134c011b5

Time (s): cpu = 00:02:24 ; elapsed = 00:01:35 . Memory (MB): peak = 2881.891 ; gain = 248.285 ; free physical = 2119 ; free virtual = 15078

Phase 13.3 Pre Route Cleanup
Phase 13.3 Pre Route Cleanup | Checksum: a27f4b29

Time (s): cpu = 00:02:24 ; elapsed = 00:01:35 . Memory (MB): peak = 2881.891 ; gain = 248.285 ; free physical = 2104 ; free virtual = 15063
 Number of Nodes with overlaps = 0

Phase 13.4 Update Timing
Phase 13.4 Update Timing | Checksum: 1bf10adcb

Time (s): cpu = 00:02:36 ; elapsed = 00:01:39 . Memory (MB): peak = 2881.891 ; gain = 248.285 ; free physical = 2086 ; free virtual = 15049
INFO: [Route 35-416] Intermediate Timing Summary | WNS=-0.531 | TNS=-829.250| WHS=-0.212 | THS=-1106.150|

Phase 13 Router Initialization | Checksum: 240d2b4d2

Time (s): cpu = 00:02:42 ; elapsed = 00:01:41 . Memory (MB): peak = 2881.891 ; gain = 248.285 ; free physical = 2074 ; free virtual = 15036

Phase 14 Initial Routing
Phase 14 Initial Routing | Checksum: 123c20369

Time (s): cpu = 00:02:43 ; elapsed = 00:01:42 . Memory (MB): peak = 2881.891 ; gain = 248.285 ; free physical = 2058 ; free virtual = 15020

Phase 15 Rip-up And Reroute

Phase 15.1 Global Iteration 0
 Number of Nodes with overlaps = 561
 Number of Nodes with overlaps = 342
 Number of Nodes with overlaps = 157
 Number of Nodes with overlaps = 111
 Number of Nodes with overlaps = 60
 Number of Nodes with overlaps = 37
 Number of Nodes with overlaps = 16
 Number of Nodes with overlaps = 8
 Number of Nodes with overlaps = 9
 Number of Nodes with overlaps = 5
 Number of Nodes with overlaps = 1
 Number of Nodes with overlaps = 1
 Number of Nodes with overlaps = 0
INFO: [Route 35-416] Intermediate Timing Summary | WNS=-0.583 | TNS=-839.226| WHS=N/A    | THS=N/A    |

Phase 15.1 Global Iteration 0 | Checksum: e4651d79

Time (s): cpu = 00:03:03 ; elapsed = 00:01:53 . Memory (MB): peak = 2881.891 ; gain = 248.285 ; free physical = 1892 ; free virtual = 14854

Phase 15.2 Global Iteration 1
 Number of Nodes with overlaps = 30
 Number of Nodes with overlaps = 21
 Number of Nodes with overlaps = 13
 Number of Nodes with overlaps = 9
 Number of Nodes with overlaps = 2
 Number of Nodes with overlaps = 1
 Number of Nodes with overlaps = 0
INFO: [Route 35-416] Intermediate Timing Summary | WNS=-0.583 | TNS=-820.407| WHS=N/A    | THS=N/A    |

Phase 15.2 Global Iteration 1 | Checksum: 23929ab8f

Time (s): cpu = 00:03:06 ; elapsed = 00:01:56 . Memory (MB): peak = 2881.891 ; gain = 248.285 ; free physical = 2530 ; free virtual = 15489
Phase 15 Rip-up And Reroute | Checksum: 23929ab8f

Time (s): cpu = 00:03:06 ; elapsed = 00:01:56 . Memory (MB): peak = 2881.891 ; gain = 248.285 ; free physical = 2530 ; free virtual = 15488

Phase 16 Delay and Skew Optimization

Phase 16.1 Delay CleanUp

Phase 16.1.1 Update Timing
Phase 16.1.1 Update Timing | Checksum: 1d5e6fe58

Time (s): cpu = 00:03:07 ; elapsed = 00:01:56 . Memory (MB): peak = 2881.891 ; gain = 248.285 ; free physical = 2544 ; free virtual = 15502
INFO: [Route 35-416] Intermediate Timing Summary | WNS=-0.494 | TNS=-482.117| WHS=N/A    | THS=N/A    |

 Number of Nodes with overlaps = 0
Phase 16.1 Delay CleanUp | Checksum: 10b8edf86

Time (s): cpu = 00:03:08 ; elapsed = 00:01:57 . Memory (MB): peak = 2881.891 ; gain = 248.285 ; free physical = 2542 ; free virtual = 15504

Phase 16.2 Clock Skew Optimization
Phase 16.2 Clock Skew Optimization | Checksum: 10b8edf86

Time (s): cpu = 00:03:08 ; elapsed = 00:01:57 . Memory (MB): peak = 2881.891 ; gain = 248.285 ; free physical = 2542 ; free virtual = 15504
Phase 16 Delay and Skew Optimization | Checksum: 10b8edf86

Time (s): cpu = 00:03:08 ; elapsed = 00:01:57 . Memory (MB): peak = 2881.891 ; gain = 248.285 ; free physical = 2542 ; free virtual = 15504

Phase 17 Post Hold Fix

Phase 17.1 Hold Fix Iter

Phase 17.1.1 Update Timing
Phase 17.1.1 Update Timing | Checksum: 16a9ebb5f

Time (s): cpu = 00:03:10 ; elapsed = 00:01:57 . Memory (MB): peak = 2881.891 ; gain = 248.285 ; free physical = 2554 ; free virtual = 15516
INFO: [Route 35-416] Intermediate Timing Summary | WNS=-0.494 | TNS=-478.356| WHS=0.028  | THS=0.000  |

Phase 17.1 Hold Fix Iter | Checksum: 1b660a966

Time (s): cpu = 00:03:10 ; elapsed = 00:01:57 . Memory (MB): peak = 2881.891 ; gain = 248.285 ; free physical = 2554 ; free virtual = 15516
Phase 17 Post Hold Fix | Checksum: 1b660a966

Time (s): cpu = 00:03:10 ; elapsed = 00:01:57 . Memory (MB): peak = 2881.891 ; gain = 248.285 ; free physical = 2550 ; free virtual = 15512

Phase 18 Timing Verification

Phase 18.1 Update Timing
Phase 18.1 Update Timing | Checksum: 13ec58167

Time (s): cpu = 00:03:14 ; elapsed = 00:01:58 . Memory (MB): peak = 2881.891 ; gain = 248.285 ; free physical = 2570 ; free virtual = 15537
INFO: [Route 35-416] Intermediate Timing Summary | WNS=-0.494 | TNS=-478.356| WHS=N/A    | THS=N/A    |

Phase 18 Timing Verification | Checksum: 13ec58167

Time (s): cpu = 00:03:14 ; elapsed = 00:01:58 . Memory (MB): peak = 2881.891 ; gain = 248.285 ; free physical = 2570 ; free virtual = 15537

Phase 19 Route finalize

Router Utilization Summary
  Global Vertical Routing Utilization    = 1.96083 %
  Global Horizontal Routing Utilization  = 2.70879 %
  Routable Net Status*
  *Does not include unroutable nets such as driverless and loadless.
  Run report_route_status for detailed report.
  Number of Failed Nets               = 0
  Number of Unrouted Nets             = 0
  Number of Partially Routed Nets     = 0
  Number of Node Overlaps             = 0

Congestion Report
North Dir 1x1 Area, Max Cong = 54.955%, No Congested Regions.
South Dir 1x1 Area, Max Cong = 58.5586%, No Congested Regions.
East Dir 1x1 Area, Max Cong = 77.9412%, No Congested Regions.
West Dir 1x1 Area, Max Cong = 63.2353%, No Congested Regions.

------------------------------
Reporting congestion hotspots
------------------------------
Direction: North
----------------
Congested clusters found at Level 0
Effective congestion level: 0 Aspect Ratio: 1 Sparse Ratio: 0
Direction: South
----------------
Congested clusters found at Level 0
Effective congestion level: 0 Aspect Ratio: 1 Sparse Ratio: 0
Direction: East
----------------
Congested clusters found at Level 0
Effective congestion level: 0 Aspect Ratio: 1 Sparse Ratio: 0
Direction: West
----------------
Congested clusters found at Level 0
Effective congestion level: 0 Aspect Ratio: 1 Sparse Ratio: 0

Phase 19 Route finalize | Checksum: 13ec58167

Time (s): cpu = 00:03:14 ; elapsed = 00:01:59 . Memory (MB): peak = 2881.891 ; gain = 248.285 ; free physical = 2570 ; free virtual = 15537

Phase 20 Verifying routed nets

 Verification completed successfully
Phase 20 Verifying routed nets | Checksum: 13ec58167

Time (s): cpu = 00:03:14 ; elapsed = 00:01:59 . Memory (MB): peak = 2881.891 ; gain = 248.285 ; free physical = 2570 ; free virtual = 15537

Phase 21 Depositing Routes
Phase 21 Depositing Routes | Checksum: 1613fa198

Time (s): cpu = 00:03:16 ; elapsed = 00:02:00 . Memory (MB): peak = 2881.891 ; gain = 248.285 ; free physical = 2575 ; free virtual = 15542

Phase 22 Post Router Timing
INFO: [Route 35-20] Post Routing Timing Summary | WNS=-0.491 | TNS=-470.654| WHS=0.030  | THS=0.000  |

CRITICAL WARNING: [Route 35-39] The design did not meet timing requirements. Please run report_timing_summary for detailed reports.
Resolution: Verify that the timing was met or had small violations at all previous steps (synthesis, placement, power_opt, and phys_opt). Run report_timing_summary and analyze individual timing paths.
INFO: [Route 35-253] TNS is the sum of the worst slack violation on every endpoint in the design. Review the paths with the biggest WNS violations in the timing reports and modify your constraints or your design to improve both WNS and TNS.
Phase 22 Post Router Timing | Checksum: 14b5bbb34

Time (s): cpu = 00:03:27 ; elapsed = 00:02:03 . Memory (MB): peak = 2881.891 ; gain = 248.285 ; free physical = 2462 ; free virtual = 15422
INFO: [Route 35-16] Router Completed Successfully

Time (s): cpu = 00:03:28 ; elapsed = 00:02:03 . Memory (MB): peak = 2881.891 ; gain = 248.285 ; free physical = 2640 ; free virtual = 15600

Routing Is Done.
INFO: [Common 17-83] Releasing license: Implementation
1196 Infos, 0 Warnings, 2 Critical Warnings and 0 Errors encountered.
route_design completed successfully
route_design: Time (s): cpu = 00:03:31 ; elapsed = 00:02:05 . Memory (MB): peak = 2881.891 ; gain = 248.285 ; free physical = 2640 ; free virtual = 15600
Netlist sorting complete. Time (s): cpu = 00:00:00 ; elapsed = 00:00:00 . Memory (MB): peak = 2881.891 ; gain = 0.000 ; free physical = 2640 ; free virtual = 15600
INFO: [Timing 38-480] Writing timing data to binary archive.
Writing placer database...
Netlist sorting complete. Time (s): cpu = 00:00:00.02 ; elapsed = 00:00:00.01 . Memory (MB): peak = 2881.891 ; gain = 0.000 ; free physical = 2640 ; free virtual = 15612
Writing XDEF routing.
Writing XDEF routing logical nets.
Writing XDEF routing special nets.
Write XDEF Complete: Time (s): cpu = 00:00:05 ; elapsed = 00:00:02 . Memory (MB): peak = 2881.891 ; gain = 0.000 ; free physical = 2562 ; free virtual = 15566
INFO: [Common 17-1381] The checkpoint '/home/christodoulos-zerdalis/Desktop/FFT/v4_radix_4_SDF_bram_adders/fft_bram_adders/fft_bram_adders.runs/impl_2/fft_top_routed.dcp' has been generated.
write_checkpoint: Time (s): cpu = 00:00:09 ; elapsed = 00:00:07 . Memory (MB): peak = 2881.891 ; gain = 0.000 ; free physical = 2310 ; free virtual = 15279
INFO: [runtcl-4] Executing : report_drc -file fft_top_drc_routed.rpt -pb fft_top_drc_routed.pb -rpx fft_top_drc_routed.rpx
Command: report_drc -file fft_top_drc_routed.rpt -pb fft_top_drc_routed.pb -rpx fft_top_drc_routed.rpx
INFO: [IP_Flow 19-1839] IP Catalog is up to date.
INFO: [DRC 23-27] Running DRC with 8 threads
INFO: [Coretcl 2-168] The results of DRC are in file /home/christodoulos-zerdalis/Desktop/FFT/v4_radix_4_SDF_bram_adders/fft_bram_adders/fft_bram_adders.runs/impl_2/fft_top_drc_routed.rpt.
report_drc completed successfully
INFO: [runtcl-4] Executing : report_methodology -file fft_top_methodology_drc_routed.rpt -pb fft_top_methodology_drc_routed.pb -rpx fft_top_methodology_drc_routed.rpx
Command: report_methodology -file fft_top_methodology_drc_routed.rpt -pb fft_top_methodology_drc_routed.pb -rpx fft_top_methodology_drc_routed.rpx
INFO: [Timing 38-35] Done setting XDC timing constraints.
INFO: [DRC 23-133] Running Methodology with 8 threads
INFO: [Coretcl 2-1520] The results of Report Methodology are in file /home/christodoulos-zerdalis/Desktop/FFT/v4_radix_4_SDF_bram_adders/fft_bram_adders/fft_bram_adders.runs/impl_2/fft_top_methodology_drc_routed.rpt.
report_methodology completed successfully
report_methodology: Time (s): cpu = 00:00:19 ; elapsed = 00:00:06 . Memory (MB): peak = 2964.000 ; gain = 0.000 ; free physical = 2131 ; free virtual = 15101
INFO: [runtcl-4] Executing : report_power -file fft_top_power_routed.rpt -pb fft_top_power_summary_routed.pb -rpx fft_top_power_routed.rpx
Command: report_power -file fft_top_power_routed.rpt -pb fft_top_power_summary_routed.pb -rpx fft_top_power_routed.rpx
INFO: [Timing 38-35] Done setting XDC timing constraints.
Running Vector-less Activity Propagation...

Finished Running Vector-less Activity Propagation
1208 Infos, 0 Warnings, 2 Critical Warnings and 0 Errors encountered.
report_power completed successfully
INFO: [runtcl-4] Executing : report_route_status -file fft_top_route_status.rpt -pb fft_top_route_status.pb
INFO: [runtcl-4] Executing : report_timing_summary -max_paths 10 -file fft_top_timing_summary_routed.rpt -pb fft_top_timing_summary_routed.pb -rpx fft_top_timing_summary_routed.rpx -warn_on_violation 
INFO: [Timing 38-91] UpdateTimingParams: Speed grade: -2, Delay Type: min_max.
INFO: [Timing 38-191] Multithreading enabled for timing update using a maximum of 8 CPUs
CRITICAL WARNING: [Timing 38-282] The design failed to meet the timing requirements. Please see the timing summary report for details on the timing violations.
INFO: [runtcl-4] Executing : report_incremental_reuse -file fft_top_incremental_reuse_routed.rpt
INFO: [Vivado_Tcl 4-1062] Incremental flow is disabled. No incremental reuse Info to report.
INFO: [runtcl-4] Executing : report_clock_utilization -file fft_top_clock_utilization_routed.rpt
INFO: [runtcl-4] Executing : report_bus_skew -warn_on_violation -file fft_top_bus_skew_routed.rpt -pb fft_top_bus_skew_routed.pb -rpx fft_top_bus_skew_routed.rpx
INFO: [Timing 38-91] UpdateTimingParams: Speed grade: -2, Delay Type: min_max.
INFO: [Timing 38-191] Multithreading enabled for timing update using a maximum of 8 CPUs
INFO: [Common 17-206] Exiting Vivado at Sun Jun 21 21:10:31 2026...
